$date
	Mon Jun 29 18:52:04 2026
$end
$version
	Icarus Verilog
$end
$timescale
	1ns
$end
$scope module packet_timer_tb $end
$var wire 1 ! pt_timeout_o $end
$var reg 1 " pt_clk_i $end
$var reg 1 # pt_eop_i $end
$var reg 1 $ pt_reset $end
$var reg 1 % pt_sync_i $end
$scope module pt_1 $end
$var wire 1 " pt_clk_i $end
$var wire 1 # pt_eop_i $end
$var wire 1 $ pt_reset $end
$var wire 1 % pt_sync_i $end
$var parameter 14 & PACKET_TIMEOUT $end
$var reg 14 ' pt_count [13:0] $end
$var reg 1 ! pt_timeout_o $end
$var reg 1 ( pt_timer_on $end
$upscope $end
$upscope $end
$enddefinitions $end
$comment Show the parameter values. $end
$dumpall
b10011100010000 &
$end
#0
$dumpvars
0(
b0 '
0%
1$
0#
1"
0!
$end
#1
0"
#2
1"
0$
#3
0"
#4
1(
1"
1%
#5
0"
#6
b1 '
1"
0%
#7
0"
#8
b10 '
1"
#9
0"
#10
b11 '
1"
#11
0"
#12
b100 '
1"
#13
0"
#14
b101 '
1"
#15
0"
#16
b110 '
1"
#17
0"
#18
b111 '
1"
#19
0"
#20
b1000 '
1"
#21
0"
#22
b1001 '
1"
#23
0"
#24
b1010 '
1"
#25
0"
#26
b1011 '
1"
#27
0"
#28
b1100 '
1"
#29
0"
#30
b1101 '
1"
#31
0"
#32
b1110 '
1"
#33
0"
#34
b1111 '
1"
#35
0"
#36
b10000 '
1"
#37
0"
#38
b10001 '
1"
#39
0"
#40
b10010 '
1"
#41
0"
#42
b10011 '
1"
#43
0"
#44
b10100 '
1"
#45
0"
#46
b0 '
0(
1"
1#
#47
0"
#48
1"
0#
#49
0"
#50
1"
#51
0"
#52
1"
#53
0"
#54
1"
#55
0"
#56
1"
#57
0"
#58
1(
1"
1%
#59
0"
#60
b1 '
1"
0%
#61
0"
#62
b10 '
1"
#63
0"
#64
b11 '
1"
#65
0"
#66
b100 '
1"
#67
0"
#68
b101 '
1"
#69
0"
#70
b110 '
1"
#71
0"
#72
b111 '
1"
#73
0"
#74
b1000 '
1"
#75
0"
#76
b1001 '
1"
#77
0"
#78
b1010 '
1"
#79
0"
#80
b1011 '
1"
#81
0"
#82
b1100 '
1"
#83
0"
#84
b1101 '
1"
#85
0"
#86
b1110 '
1"
#87
0"
#88
b1111 '
1"
#89
0"
#90
b10000 '
1"
#91
0"
#92
b10001 '
1"
#93
0"
#94
b10010 '
1"
#95
0"
#96
b10011 '
1"
#97
0"
#98
b10100 '
1"
#99
0"
#100
b10101 '
1"
#101
0"
#102
b10110 '
1"
#103
0"
#104
b10111 '
1"
#105
0"
#106
b11000 '
1"
#107
0"
#108
b11001 '
1"
#109
0"
#110
b11010 '
1"
#111
0"
#112
b11011 '
1"
#113
0"
#114
b11100 '
1"
#115
0"
#116
b11101 '
1"
#117
0"
#118
b11110 '
1"
#119
0"
#120
b11111 '
1"
#121
0"
#122
b100000 '
1"
#123
0"
#124
b100001 '
1"
#125
0"
#126
b100010 '
1"
#127
0"
#128
b100011 '
1"
#129
0"
#130
b100100 '
1"
#131
0"
#132
b100101 '
1"
#133
0"
#134
b100110 '
1"
#135
0"
#136
b100111 '
1"
#137
0"
#138
b101000 '
1"
#139
0"
#140
b101001 '
1"
#141
0"
#142
b101010 '
1"
#143
0"
#144
b101011 '
1"
#145
0"
#146
b101100 '
1"
#147
0"
#148
b101101 '
1"
#149
0"
#150
b101110 '
1"
#151
0"
#152
b101111 '
1"
#153
0"
#154
b110000 '
1"
#155
0"
#156
b110001 '
1"
#157
0"
#158
b110010 '
1"
#159
0"
#160
b110011 '
1"
#161
0"
#162
b110100 '
1"
#163
0"
#164
b110101 '
1"
#165
0"
#166
b110110 '
1"
#167
0"
#168
b110111 '
1"
#169
0"
#170
b111000 '
1"
#171
0"
#172
b111001 '
1"
#173
0"
#174
b111010 '
1"
#175
0"
#176
b111011 '
1"
#177
0"
#178
b111100 '
1"
#179
0"
#180
b111101 '
1"
#181
0"
#182
b111110 '
1"
#183
0"
#184
b111111 '
1"
#185
0"
#186
b1000000 '
1"
#187
0"
#188
b1000001 '
1"
#189
0"
#190
b1000010 '
1"
#191
0"
#192
b1000011 '
1"
#193
0"
#194
b1000100 '
1"
#195
0"
#196
b1000101 '
1"
#197
0"
#198
b1000110 '
1"
#199
0"
#200
b1000111 '
1"
#201
0"
#202
b1001000 '
1"
#203
0"
#204
b1001001 '
1"
#205
0"
#206
b1001010 '
1"
#207
0"
#208
b1001011 '
1"
#209
0"
#210
b1001100 '
1"
#211
0"
#212
b1001101 '
1"
#213
0"
#214
b1001110 '
1"
#215
0"
#216
b1001111 '
1"
#217
0"
#218
b1010000 '
1"
#219
0"
#220
b1010001 '
1"
#221
0"
#222
b1010010 '
1"
#223
0"
#224
b1010011 '
1"
#225
0"
#226
b1010100 '
1"
#227
0"
#228
b1010101 '
1"
#229
0"
#230
b1010110 '
1"
#231
0"
#232
b1010111 '
1"
#233
0"
#234
b1011000 '
1"
#235
0"
#236
b1011001 '
1"
#237
0"
#238
b1011010 '
1"
#239
0"
#240
b1011011 '
1"
#241
0"
#242
b1011100 '
1"
#243
0"
#244
b1011101 '
1"
#245
0"
#246
b1011110 '
1"
#247
0"
#248
b1011111 '
1"
#249
0"
#250
b1100000 '
1"
#251
0"
#252
b1100001 '
1"
#253
0"
#254
b1100010 '
1"
#255
0"
#256
b1100011 '
1"
#257
0"
#258
b1100100 '
1"
#259
0"
#260
b1100101 '
1"
#261
0"
#262
b1100110 '
1"
#263
0"
#264
b1100111 '
1"
#265
0"
#266
b1101000 '
1"
#267
0"
#268
b1101001 '
1"
#269
0"
#270
b1101010 '
1"
#271
0"
#272
b1101011 '
1"
#273
0"
#274
b1101100 '
1"
#275
0"
#276
b1101101 '
1"
#277
0"
#278
b1101110 '
1"
#279
0"
#280
b1101111 '
1"
#281
0"
#282
b1110000 '
1"
#283
0"
#284
b1110001 '
1"
#285
0"
#286
b1110010 '
1"
#287
0"
#288
b1110011 '
1"
#289
0"
#290
b1110100 '
1"
#291
0"
#292
b1110101 '
1"
#293
0"
#294
b1110110 '
1"
#295
0"
#296
b1110111 '
1"
#297
0"
#298
b1111000 '
1"
#299
0"
#300
b1111001 '
1"
#301
0"
#302
b1111010 '
1"
#303
0"
#304
b1111011 '
1"
#305
0"
#306
b1111100 '
1"
#307
0"
#308
b1111101 '
1"
#309
0"
#310
b1111110 '
1"
#311
0"
#312
b1111111 '
1"
#313
0"
#314
b10000000 '
1"
#315
0"
#316
b10000001 '
1"
#317
0"
#318
b10000010 '
1"
#319
0"
#320
b10000011 '
1"
#321
0"
#322
b10000100 '
1"
#323
0"
#324
b10000101 '
1"
#325
0"
#326
b10000110 '
1"
#327
0"
#328
b10000111 '
1"
#329
0"
#330
b10001000 '
1"
#331
0"
#332
b10001001 '
1"
#333
0"
#334
b10001010 '
1"
#335
0"
#336
b10001011 '
1"
#337
0"
#338
b10001100 '
1"
#339
0"
#340
b10001101 '
1"
#341
0"
#342
b10001110 '
1"
#343
0"
#344
b10001111 '
1"
#345
0"
#346
b10010000 '
1"
#347
0"
#348
b10010001 '
1"
#349
0"
#350
b10010010 '
1"
#351
0"
#352
b10010011 '
1"
#353
0"
#354
b10010100 '
1"
#355
0"
#356
b10010101 '
1"
#357
0"
#358
b10010110 '
1"
#359
0"
#360
b10010111 '
1"
#361
0"
#362
b10011000 '
1"
#363
0"
#364
b10011001 '
1"
#365
0"
#366
b10011010 '
1"
#367
0"
#368
b10011011 '
1"
#369
0"
#370
b10011100 '
1"
#371
0"
#372
b10011101 '
1"
#373
0"
#374
b10011110 '
1"
#375
0"
#376
b10011111 '
1"
#377
0"
#378
b10100000 '
1"
#379
0"
#380
b10100001 '
1"
#381
0"
#382
b10100010 '
1"
#383
0"
#384
b10100011 '
1"
#385
0"
#386
b10100100 '
1"
#387
0"
#388
b10100101 '
1"
#389
0"
#390
b10100110 '
1"
#391
0"
#392
b10100111 '
1"
#393
0"
#394
b10101000 '
1"
#395
0"
#396
b10101001 '
1"
#397
0"
#398
b10101010 '
1"
#399
0"
#400
b10101011 '
1"
#401
0"
#402
b10101100 '
1"
#403
0"
#404
b10101101 '
1"
#405
0"
#406
b10101110 '
1"
#407
0"
#408
b10101111 '
1"
#409
0"
#410
b10110000 '
1"
#411
0"
#412
b10110001 '
1"
#413
0"
#414
b10110010 '
1"
#415
0"
#416
b10110011 '
1"
#417
0"
#418
b10110100 '
1"
#419
0"
#420
b10110101 '
1"
#421
0"
#422
b10110110 '
1"
#423
0"
#424
b10110111 '
1"
#425
0"
#426
b10111000 '
1"
#427
0"
#428
b10111001 '
1"
#429
0"
#430
b10111010 '
1"
#431
0"
#432
b10111011 '
1"
#433
0"
#434
b10111100 '
1"
#435
0"
#436
b10111101 '
1"
#437
0"
#438
b10111110 '
1"
#439
0"
#440
b10111111 '
1"
#441
0"
#442
b11000000 '
1"
#443
0"
#444
b11000001 '
1"
#445
0"
#446
b11000010 '
1"
#447
0"
#448
b11000011 '
1"
#449
0"
#450
b11000100 '
1"
#451
0"
#452
b11000101 '
1"
#453
0"
#454
b11000110 '
1"
#455
0"
#456
b11000111 '
1"
#457
0"
#458
b11001000 '
1"
#459
0"
#460
b11001001 '
1"
#461
0"
#462
b11001010 '
1"
#463
0"
#464
b11001011 '
1"
#465
0"
#466
b11001100 '
1"
#467
0"
#468
b11001101 '
1"
#469
0"
#470
b11001110 '
1"
#471
0"
#472
b11001111 '
1"
#473
0"
#474
b11010000 '
1"
#475
0"
#476
b11010001 '
1"
#477
0"
#478
b11010010 '
1"
#479
0"
#480
b11010011 '
1"
#481
0"
#482
b11010100 '
1"
#483
0"
#484
b11010101 '
1"
#485
0"
#486
b11010110 '
1"
#487
0"
#488
b11010111 '
1"
#489
0"
#490
b11011000 '
1"
#491
0"
#492
b11011001 '
1"
#493
0"
#494
b11011010 '
1"
#495
0"
#496
b11011011 '
1"
#497
0"
#498
b11011100 '
1"
#499
0"
#500
b11011101 '
1"
#501
0"
#502
b11011110 '
1"
#503
0"
#504
b11011111 '
1"
#505
0"
#506
b11100000 '
1"
#507
0"
#508
b11100001 '
1"
#509
0"
#510
b11100010 '
1"
#511
0"
#512
b11100011 '
1"
#513
0"
#514
b11100100 '
1"
#515
0"
#516
b11100101 '
1"
#517
0"
#518
b11100110 '
1"
#519
0"
#520
b11100111 '
1"
#521
0"
#522
b11101000 '
1"
#523
0"
#524
b11101001 '
1"
#525
0"
#526
b11101010 '
1"
#527
0"
#528
b11101011 '
1"
#529
0"
#530
b11101100 '
1"
#531
0"
#532
b11101101 '
1"
#533
0"
#534
b11101110 '
1"
#535
0"
#536
b11101111 '
1"
#537
0"
#538
b11110000 '
1"
#539
0"
#540
b11110001 '
1"
#541
0"
#542
b11110010 '
1"
#543
0"
#544
b11110011 '
1"
#545
0"
#546
b11110100 '
1"
#547
0"
#548
b11110101 '
1"
#549
0"
#550
b11110110 '
1"
#551
0"
#552
b11110111 '
1"
#553
0"
#554
b11111000 '
1"
#555
0"
#556
b11111001 '
1"
#557
0"
#558
b11111010 '
1"
#559
0"
#560
b11111011 '
1"
#561
0"
#562
b11111100 '
1"
#563
0"
#564
b11111101 '
1"
#565
0"
#566
b11111110 '
1"
#567
0"
#568
b11111111 '
1"
#569
0"
#570
b100000000 '
1"
#571
0"
#572
b100000001 '
1"
#573
0"
#574
b100000010 '
1"
#575
0"
#576
b100000011 '
1"
#577
0"
#578
b100000100 '
1"
#579
0"
#580
b100000101 '
1"
#581
0"
#582
b100000110 '
1"
#583
0"
#584
b100000111 '
1"
#585
0"
#586
b100001000 '
1"
#587
0"
#588
b100001001 '
1"
#589
0"
#590
b100001010 '
1"
#591
0"
#592
b100001011 '
1"
#593
0"
#594
b100001100 '
1"
#595
0"
#596
b100001101 '
1"
#597
0"
#598
b100001110 '
1"
#599
0"
#600
b100001111 '
1"
#601
0"
#602
b100010000 '
1"
#603
0"
#604
b100010001 '
1"
#605
0"
#606
b100010010 '
1"
#607
0"
#608
b100010011 '
1"
#609
0"
#610
b100010100 '
1"
#611
0"
#612
b100010101 '
1"
#613
0"
#614
b100010110 '
1"
#615
0"
#616
b100010111 '
1"
#617
0"
#618
b100011000 '
1"
#619
0"
#620
b100011001 '
1"
#621
0"
#622
b100011010 '
1"
#623
0"
#624
b100011011 '
1"
#625
0"
#626
b100011100 '
1"
#627
0"
#628
b100011101 '
1"
#629
0"
#630
b100011110 '
1"
#631
0"
#632
b100011111 '
1"
#633
0"
#634
b100100000 '
1"
#635
0"
#636
b100100001 '
1"
#637
0"
#638
b100100010 '
1"
#639
0"
#640
b100100011 '
1"
#641
0"
#642
b100100100 '
1"
#643
0"
#644
b100100101 '
1"
#645
0"
#646
b100100110 '
1"
#647
0"
#648
b100100111 '
1"
#649
0"
#650
b100101000 '
1"
#651
0"
#652
b100101001 '
1"
#653
0"
#654
b100101010 '
1"
#655
0"
#656
b100101011 '
1"
#657
0"
#658
b100101100 '
1"
#659
0"
#660
b100101101 '
1"
#661
0"
#662
b100101110 '
1"
#663
0"
#664
b100101111 '
1"
#665
0"
#666
b100110000 '
1"
#667
0"
#668
b100110001 '
1"
#669
0"
#670
b100110010 '
1"
#671
0"
#672
b100110011 '
1"
#673
0"
#674
b100110100 '
1"
#675
0"
#676
b100110101 '
1"
#677
0"
#678
b100110110 '
1"
#679
0"
#680
b100110111 '
1"
#681
0"
#682
b100111000 '
1"
#683
0"
#684
b100111001 '
1"
#685
0"
#686
b100111010 '
1"
#687
0"
#688
b100111011 '
1"
#689
0"
#690
b100111100 '
1"
#691
0"
#692
b100111101 '
1"
#693
0"
#694
b100111110 '
1"
#695
0"
#696
b100111111 '
1"
#697
0"
#698
b101000000 '
1"
#699
0"
#700
b101000001 '
1"
#701
0"
#702
b101000010 '
1"
#703
0"
#704
b101000011 '
1"
#705
0"
#706
b101000100 '
1"
#707
0"
#708
b101000101 '
1"
#709
0"
#710
b101000110 '
1"
#711
0"
#712
b101000111 '
1"
#713
0"
#714
b101001000 '
1"
#715
0"
#716
b101001001 '
1"
#717
0"
#718
b101001010 '
1"
#719
0"
#720
b101001011 '
1"
#721
0"
#722
b101001100 '
1"
#723
0"
#724
b101001101 '
1"
#725
0"
#726
b101001110 '
1"
#727
0"
#728
b101001111 '
1"
#729
0"
#730
b101010000 '
1"
#731
0"
#732
b101010001 '
1"
#733
0"
#734
b101010010 '
1"
#735
0"
#736
b101010011 '
1"
#737
0"
#738
b101010100 '
1"
#739
0"
#740
b101010101 '
1"
#741
0"
#742
b101010110 '
1"
#743
0"
#744
b101010111 '
1"
#745
0"
#746
b101011000 '
1"
#747
0"
#748
b101011001 '
1"
#749
0"
#750
b101011010 '
1"
#751
0"
#752
b101011011 '
1"
#753
0"
#754
b101011100 '
1"
#755
0"
#756
b101011101 '
1"
#757
0"
#758
b101011110 '
1"
#759
0"
#760
b101011111 '
1"
#761
0"
#762
b101100000 '
1"
#763
0"
#764
b101100001 '
1"
#765
0"
#766
b101100010 '
1"
#767
0"
#768
b101100011 '
1"
#769
0"
#770
b101100100 '
1"
#771
0"
#772
b101100101 '
1"
#773
0"
#774
b101100110 '
1"
#775
0"
#776
b101100111 '
1"
#777
0"
#778
b101101000 '
1"
#779
0"
#780
b101101001 '
1"
#781
0"
#782
b101101010 '
1"
#783
0"
#784
b101101011 '
1"
#785
0"
#786
b101101100 '
1"
#787
0"
#788
b101101101 '
1"
#789
0"
#790
b101101110 '
1"
#791
0"
#792
b101101111 '
1"
#793
0"
#794
b101110000 '
1"
#795
0"
#796
b101110001 '
1"
#797
0"
#798
b101110010 '
1"
#799
0"
#800
b101110011 '
1"
#801
0"
#802
b101110100 '
1"
#803
0"
#804
b101110101 '
1"
#805
0"
#806
b101110110 '
1"
#807
0"
#808
b101110111 '
1"
#809
0"
#810
b101111000 '
1"
#811
0"
#812
b101111001 '
1"
#813
0"
#814
b101111010 '
1"
#815
0"
#816
b101111011 '
1"
#817
0"
#818
b101111100 '
1"
#819
0"
#820
b101111101 '
1"
#821
0"
#822
b101111110 '
1"
#823
0"
#824
b101111111 '
1"
#825
0"
#826
b110000000 '
1"
#827
0"
#828
b110000001 '
1"
#829
0"
#830
b110000010 '
1"
#831
0"
#832
b110000011 '
1"
#833
0"
#834
b110000100 '
1"
#835
0"
#836
b110000101 '
1"
#837
0"
#838
b110000110 '
1"
#839
0"
#840
b110000111 '
1"
#841
0"
#842
b110001000 '
1"
#843
0"
#844
b110001001 '
1"
#845
0"
#846
b110001010 '
1"
#847
0"
#848
b110001011 '
1"
#849
0"
#850
b110001100 '
1"
#851
0"
#852
b110001101 '
1"
#853
0"
#854
b110001110 '
1"
#855
0"
#856
b110001111 '
1"
#857
0"
#858
b110010000 '
1"
#859
0"
#860
b110010001 '
1"
#861
0"
#862
b110010010 '
1"
#863
0"
#864
b110010011 '
1"
#865
0"
#866
b110010100 '
1"
#867
0"
#868
b110010101 '
1"
#869
0"
#870
b110010110 '
1"
#871
0"
#872
b110010111 '
1"
#873
0"
#874
b110011000 '
1"
#875
0"
#876
b110011001 '
1"
#877
0"
#878
b110011010 '
1"
#879
0"
#880
b110011011 '
1"
#881
0"
#882
b110011100 '
1"
#883
0"
#884
b110011101 '
1"
#885
0"
#886
b110011110 '
1"
#887
0"
#888
b110011111 '
1"
#889
0"
#890
b110100000 '
1"
#891
0"
#892
b110100001 '
1"
#893
0"
#894
b110100010 '
1"
#895
0"
#896
b110100011 '
1"
#897
0"
#898
b110100100 '
1"
#899
0"
#900
b110100101 '
1"
#901
0"
#902
b110100110 '
1"
#903
0"
#904
b110100111 '
1"
#905
0"
#906
b110101000 '
1"
#907
0"
#908
b110101001 '
1"
#909
0"
#910
b110101010 '
1"
#911
0"
#912
b110101011 '
1"
#913
0"
#914
b110101100 '
1"
#915
0"
#916
b110101101 '
1"
#917
0"
#918
b110101110 '
1"
#919
0"
#920
b110101111 '
1"
#921
0"
#922
b110110000 '
1"
#923
0"
#924
b110110001 '
1"
#925
0"
#926
b110110010 '
1"
#927
0"
#928
b110110011 '
1"
#929
0"
#930
b110110100 '
1"
#931
0"
#932
b110110101 '
1"
#933
0"
#934
b110110110 '
1"
#935
0"
#936
b110110111 '
1"
#937
0"
#938
b110111000 '
1"
#939
0"
#940
b110111001 '
1"
#941
0"
#942
b110111010 '
1"
#943
0"
#944
b110111011 '
1"
#945
0"
#946
b110111100 '
1"
#947
0"
#948
b110111101 '
1"
#949
0"
#950
b110111110 '
1"
#951
0"
#952
b110111111 '
1"
#953
0"
#954
b111000000 '
1"
#955
0"
#956
b111000001 '
1"
#957
0"
#958
b111000010 '
1"
#959
0"
#960
b111000011 '
1"
#961
0"
#962
b111000100 '
1"
#963
0"
#964
b111000101 '
1"
#965
0"
#966
b111000110 '
1"
#967
0"
#968
b111000111 '
1"
#969
0"
#970
b111001000 '
1"
#971
0"
#972
b111001001 '
1"
#973
0"
#974
b111001010 '
1"
#975
0"
#976
b111001011 '
1"
#977
0"
#978
b111001100 '
1"
#979
0"
#980
b111001101 '
1"
#981
0"
#982
b111001110 '
1"
#983
0"
#984
b111001111 '
1"
#985
0"
#986
b111010000 '
1"
#987
0"
#988
b111010001 '
1"
#989
0"
#990
b111010010 '
1"
#991
0"
#992
b111010011 '
1"
#993
0"
#994
b111010100 '
1"
#995
0"
#996
b111010101 '
1"
#997
0"
#998
b111010110 '
1"
#999
0"
#1000
b111010111 '
1"
#1001
0"
#1002
b111011000 '
1"
#1003
0"
#1004
b111011001 '
1"
#1005
0"
#1006
b111011010 '
1"
#1007
0"
#1008
b111011011 '
1"
#1009
0"
#1010
b111011100 '
1"
#1011
0"
#1012
b111011101 '
1"
#1013
0"
#1014
b111011110 '
1"
#1015
0"
#1016
b111011111 '
1"
#1017
0"
#1018
b111100000 '
1"
#1019
0"
#1020
b111100001 '
1"
#1021
0"
#1022
b111100010 '
1"
#1023
0"
#1024
b111100011 '
1"
#1025
0"
#1026
b111100100 '
1"
#1027
0"
#1028
b111100101 '
1"
#1029
0"
#1030
b111100110 '
1"
#1031
0"
#1032
b111100111 '
1"
#1033
0"
#1034
b111101000 '
1"
#1035
0"
#1036
b111101001 '
1"
#1037
0"
#1038
b111101010 '
1"
#1039
0"
#1040
b111101011 '
1"
#1041
0"
#1042
b111101100 '
1"
#1043
0"
#1044
b111101101 '
1"
#1045
0"
#1046
b111101110 '
1"
#1047
0"
#1048
b111101111 '
1"
#1049
0"
#1050
b111110000 '
1"
#1051
0"
#1052
b111110001 '
1"
#1053
0"
#1054
b111110010 '
1"
#1055
0"
#1056
b111110011 '
1"
#1057
0"
#1058
b111110100 '
1"
#1059
0"
#1060
b111110101 '
1"
#1061
0"
#1062
b111110110 '
1"
#1063
0"
#1064
b111110111 '
1"
#1065
0"
#1066
b111111000 '
1"
#1067
0"
#1068
b111111001 '
1"
#1069
0"
#1070
b111111010 '
1"
#1071
0"
#1072
b111111011 '
1"
#1073
0"
#1074
b111111100 '
1"
#1075
0"
#1076
b111111101 '
1"
#1077
0"
#1078
b111111110 '
1"
#1079
0"
#1080
b111111111 '
1"
#1081
0"
#1082
b1000000000 '
1"
#1083
0"
#1084
b1000000001 '
1"
#1085
0"
#1086
b1000000010 '
1"
#1087
0"
#1088
b1000000011 '
1"
#1089
0"
#1090
b1000000100 '
1"
#1091
0"
#1092
b1000000101 '
1"
#1093
0"
#1094
b1000000110 '
1"
#1095
0"
#1096
b1000000111 '
1"
#1097
0"
#1098
b1000001000 '
1"
#1099
0"
#1100
b1000001001 '
1"
#1101
0"
#1102
b1000001010 '
1"
#1103
0"
#1104
b1000001011 '
1"
#1105
0"
#1106
b1000001100 '
1"
#1107
0"
#1108
b1000001101 '
1"
#1109
0"
#1110
b1000001110 '
1"
#1111
0"
#1112
b1000001111 '
1"
#1113
0"
#1114
b1000010000 '
1"
#1115
0"
#1116
b1000010001 '
1"
#1117
0"
#1118
b1000010010 '
1"
#1119
0"
#1120
b1000010011 '
1"
#1121
0"
#1122
b1000010100 '
1"
#1123
0"
#1124
b1000010101 '
1"
#1125
0"
#1126
b1000010110 '
1"
#1127
0"
#1128
b1000010111 '
1"
#1129
0"
#1130
b1000011000 '
1"
#1131
0"
#1132
b1000011001 '
1"
#1133
0"
#1134
b1000011010 '
1"
#1135
0"
#1136
b1000011011 '
1"
#1137
0"
#1138
b1000011100 '
1"
#1139
0"
#1140
b1000011101 '
1"
#1141
0"
#1142
b1000011110 '
1"
#1143
0"
#1144
b1000011111 '
1"
#1145
0"
#1146
b1000100000 '
1"
#1147
0"
#1148
b1000100001 '
1"
#1149
0"
#1150
b1000100010 '
1"
#1151
0"
#1152
b1000100011 '
1"
#1153
0"
#1154
b1000100100 '
1"
#1155
0"
#1156
b1000100101 '
1"
#1157
0"
#1158
b1000100110 '
1"
#1159
0"
#1160
b1000100111 '
1"
#1161
0"
#1162
b1000101000 '
1"
#1163
0"
#1164
b1000101001 '
1"
#1165
0"
#1166
b1000101010 '
1"
#1167
0"
#1168
b1000101011 '
1"
#1169
0"
#1170
b1000101100 '
1"
#1171
0"
#1172
b1000101101 '
1"
#1173
0"
#1174
b1000101110 '
1"
#1175
0"
#1176
b1000101111 '
1"
#1177
0"
#1178
b1000110000 '
1"
#1179
0"
#1180
b1000110001 '
1"
#1181
0"
#1182
b1000110010 '
1"
#1183
0"
#1184
b1000110011 '
1"
#1185
0"
#1186
b1000110100 '
1"
#1187
0"
#1188
b1000110101 '
1"
#1189
0"
#1190
b1000110110 '
1"
#1191
0"
#1192
b1000110111 '
1"
#1193
0"
#1194
b1000111000 '
1"
#1195
0"
#1196
b1000111001 '
1"
#1197
0"
#1198
b1000111010 '
1"
#1199
0"
#1200
b1000111011 '
1"
#1201
0"
#1202
b1000111100 '
1"
#1203
0"
#1204
b1000111101 '
1"
#1205
0"
#1206
b1000111110 '
1"
#1207
0"
#1208
b1000111111 '
1"
#1209
0"
#1210
b1001000000 '
1"
#1211
0"
#1212
b1001000001 '
1"
#1213
0"
#1214
b1001000010 '
1"
#1215
0"
#1216
b1001000011 '
1"
#1217
0"
#1218
b1001000100 '
1"
#1219
0"
#1220
b1001000101 '
1"
#1221
0"
#1222
b1001000110 '
1"
#1223
0"
#1224
b1001000111 '
1"
#1225
0"
#1226
b1001001000 '
1"
#1227
0"
#1228
b1001001001 '
1"
#1229
0"
#1230
b1001001010 '
1"
#1231
0"
#1232
b1001001011 '
1"
#1233
0"
#1234
b1001001100 '
1"
#1235
0"
#1236
b1001001101 '
1"
#1237
0"
#1238
b1001001110 '
1"
#1239
0"
#1240
b1001001111 '
1"
#1241
0"
#1242
b1001010000 '
1"
#1243
0"
#1244
b1001010001 '
1"
#1245
0"
#1246
b1001010010 '
1"
#1247
0"
#1248
b1001010011 '
1"
#1249
0"
#1250
b1001010100 '
1"
#1251
0"
#1252
b1001010101 '
1"
#1253
0"
#1254
b1001010110 '
1"
#1255
0"
#1256
b1001010111 '
1"
#1257
0"
#1258
b1001011000 '
1"
#1259
0"
#1260
b1001011001 '
1"
#1261
0"
#1262
b1001011010 '
1"
#1263
0"
#1264
b1001011011 '
1"
#1265
0"
#1266
b1001011100 '
1"
#1267
0"
#1268
b1001011101 '
1"
#1269
0"
#1270
b1001011110 '
1"
#1271
0"
#1272
b1001011111 '
1"
#1273
0"
#1274
b1001100000 '
1"
#1275
0"
#1276
b1001100001 '
1"
#1277
0"
#1278
b1001100010 '
1"
#1279
0"
#1280
b1001100011 '
1"
#1281
0"
#1282
b1001100100 '
1"
#1283
0"
#1284
b1001100101 '
1"
#1285
0"
#1286
b1001100110 '
1"
#1287
0"
#1288
b1001100111 '
1"
#1289
0"
#1290
b1001101000 '
1"
#1291
0"
#1292
b1001101001 '
1"
#1293
0"
#1294
b1001101010 '
1"
#1295
0"
#1296
b1001101011 '
1"
#1297
0"
#1298
b1001101100 '
1"
#1299
0"
#1300
b1001101101 '
1"
#1301
0"
#1302
b1001101110 '
1"
#1303
0"
#1304
b1001101111 '
1"
#1305
0"
#1306
b1001110000 '
1"
#1307
0"
#1308
b1001110001 '
1"
#1309
0"
#1310
b1001110010 '
1"
#1311
0"
#1312
b1001110011 '
1"
#1313
0"
#1314
b1001110100 '
1"
#1315
0"
#1316
b1001110101 '
1"
#1317
0"
#1318
b1001110110 '
1"
#1319
0"
#1320
b1001110111 '
1"
#1321
0"
#1322
b1001111000 '
1"
#1323
0"
#1324
b1001111001 '
1"
#1325
0"
#1326
b1001111010 '
1"
#1327
0"
#1328
b1001111011 '
1"
#1329
0"
#1330
b1001111100 '
1"
#1331
0"
#1332
b1001111101 '
1"
#1333
0"
#1334
b1001111110 '
1"
#1335
0"
#1336
b1001111111 '
1"
#1337
0"
#1338
b1010000000 '
1"
#1339
0"
#1340
b1010000001 '
1"
#1341
0"
#1342
b1010000010 '
1"
#1343
0"
#1344
b1010000011 '
1"
#1345
0"
#1346
b1010000100 '
1"
#1347
0"
#1348
b1010000101 '
1"
#1349
0"
#1350
b1010000110 '
1"
#1351
0"
#1352
b1010000111 '
1"
#1353
0"
#1354
b1010001000 '
1"
#1355
0"
#1356
b1010001001 '
1"
#1357
0"
#1358
b1010001010 '
1"
#1359
0"
#1360
b1010001011 '
1"
#1361
0"
#1362
b1010001100 '
1"
#1363
0"
#1364
b1010001101 '
1"
#1365
0"
#1366
b1010001110 '
1"
#1367
0"
#1368
b1010001111 '
1"
#1369
0"
#1370
b1010010000 '
1"
#1371
0"
#1372
b1010010001 '
1"
#1373
0"
#1374
b1010010010 '
1"
#1375
0"
#1376
b1010010011 '
1"
#1377
0"
#1378
b1010010100 '
1"
#1379
0"
#1380
b1010010101 '
1"
#1381
0"
#1382
b1010010110 '
1"
#1383
0"
#1384
b1010010111 '
1"
#1385
0"
#1386
b1010011000 '
1"
#1387
0"
#1388
b1010011001 '
1"
#1389
0"
#1390
b1010011010 '
1"
#1391
0"
#1392
b1010011011 '
1"
#1393
0"
#1394
b1010011100 '
1"
#1395
0"
#1396
b1010011101 '
1"
#1397
0"
#1398
b1010011110 '
1"
#1399
0"
#1400
b1010011111 '
1"
#1401
0"
#1402
b1010100000 '
1"
#1403
0"
#1404
b1010100001 '
1"
#1405
0"
#1406
b1010100010 '
1"
#1407
0"
#1408
b1010100011 '
1"
#1409
0"
#1410
b1010100100 '
1"
#1411
0"
#1412
b1010100101 '
1"
#1413
0"
#1414
b1010100110 '
1"
#1415
0"
#1416
b1010100111 '
1"
#1417
0"
#1418
b1010101000 '
1"
#1419
0"
#1420
b1010101001 '
1"
#1421
0"
#1422
b1010101010 '
1"
#1423
0"
#1424
b1010101011 '
1"
#1425
0"
#1426
b1010101100 '
1"
#1427
0"
#1428
b1010101101 '
1"
#1429
0"
#1430
b1010101110 '
1"
#1431
0"
#1432
b1010101111 '
1"
#1433
0"
#1434
b1010110000 '
1"
#1435
0"
#1436
b1010110001 '
1"
#1437
0"
#1438
b1010110010 '
1"
#1439
0"
#1440
b1010110011 '
1"
#1441
0"
#1442
b1010110100 '
1"
#1443
0"
#1444
b1010110101 '
1"
#1445
0"
#1446
b1010110110 '
1"
#1447
0"
#1448
b1010110111 '
1"
#1449
0"
#1450
b1010111000 '
1"
#1451
0"
#1452
b1010111001 '
1"
#1453
0"
#1454
b1010111010 '
1"
#1455
0"
#1456
b1010111011 '
1"
#1457
0"
#1458
b1010111100 '
1"
#1459
0"
#1460
b1010111101 '
1"
#1461
0"
#1462
b1010111110 '
1"
#1463
0"
#1464
b1010111111 '
1"
#1465
0"
#1466
b1011000000 '
1"
#1467
0"
#1468
b1011000001 '
1"
#1469
0"
#1470
b1011000010 '
1"
#1471
0"
#1472
b1011000011 '
1"
#1473
0"
#1474
b1011000100 '
1"
#1475
0"
#1476
b1011000101 '
1"
#1477
0"
#1478
b1011000110 '
1"
#1479
0"
#1480
b1011000111 '
1"
#1481
0"
#1482
b1011001000 '
1"
#1483
0"
#1484
b1011001001 '
1"
#1485
0"
#1486
b1011001010 '
1"
#1487
0"
#1488
b1011001011 '
1"
#1489
0"
#1490
b1011001100 '
1"
#1491
0"
#1492
b1011001101 '
1"
#1493
0"
#1494
b1011001110 '
1"
#1495
0"
#1496
b1011001111 '
1"
#1497
0"
#1498
b1011010000 '
1"
#1499
0"
#1500
b1011010001 '
1"
#1501
0"
#1502
b1011010010 '
1"
#1503
0"
#1504
b1011010011 '
1"
#1505
0"
#1506
b1011010100 '
1"
#1507
0"
#1508
b1011010101 '
1"
#1509
0"
#1510
b1011010110 '
1"
#1511
0"
#1512
b1011010111 '
1"
#1513
0"
#1514
b1011011000 '
1"
#1515
0"
#1516
b1011011001 '
1"
#1517
0"
#1518
b1011011010 '
1"
#1519
0"
#1520
b1011011011 '
1"
#1521
0"
#1522
b1011011100 '
1"
#1523
0"
#1524
b1011011101 '
1"
#1525
0"
#1526
b1011011110 '
1"
#1527
0"
#1528
b1011011111 '
1"
#1529
0"
#1530
b1011100000 '
1"
#1531
0"
#1532
b1011100001 '
1"
#1533
0"
#1534
b1011100010 '
1"
#1535
0"
#1536
b1011100011 '
1"
#1537
0"
#1538
b1011100100 '
1"
#1539
0"
#1540
b1011100101 '
1"
#1541
0"
#1542
b1011100110 '
1"
#1543
0"
#1544
b1011100111 '
1"
#1545
0"
#1546
b1011101000 '
1"
#1547
0"
#1548
b1011101001 '
1"
#1549
0"
#1550
b1011101010 '
1"
#1551
0"
#1552
b1011101011 '
1"
#1553
0"
#1554
b1011101100 '
1"
#1555
0"
#1556
b1011101101 '
1"
#1557
0"
#1558
b1011101110 '
1"
#1559
0"
#1560
b1011101111 '
1"
#1561
0"
#1562
b1011110000 '
1"
#1563
0"
#1564
b1011110001 '
1"
#1565
0"
#1566
b1011110010 '
1"
#1567
0"
#1568
b1011110011 '
1"
#1569
0"
#1570
b1011110100 '
1"
#1571
0"
#1572
b1011110101 '
1"
#1573
0"
#1574
b1011110110 '
1"
#1575
0"
#1576
b1011110111 '
1"
#1577
0"
#1578
b1011111000 '
1"
#1579
0"
#1580
b1011111001 '
1"
#1581
0"
#1582
b1011111010 '
1"
#1583
0"
#1584
b1011111011 '
1"
#1585
0"
#1586
b1011111100 '
1"
#1587
0"
#1588
b1011111101 '
1"
#1589
0"
#1590
b1011111110 '
1"
#1591
0"
#1592
b1011111111 '
1"
#1593
0"
#1594
b1100000000 '
1"
#1595
0"
#1596
b1100000001 '
1"
#1597
0"
#1598
b1100000010 '
1"
#1599
0"
#1600
b1100000011 '
1"
#1601
0"
#1602
b1100000100 '
1"
#1603
0"
#1604
b1100000101 '
1"
#1605
0"
#1606
b1100000110 '
1"
#1607
0"
#1608
b1100000111 '
1"
#1609
0"
#1610
b1100001000 '
1"
#1611
0"
#1612
b1100001001 '
1"
#1613
0"
#1614
b1100001010 '
1"
#1615
0"
#1616
b1100001011 '
1"
#1617
0"
#1618
b1100001100 '
1"
#1619
0"
#1620
b1100001101 '
1"
#1621
0"
#1622
b1100001110 '
1"
#1623
0"
#1624
b1100001111 '
1"
#1625
0"
#1626
b1100010000 '
1"
#1627
0"
#1628
b1100010001 '
1"
#1629
0"
#1630
b1100010010 '
1"
#1631
0"
#1632
b1100010011 '
1"
#1633
0"
#1634
b1100010100 '
1"
#1635
0"
#1636
b1100010101 '
1"
#1637
0"
#1638
b1100010110 '
1"
#1639
0"
#1640
b1100010111 '
1"
#1641
0"
#1642
b1100011000 '
1"
#1643
0"
#1644
b1100011001 '
1"
#1645
0"
#1646
b1100011010 '
1"
#1647
0"
#1648
b1100011011 '
1"
#1649
0"
#1650
b1100011100 '
1"
#1651
0"
#1652
b1100011101 '
1"
#1653
0"
#1654
b1100011110 '
1"
#1655
0"
#1656
b1100011111 '
1"
#1657
0"
#1658
b1100100000 '
1"
#1659
0"
#1660
b1100100001 '
1"
#1661
0"
#1662
b1100100010 '
1"
#1663
0"
#1664
b1100100011 '
1"
#1665
0"
#1666
b1100100100 '
1"
#1667
0"
#1668
b1100100101 '
1"
#1669
0"
#1670
b1100100110 '
1"
#1671
0"
#1672
b1100100111 '
1"
#1673
0"
#1674
b1100101000 '
1"
#1675
0"
#1676
b1100101001 '
1"
#1677
0"
#1678
b1100101010 '
1"
#1679
0"
#1680
b1100101011 '
1"
#1681
0"
#1682
b1100101100 '
1"
#1683
0"
#1684
b1100101101 '
1"
#1685
0"
#1686
b1100101110 '
1"
#1687
0"
#1688
b1100101111 '
1"
#1689
0"
#1690
b1100110000 '
1"
#1691
0"
#1692
b1100110001 '
1"
#1693
0"
#1694
b1100110010 '
1"
#1695
0"
#1696
b1100110011 '
1"
#1697
0"
#1698
b1100110100 '
1"
#1699
0"
#1700
b1100110101 '
1"
#1701
0"
#1702
b1100110110 '
1"
#1703
0"
#1704
b1100110111 '
1"
#1705
0"
#1706
b1100111000 '
1"
#1707
0"
#1708
b1100111001 '
1"
#1709
0"
#1710
b1100111010 '
1"
#1711
0"
#1712
b1100111011 '
1"
#1713
0"
#1714
b1100111100 '
1"
#1715
0"
#1716
b1100111101 '
1"
#1717
0"
#1718
b1100111110 '
1"
#1719
0"
#1720
b1100111111 '
1"
#1721
0"
#1722
b1101000000 '
1"
#1723
0"
#1724
b1101000001 '
1"
#1725
0"
#1726
b1101000010 '
1"
#1727
0"
#1728
b1101000011 '
1"
#1729
0"
#1730
b1101000100 '
1"
#1731
0"
#1732
b1101000101 '
1"
#1733
0"
#1734
b1101000110 '
1"
#1735
0"
#1736
b1101000111 '
1"
#1737
0"
#1738
b1101001000 '
1"
#1739
0"
#1740
b1101001001 '
1"
#1741
0"
#1742
b1101001010 '
1"
#1743
0"
#1744
b1101001011 '
1"
#1745
0"
#1746
b1101001100 '
1"
#1747
0"
#1748
b1101001101 '
1"
#1749
0"
#1750
b1101001110 '
1"
#1751
0"
#1752
b1101001111 '
1"
#1753
0"
#1754
b1101010000 '
1"
#1755
0"
#1756
b1101010001 '
1"
#1757
0"
#1758
b1101010010 '
1"
#1759
0"
#1760
b1101010011 '
1"
#1761
0"
#1762
b1101010100 '
1"
#1763
0"
#1764
b1101010101 '
1"
#1765
0"
#1766
b1101010110 '
1"
#1767
0"
#1768
b1101010111 '
1"
#1769
0"
#1770
b1101011000 '
1"
#1771
0"
#1772
b1101011001 '
1"
#1773
0"
#1774
b1101011010 '
1"
#1775
0"
#1776
b1101011011 '
1"
#1777
0"
#1778
b1101011100 '
1"
#1779
0"
#1780
b1101011101 '
1"
#1781
0"
#1782
b1101011110 '
1"
#1783
0"
#1784
b1101011111 '
1"
#1785
0"
#1786
b1101100000 '
1"
#1787
0"
#1788
b1101100001 '
1"
#1789
0"
#1790
b1101100010 '
1"
#1791
0"
#1792
b1101100011 '
1"
#1793
0"
#1794
b1101100100 '
1"
#1795
0"
#1796
b1101100101 '
1"
#1797
0"
#1798
b1101100110 '
1"
#1799
0"
#1800
b1101100111 '
1"
#1801
0"
#1802
b1101101000 '
1"
#1803
0"
#1804
b1101101001 '
1"
#1805
0"
#1806
b1101101010 '
1"
#1807
0"
#1808
b1101101011 '
1"
#1809
0"
#1810
b1101101100 '
1"
#1811
0"
#1812
b1101101101 '
1"
#1813
0"
#1814
b1101101110 '
1"
#1815
0"
#1816
b1101101111 '
1"
#1817
0"
#1818
b1101110000 '
1"
#1819
0"
#1820
b1101110001 '
1"
#1821
0"
#1822
b1101110010 '
1"
#1823
0"
#1824
b1101110011 '
1"
#1825
0"
#1826
b1101110100 '
1"
#1827
0"
#1828
b1101110101 '
1"
#1829
0"
#1830
b1101110110 '
1"
#1831
0"
#1832
b1101110111 '
1"
#1833
0"
#1834
b1101111000 '
1"
#1835
0"
#1836
b1101111001 '
1"
#1837
0"
#1838
b1101111010 '
1"
#1839
0"
#1840
b1101111011 '
1"
#1841
0"
#1842
b1101111100 '
1"
#1843
0"
#1844
b1101111101 '
1"
#1845
0"
#1846
b1101111110 '
1"
#1847
0"
#1848
b1101111111 '
1"
#1849
0"
#1850
b1110000000 '
1"
#1851
0"
#1852
b1110000001 '
1"
#1853
0"
#1854
b1110000010 '
1"
#1855
0"
#1856
b1110000011 '
1"
#1857
0"
#1858
b1110000100 '
1"
#1859
0"
#1860
b1110000101 '
1"
#1861
0"
#1862
b1110000110 '
1"
#1863
0"
#1864
b1110000111 '
1"
#1865
0"
#1866
b1110001000 '
1"
#1867
0"
#1868
b1110001001 '
1"
#1869
0"
#1870
b1110001010 '
1"
#1871
0"
#1872
b1110001011 '
1"
#1873
0"
#1874
b1110001100 '
1"
#1875
0"
#1876
b1110001101 '
1"
#1877
0"
#1878
b1110001110 '
1"
#1879
0"
#1880
b1110001111 '
1"
#1881
0"
#1882
b1110010000 '
1"
#1883
0"
#1884
b1110010001 '
1"
#1885
0"
#1886
b1110010010 '
1"
#1887
0"
#1888
b1110010011 '
1"
#1889
0"
#1890
b1110010100 '
1"
#1891
0"
#1892
b1110010101 '
1"
#1893
0"
#1894
b1110010110 '
1"
#1895
0"
#1896
b1110010111 '
1"
#1897
0"
#1898
b1110011000 '
1"
#1899
0"
#1900
b1110011001 '
1"
#1901
0"
#1902
b1110011010 '
1"
#1903
0"
#1904
b1110011011 '
1"
#1905
0"
#1906
b1110011100 '
1"
#1907
0"
#1908
b1110011101 '
1"
#1909
0"
#1910
b1110011110 '
1"
#1911
0"
#1912
b1110011111 '
1"
#1913
0"
#1914
b1110100000 '
1"
#1915
0"
#1916
b1110100001 '
1"
#1917
0"
#1918
b1110100010 '
1"
#1919
0"
#1920
b1110100011 '
1"
#1921
0"
#1922
b1110100100 '
1"
#1923
0"
#1924
b1110100101 '
1"
#1925
0"
#1926
b1110100110 '
1"
#1927
0"
#1928
b1110100111 '
1"
#1929
0"
#1930
b1110101000 '
1"
#1931
0"
#1932
b1110101001 '
1"
#1933
0"
#1934
b1110101010 '
1"
#1935
0"
#1936
b1110101011 '
1"
#1937
0"
#1938
b1110101100 '
1"
#1939
0"
#1940
b1110101101 '
1"
#1941
0"
#1942
b1110101110 '
1"
#1943
0"
#1944
b1110101111 '
1"
#1945
0"
#1946
b1110110000 '
1"
#1947
0"
#1948
b1110110001 '
1"
#1949
0"
#1950
b1110110010 '
1"
#1951
0"
#1952
b1110110011 '
1"
#1953
0"
#1954
b1110110100 '
1"
#1955
0"
#1956
b1110110101 '
1"
#1957
0"
#1958
b1110110110 '
1"
#1959
0"
#1960
b1110110111 '
1"
#1961
0"
#1962
b1110111000 '
1"
#1963
0"
#1964
b1110111001 '
1"
#1965
0"
#1966
b1110111010 '
1"
#1967
0"
#1968
b1110111011 '
1"
#1969
0"
#1970
b1110111100 '
1"
#1971
0"
#1972
b1110111101 '
1"
#1973
0"
#1974
b1110111110 '
1"
#1975
0"
#1976
b1110111111 '
1"
#1977
0"
#1978
b1111000000 '
1"
#1979
0"
#1980
b1111000001 '
1"
#1981
0"
#1982
b1111000010 '
1"
#1983
0"
#1984
b1111000011 '
1"
#1985
0"
#1986
b1111000100 '
1"
#1987
0"
#1988
b1111000101 '
1"
#1989
0"
#1990
b1111000110 '
1"
#1991
0"
#1992
b1111000111 '
1"
#1993
0"
#1994
b1111001000 '
1"
#1995
0"
#1996
b1111001001 '
1"
#1997
0"
#1998
b1111001010 '
1"
#1999
0"
#2000
b1111001011 '
1"
#2001
0"
#2002
b1111001100 '
1"
#2003
0"
#2004
b1111001101 '
1"
#2005
0"
#2006
b1111001110 '
1"
#2007
0"
#2008
b1111001111 '
1"
#2009
0"
#2010
b1111010000 '
1"
#2011
0"
#2012
b1111010001 '
1"
#2013
0"
#2014
b1111010010 '
1"
#2015
0"
#2016
b1111010011 '
1"
#2017
0"
#2018
b1111010100 '
1"
#2019
0"
#2020
b1111010101 '
1"
#2021
0"
#2022
b1111010110 '
1"
#2023
0"
#2024
b1111010111 '
1"
#2025
0"
#2026
b1111011000 '
1"
#2027
0"
#2028
b1111011001 '
1"
#2029
0"
#2030
b1111011010 '
1"
#2031
0"
#2032
b1111011011 '
1"
#2033
0"
#2034
b1111011100 '
1"
#2035
0"
#2036
b1111011101 '
1"
#2037
0"
#2038
b1111011110 '
1"
#2039
0"
#2040
b1111011111 '
1"
#2041
0"
#2042
b1111100000 '
1"
#2043
0"
#2044
b1111100001 '
1"
#2045
0"
#2046
b1111100010 '
1"
#2047
0"
#2048
b1111100011 '
1"
#2049
0"
#2050
b1111100100 '
1"
#2051
0"
#2052
b1111100101 '
1"
#2053
0"
#2054
b1111100110 '
1"
#2055
0"
#2056
b1111100111 '
1"
#2057
0"
#2058
b1111101000 '
1"
#2059
0"
#2060
b1111101001 '
1"
#2061
0"
#2062
b1111101010 '
1"
#2063
0"
#2064
b1111101011 '
1"
#2065
0"
#2066
b1111101100 '
1"
#2067
0"
#2068
b1111101101 '
1"
#2069
0"
#2070
b1111101110 '
1"
#2071
0"
#2072
b1111101111 '
1"
#2073
0"
#2074
b1111110000 '
1"
#2075
0"
#2076
b1111110001 '
1"
#2077
0"
#2078
b1111110010 '
1"
#2079
0"
#2080
b1111110011 '
1"
#2081
0"
#2082
b1111110100 '
1"
#2083
0"
#2084
b1111110101 '
1"
#2085
0"
#2086
b1111110110 '
1"
#2087
0"
#2088
b1111110111 '
1"
#2089
0"
#2090
b1111111000 '
1"
#2091
0"
#2092
b1111111001 '
1"
#2093
0"
#2094
b1111111010 '
1"
#2095
0"
#2096
b1111111011 '
1"
#2097
0"
#2098
b1111111100 '
1"
#2099
0"
#2100
b1111111101 '
1"
#2101
0"
#2102
b1111111110 '
1"
#2103
0"
#2104
b1111111111 '
1"
#2105
0"
#2106
b10000000000 '
1"
#2107
0"
#2108
b10000000001 '
1"
#2109
0"
#2110
b10000000010 '
1"
#2111
0"
#2112
b10000000011 '
1"
#2113
0"
#2114
b10000000100 '
1"
#2115
0"
#2116
b10000000101 '
1"
#2117
0"
#2118
b10000000110 '
1"
#2119
0"
#2120
b10000000111 '
1"
#2121
0"
#2122
b10000001000 '
1"
#2123
0"
#2124
b10000001001 '
1"
#2125
0"
#2126
b10000001010 '
1"
#2127
0"
#2128
b10000001011 '
1"
#2129
0"
#2130
b10000001100 '
1"
#2131
0"
#2132
b10000001101 '
1"
#2133
0"
#2134
b10000001110 '
1"
#2135
0"
#2136
b10000001111 '
1"
#2137
0"
#2138
b10000010000 '
1"
#2139
0"
#2140
b10000010001 '
1"
#2141
0"
#2142
b10000010010 '
1"
#2143
0"
#2144
b10000010011 '
1"
#2145
0"
#2146
b10000010100 '
1"
#2147
0"
#2148
b10000010101 '
1"
#2149
0"
#2150
b10000010110 '
1"
#2151
0"
#2152
b10000010111 '
1"
#2153
0"
#2154
b10000011000 '
1"
#2155
0"
#2156
b10000011001 '
1"
#2157
0"
#2158
b10000011010 '
1"
#2159
0"
#2160
b10000011011 '
1"
#2161
0"
#2162
b10000011100 '
1"
#2163
0"
#2164
b10000011101 '
1"
#2165
0"
#2166
b10000011110 '
1"
#2167
0"
#2168
b10000011111 '
1"
#2169
0"
#2170
b10000100000 '
1"
#2171
0"
#2172
b10000100001 '
1"
#2173
0"
#2174
b10000100010 '
1"
#2175
0"
#2176
b10000100011 '
1"
#2177
0"
#2178
b10000100100 '
1"
#2179
0"
#2180
b10000100101 '
1"
#2181
0"
#2182
b10000100110 '
1"
#2183
0"
#2184
b10000100111 '
1"
#2185
0"
#2186
b10000101000 '
1"
#2187
0"
#2188
b10000101001 '
1"
#2189
0"
#2190
b10000101010 '
1"
#2191
0"
#2192
b10000101011 '
1"
#2193
0"
#2194
b10000101100 '
1"
#2195
0"
#2196
b10000101101 '
1"
#2197
0"
#2198
b10000101110 '
1"
#2199
0"
#2200
b10000101111 '
1"
#2201
0"
#2202
b10000110000 '
1"
#2203
0"
#2204
b10000110001 '
1"
#2205
0"
#2206
b10000110010 '
1"
#2207
0"
#2208
b10000110011 '
1"
#2209
0"
#2210
b10000110100 '
1"
#2211
0"
#2212
b10000110101 '
1"
#2213
0"
#2214
b10000110110 '
1"
#2215
0"
#2216
b10000110111 '
1"
#2217
0"
#2218
b10000111000 '
1"
#2219
0"
#2220
b10000111001 '
1"
#2221
0"
#2222
b10000111010 '
1"
#2223
0"
#2224
b10000111011 '
1"
#2225
0"
#2226
b10000111100 '
1"
#2227
0"
#2228
b10000111101 '
1"
#2229
0"
#2230
b10000111110 '
1"
#2231
0"
#2232
b10000111111 '
1"
#2233
0"
#2234
b10001000000 '
1"
#2235
0"
#2236
b10001000001 '
1"
#2237
0"
#2238
b10001000010 '
1"
#2239
0"
#2240
b10001000011 '
1"
#2241
0"
#2242
b10001000100 '
1"
#2243
0"
#2244
b10001000101 '
1"
#2245
0"
#2246
b10001000110 '
1"
#2247
0"
#2248
b10001000111 '
1"
#2249
0"
#2250
b10001001000 '
1"
#2251
0"
#2252
b10001001001 '
1"
#2253
0"
#2254
b10001001010 '
1"
#2255
0"
#2256
b10001001011 '
1"
#2257
0"
#2258
b10001001100 '
1"
#2259
0"
#2260
b10001001101 '
1"
#2261
0"
#2262
b10001001110 '
1"
#2263
0"
#2264
b10001001111 '
1"
#2265
0"
#2266
b10001010000 '
1"
#2267
0"
#2268
b10001010001 '
1"
#2269
0"
#2270
b10001010010 '
1"
#2271
0"
#2272
b10001010011 '
1"
#2273
0"
#2274
b10001010100 '
1"
#2275
0"
#2276
b10001010101 '
1"
#2277
0"
#2278
b10001010110 '
1"
#2279
0"
#2280
b10001010111 '
1"
#2281
0"
#2282
b10001011000 '
1"
#2283
0"
#2284
b10001011001 '
1"
#2285
0"
#2286
b10001011010 '
1"
#2287
0"
#2288
b10001011011 '
1"
#2289
0"
#2290
b10001011100 '
1"
#2291
0"
#2292
b10001011101 '
1"
#2293
0"
#2294
b10001011110 '
1"
#2295
0"
#2296
b10001011111 '
1"
#2297
0"
#2298
b10001100000 '
1"
#2299
0"
#2300
b10001100001 '
1"
#2301
0"
#2302
b10001100010 '
1"
#2303
0"
#2304
b10001100011 '
1"
#2305
0"
#2306
b10001100100 '
1"
#2307
0"
#2308
b10001100101 '
1"
#2309
0"
#2310
b10001100110 '
1"
#2311
0"
#2312
b10001100111 '
1"
#2313
0"
#2314
b10001101000 '
1"
#2315
0"
#2316
b10001101001 '
1"
#2317
0"
#2318
b10001101010 '
1"
#2319
0"
#2320
b10001101011 '
1"
#2321
0"
#2322
b10001101100 '
1"
#2323
0"
#2324
b10001101101 '
1"
#2325
0"
#2326
b10001101110 '
1"
#2327
0"
#2328
b10001101111 '
1"
#2329
0"
#2330
b10001110000 '
1"
#2331
0"
#2332
b10001110001 '
1"
#2333
0"
#2334
b10001110010 '
1"
#2335
0"
#2336
b10001110011 '
1"
#2337
0"
#2338
b10001110100 '
1"
#2339
0"
#2340
b10001110101 '
1"
#2341
0"
#2342
b10001110110 '
1"
#2343
0"
#2344
b10001110111 '
1"
#2345
0"
#2346
b10001111000 '
1"
#2347
0"
#2348
b10001111001 '
1"
#2349
0"
#2350
b10001111010 '
1"
#2351
0"
#2352
b10001111011 '
1"
#2353
0"
#2354
b10001111100 '
1"
#2355
0"
#2356
b10001111101 '
1"
#2357
0"
#2358
b10001111110 '
1"
#2359
0"
#2360
b10001111111 '
1"
#2361
0"
#2362
b10010000000 '
1"
#2363
0"
#2364
b10010000001 '
1"
#2365
0"
#2366
b10010000010 '
1"
#2367
0"
#2368
b10010000011 '
1"
#2369
0"
#2370
b10010000100 '
1"
#2371
0"
#2372
b10010000101 '
1"
#2373
0"
#2374
b10010000110 '
1"
#2375
0"
#2376
b10010000111 '
1"
#2377
0"
#2378
b10010001000 '
1"
#2379
0"
#2380
b10010001001 '
1"
#2381
0"
#2382
b10010001010 '
1"
#2383
0"
#2384
b10010001011 '
1"
#2385
0"
#2386
b10010001100 '
1"
#2387
0"
#2388
b10010001101 '
1"
#2389
0"
#2390
b10010001110 '
1"
#2391
0"
#2392
b10010001111 '
1"
#2393
0"
#2394
b10010010000 '
1"
#2395
0"
#2396
b10010010001 '
1"
#2397
0"
#2398
b10010010010 '
1"
#2399
0"
#2400
b10010010011 '
1"
#2401
0"
#2402
b10010010100 '
1"
#2403
0"
#2404
b10010010101 '
1"
#2405
0"
#2406
b10010010110 '
1"
#2407
0"
#2408
b10010010111 '
1"
#2409
0"
#2410
b10010011000 '
1"
#2411
0"
#2412
b10010011001 '
1"
#2413
0"
#2414
b10010011010 '
1"
#2415
0"
#2416
b10010011011 '
1"
#2417
0"
#2418
b10010011100 '
1"
#2419
0"
#2420
b10010011101 '
1"
#2421
0"
#2422
b10010011110 '
1"
#2423
0"
#2424
b10010011111 '
1"
#2425
0"
#2426
b10010100000 '
1"
#2427
0"
#2428
b10010100001 '
1"
#2429
0"
#2430
b10010100010 '
1"
#2431
0"
#2432
b10010100011 '
1"
#2433
0"
#2434
b10010100100 '
1"
#2435
0"
#2436
b10010100101 '
1"
#2437
0"
#2438
b10010100110 '
1"
#2439
0"
#2440
b10010100111 '
1"
#2441
0"
#2442
b10010101000 '
1"
#2443
0"
#2444
b10010101001 '
1"
#2445
0"
#2446
b10010101010 '
1"
#2447
0"
#2448
b10010101011 '
1"
#2449
0"
#2450
b10010101100 '
1"
#2451
0"
#2452
b10010101101 '
1"
#2453
0"
#2454
b10010101110 '
1"
#2455
0"
#2456
b10010101111 '
1"
#2457
0"
#2458
b10010110000 '
1"
#2459
0"
#2460
b10010110001 '
1"
#2461
0"
#2462
b10010110010 '
1"
#2463
0"
#2464
b10010110011 '
1"
#2465
0"
#2466
b10010110100 '
1"
#2467
0"
#2468
b10010110101 '
1"
#2469
0"
#2470
b10010110110 '
1"
#2471
0"
#2472
b10010110111 '
1"
#2473
0"
#2474
b10010111000 '
1"
#2475
0"
#2476
b10010111001 '
1"
#2477
0"
#2478
b10010111010 '
1"
#2479
0"
#2480
b10010111011 '
1"
#2481
0"
#2482
b10010111100 '
1"
#2483
0"
#2484
b10010111101 '
1"
#2485
0"
#2486
b10010111110 '
1"
#2487
0"
#2488
b10010111111 '
1"
#2489
0"
#2490
b10011000000 '
1"
#2491
0"
#2492
b10011000001 '
1"
#2493
0"
#2494
b10011000010 '
1"
#2495
0"
#2496
b10011000011 '
1"
#2497
0"
#2498
b10011000100 '
1"
#2499
0"
#2500
b10011000101 '
1"
#2501
0"
#2502
b10011000110 '
1"
#2503
0"
#2504
b10011000111 '
1"
#2505
0"
#2506
b10011001000 '
1"
#2507
0"
#2508
b10011001001 '
1"
#2509
0"
#2510
b10011001010 '
1"
#2511
0"
#2512
b10011001011 '
1"
#2513
0"
#2514
b10011001100 '
1"
#2515
0"
#2516
b10011001101 '
1"
#2517
0"
#2518
b10011001110 '
1"
#2519
0"
#2520
b10011001111 '
1"
#2521
0"
#2522
b10011010000 '
1"
#2523
0"
#2524
b10011010001 '
1"
#2525
0"
#2526
b10011010010 '
1"
#2527
0"
#2528
b10011010011 '
1"
#2529
0"
#2530
b10011010100 '
1"
#2531
0"
#2532
b10011010101 '
1"
#2533
0"
#2534
b10011010110 '
1"
#2535
0"
#2536
b10011010111 '
1"
#2537
0"
#2538
b10011011000 '
1"
#2539
0"
#2540
b10011011001 '
1"
#2541
0"
#2542
b10011011010 '
1"
#2543
0"
#2544
b10011011011 '
1"
#2545
0"
#2546
b10011011100 '
1"
#2547
0"
#2548
b10011011101 '
1"
#2549
0"
#2550
b10011011110 '
1"
#2551
0"
#2552
b10011011111 '
1"
#2553
0"
#2554
b10011100000 '
1"
#2555
0"
#2556
b10011100001 '
1"
#2557
0"
#2558
b10011100010 '
1"
#2559
0"
#2560
b10011100011 '
1"
#2561
0"
#2562
b10011100100 '
1"
#2563
0"
#2564
b10011100101 '
1"
#2565
0"
#2566
b10011100110 '
1"
#2567
0"
#2568
b10011100111 '
1"
#2569
0"
#2570
b10011101000 '
1"
#2571
0"
#2572
b10011101001 '
1"
#2573
0"
#2574
b10011101010 '
1"
#2575
0"
#2576
b10011101011 '
1"
#2577
0"
#2578
b10011101100 '
1"
#2579
0"
#2580
b10011101101 '
1"
#2581
0"
#2582
b10011101110 '
1"
#2583
0"
#2584
b10011101111 '
1"
#2585
0"
#2586
b10011110000 '
1"
#2587
0"
#2588
b10011110001 '
1"
#2589
0"
#2590
b10011110010 '
1"
#2591
0"
#2592
b10011110011 '
1"
#2593
0"
#2594
b10011110100 '
1"
#2595
0"
#2596
b10011110101 '
1"
#2597
0"
#2598
b10011110110 '
1"
#2599
0"
#2600
b10011110111 '
1"
#2601
0"
#2602
b10011111000 '
1"
#2603
0"
#2604
b10011111001 '
1"
#2605
0"
#2606
b10011111010 '
1"
#2607
0"
#2608
b10011111011 '
1"
#2609
0"
#2610
b10011111100 '
1"
#2611
0"
#2612
b10011111101 '
1"
#2613
0"
#2614
b10011111110 '
1"
#2615
0"
#2616
b10011111111 '
1"
#2617
0"
#2618
b10100000000 '
1"
#2619
0"
#2620
b10100000001 '
1"
#2621
0"
#2622
b10100000010 '
1"
#2623
0"
#2624
b10100000011 '
1"
#2625
0"
#2626
b10100000100 '
1"
#2627
0"
#2628
b10100000101 '
1"
#2629
0"
#2630
b10100000110 '
1"
#2631
0"
#2632
b10100000111 '
1"
#2633
0"
#2634
b10100001000 '
1"
#2635
0"
#2636
b10100001001 '
1"
#2637
0"
#2638
b10100001010 '
1"
#2639
0"
#2640
b10100001011 '
1"
#2641
0"
#2642
b10100001100 '
1"
#2643
0"
#2644
b10100001101 '
1"
#2645
0"
#2646
b10100001110 '
1"
#2647
0"
#2648
b10100001111 '
1"
#2649
0"
#2650
b10100010000 '
1"
#2651
0"
#2652
b10100010001 '
1"
#2653
0"
#2654
b10100010010 '
1"
#2655
0"
#2656
b10100010011 '
1"
#2657
0"
#2658
b10100010100 '
1"
#2659
0"
#2660
b10100010101 '
1"
#2661
0"
#2662
b10100010110 '
1"
#2663
0"
#2664
b10100010111 '
1"
#2665
0"
#2666
b10100011000 '
1"
#2667
0"
#2668
b10100011001 '
1"
#2669
0"
#2670
b10100011010 '
1"
#2671
0"
#2672
b10100011011 '
1"
#2673
0"
#2674
b10100011100 '
1"
#2675
0"
#2676
b10100011101 '
1"
#2677
0"
#2678
b10100011110 '
1"
#2679
0"
#2680
b10100011111 '
1"
#2681
0"
#2682
b10100100000 '
1"
#2683
0"
#2684
b10100100001 '
1"
#2685
0"
#2686
b10100100010 '
1"
#2687
0"
#2688
b10100100011 '
1"
#2689
0"
#2690
b10100100100 '
1"
#2691
0"
#2692
b10100100101 '
1"
#2693
0"
#2694
b10100100110 '
1"
#2695
0"
#2696
b10100100111 '
1"
#2697
0"
#2698
b10100101000 '
1"
#2699
0"
#2700
b10100101001 '
1"
#2701
0"
#2702
b10100101010 '
1"
#2703
0"
#2704
b10100101011 '
1"
#2705
0"
#2706
b10100101100 '
1"
#2707
0"
#2708
b10100101101 '
1"
#2709
0"
#2710
b10100101110 '
1"
#2711
0"
#2712
b10100101111 '
1"
#2713
0"
#2714
b10100110000 '
1"
#2715
0"
#2716
b10100110001 '
1"
#2717
0"
#2718
b10100110010 '
1"
#2719
0"
#2720
b10100110011 '
1"
#2721
0"
#2722
b10100110100 '
1"
#2723
0"
#2724
b10100110101 '
1"
#2725
0"
#2726
b10100110110 '
1"
#2727
0"
#2728
b10100110111 '
1"
#2729
0"
#2730
b10100111000 '
1"
#2731
0"
#2732
b10100111001 '
1"
#2733
0"
#2734
b10100111010 '
1"
#2735
0"
#2736
b10100111011 '
1"
#2737
0"
#2738
b10100111100 '
1"
#2739
0"
#2740
b10100111101 '
1"
#2741
0"
#2742
b10100111110 '
1"
#2743
0"
#2744
b10100111111 '
1"
#2745
0"
#2746
b10101000000 '
1"
#2747
0"
#2748
b10101000001 '
1"
#2749
0"
#2750
b10101000010 '
1"
#2751
0"
#2752
b10101000011 '
1"
#2753
0"
#2754
b10101000100 '
1"
#2755
0"
#2756
b10101000101 '
1"
#2757
0"
#2758
b10101000110 '
1"
#2759
0"
#2760
b10101000111 '
1"
#2761
0"
#2762
b10101001000 '
1"
#2763
0"
#2764
b10101001001 '
1"
#2765
0"
#2766
b10101001010 '
1"
#2767
0"
#2768
b10101001011 '
1"
#2769
0"
#2770
b10101001100 '
1"
#2771
0"
#2772
b10101001101 '
1"
#2773
0"
#2774
b10101001110 '
1"
#2775
0"
#2776
b10101001111 '
1"
#2777
0"
#2778
b10101010000 '
1"
#2779
0"
#2780
b10101010001 '
1"
#2781
0"
#2782
b10101010010 '
1"
#2783
0"
#2784
b10101010011 '
1"
#2785
0"
#2786
b10101010100 '
1"
#2787
0"
#2788
b10101010101 '
1"
#2789
0"
#2790
b10101010110 '
1"
#2791
0"
#2792
b10101010111 '
1"
#2793
0"
#2794
b10101011000 '
1"
#2795
0"
#2796
b10101011001 '
1"
#2797
0"
#2798
b10101011010 '
1"
#2799
0"
#2800
b10101011011 '
1"
#2801
0"
#2802
b10101011100 '
1"
#2803
0"
#2804
b10101011101 '
1"
#2805
0"
#2806
b10101011110 '
1"
#2807
0"
#2808
b10101011111 '
1"
#2809
0"
#2810
b10101100000 '
1"
#2811
0"
#2812
b10101100001 '
1"
#2813
0"
#2814
b10101100010 '
1"
#2815
0"
#2816
b10101100011 '
1"
#2817
0"
#2818
b10101100100 '
1"
#2819
0"
#2820
b10101100101 '
1"
#2821
0"
#2822
b10101100110 '
1"
#2823
0"
#2824
b10101100111 '
1"
#2825
0"
#2826
b10101101000 '
1"
#2827
0"
#2828
b10101101001 '
1"
#2829
0"
#2830
b10101101010 '
1"
#2831
0"
#2832
b10101101011 '
1"
#2833
0"
#2834
b10101101100 '
1"
#2835
0"
#2836
b10101101101 '
1"
#2837
0"
#2838
b10101101110 '
1"
#2839
0"
#2840
b10101101111 '
1"
#2841
0"
#2842
b10101110000 '
1"
#2843
0"
#2844
b10101110001 '
1"
#2845
0"
#2846
b10101110010 '
1"
#2847
0"
#2848
b10101110011 '
1"
#2849
0"
#2850
b10101110100 '
1"
#2851
0"
#2852
b10101110101 '
1"
#2853
0"
#2854
b10101110110 '
1"
#2855
0"
#2856
b10101110111 '
1"
#2857
0"
#2858
b10101111000 '
1"
#2859
0"
#2860
b10101111001 '
1"
#2861
0"
#2862
b10101111010 '
1"
#2863
0"
#2864
b10101111011 '
1"
#2865
0"
#2866
b10101111100 '
1"
#2867
0"
#2868
b10101111101 '
1"
#2869
0"
#2870
b10101111110 '
1"
#2871
0"
#2872
b10101111111 '
1"
#2873
0"
#2874
b10110000000 '
1"
#2875
0"
#2876
b10110000001 '
1"
#2877
0"
#2878
b10110000010 '
1"
#2879
0"
#2880
b10110000011 '
1"
#2881
0"
#2882
b10110000100 '
1"
#2883
0"
#2884
b10110000101 '
1"
#2885
0"
#2886
b10110000110 '
1"
#2887
0"
#2888
b10110000111 '
1"
#2889
0"
#2890
b10110001000 '
1"
#2891
0"
#2892
b10110001001 '
1"
#2893
0"
#2894
b10110001010 '
1"
#2895
0"
#2896
b10110001011 '
1"
#2897
0"
#2898
b10110001100 '
1"
#2899
0"
#2900
b10110001101 '
1"
#2901
0"
#2902
b10110001110 '
1"
#2903
0"
#2904
b10110001111 '
1"
#2905
0"
#2906
b10110010000 '
1"
#2907
0"
#2908
b10110010001 '
1"
#2909
0"
#2910
b10110010010 '
1"
#2911
0"
#2912
b10110010011 '
1"
#2913
0"
#2914
b10110010100 '
1"
#2915
0"
#2916
b10110010101 '
1"
#2917
0"
#2918
b10110010110 '
1"
#2919
0"
#2920
b10110010111 '
1"
#2921
0"
#2922
b10110011000 '
1"
#2923
0"
#2924
b10110011001 '
1"
#2925
0"
#2926
b10110011010 '
1"
#2927
0"
#2928
b10110011011 '
1"
#2929
0"
#2930
b10110011100 '
1"
#2931
0"
#2932
b10110011101 '
1"
#2933
0"
#2934
b10110011110 '
1"
#2935
0"
#2936
b10110011111 '
1"
#2937
0"
#2938
b10110100000 '
1"
#2939
0"
#2940
b10110100001 '
1"
#2941
0"
#2942
b10110100010 '
1"
#2943
0"
#2944
b10110100011 '
1"
#2945
0"
#2946
b10110100100 '
1"
#2947
0"
#2948
b10110100101 '
1"
#2949
0"
#2950
b10110100110 '
1"
#2951
0"
#2952
b10110100111 '
1"
#2953
0"
#2954
b10110101000 '
1"
#2955
0"
#2956
b10110101001 '
1"
#2957
0"
#2958
b10110101010 '
1"
#2959
0"
#2960
b10110101011 '
1"
#2961
0"
#2962
b10110101100 '
1"
#2963
0"
#2964
b10110101101 '
1"
#2965
0"
#2966
b10110101110 '
1"
#2967
0"
#2968
b10110101111 '
1"
#2969
0"
#2970
b10110110000 '
1"
#2971
0"
#2972
b10110110001 '
1"
#2973
0"
#2974
b10110110010 '
1"
#2975
0"
#2976
b10110110011 '
1"
#2977
0"
#2978
b10110110100 '
1"
#2979
0"
#2980
b10110110101 '
1"
#2981
0"
#2982
b10110110110 '
1"
#2983
0"
#2984
b10110110111 '
1"
#2985
0"
#2986
b10110111000 '
1"
#2987
0"
#2988
b10110111001 '
1"
#2989
0"
#2990
b10110111010 '
1"
#2991
0"
#2992
b10110111011 '
1"
#2993
0"
#2994
b10110111100 '
1"
#2995
0"
#2996
b10110111101 '
1"
#2997
0"
#2998
b10110111110 '
1"
#2999
0"
#3000
b10110111111 '
1"
#3001
0"
#3002
b10111000000 '
1"
#3003
0"
#3004
b10111000001 '
1"
#3005
0"
#3006
b10111000010 '
1"
#3007
0"
#3008
b10111000011 '
1"
#3009
0"
#3010
b10111000100 '
1"
#3011
0"
#3012
b10111000101 '
1"
#3013
0"
#3014
b10111000110 '
1"
#3015
0"
#3016
b10111000111 '
1"
#3017
0"
#3018
b10111001000 '
1"
#3019
0"
#3020
b10111001001 '
1"
#3021
0"
#3022
b10111001010 '
1"
#3023
0"
#3024
b10111001011 '
1"
#3025
0"
#3026
b10111001100 '
1"
#3027
0"
#3028
b10111001101 '
1"
#3029
0"
#3030
b10111001110 '
1"
#3031
0"
#3032
b10111001111 '
1"
#3033
0"
#3034
b10111010000 '
1"
#3035
0"
#3036
b10111010001 '
1"
#3037
0"
#3038
b10111010010 '
1"
#3039
0"
#3040
b10111010011 '
1"
#3041
0"
#3042
b10111010100 '
1"
#3043
0"
#3044
b10111010101 '
1"
#3045
0"
#3046
b10111010110 '
1"
#3047
0"
#3048
b10111010111 '
1"
#3049
0"
#3050
b10111011000 '
1"
#3051
0"
#3052
b10111011001 '
1"
#3053
0"
#3054
b10111011010 '
1"
#3055
0"
#3056
b10111011011 '
1"
#3057
0"
#3058
b10111011100 '
1"
#3059
0"
#3060
b10111011101 '
1"
#3061
0"
#3062
b10111011110 '
1"
#3063
0"
#3064
b10111011111 '
1"
#3065
0"
#3066
b10111100000 '
1"
#3067
0"
#3068
b10111100001 '
1"
#3069
0"
#3070
b10111100010 '
1"
#3071
0"
#3072
b10111100011 '
1"
#3073
0"
#3074
b10111100100 '
1"
#3075
0"
#3076
b10111100101 '
1"
#3077
0"
#3078
b10111100110 '
1"
#3079
0"
#3080
b10111100111 '
1"
#3081
0"
#3082
b10111101000 '
1"
#3083
0"
#3084
b10111101001 '
1"
#3085
0"
#3086
b10111101010 '
1"
#3087
0"
#3088
b10111101011 '
1"
#3089
0"
#3090
b10111101100 '
1"
#3091
0"
#3092
b10111101101 '
1"
#3093
0"
#3094
b10111101110 '
1"
#3095
0"
#3096
b10111101111 '
1"
#3097
0"
#3098
b10111110000 '
1"
#3099
0"
#3100
b10111110001 '
1"
#3101
0"
#3102
b10111110010 '
1"
#3103
0"
#3104
b10111110011 '
1"
#3105
0"
#3106
b10111110100 '
1"
#3107
0"
#3108
b10111110101 '
1"
#3109
0"
#3110
b10111110110 '
1"
#3111
0"
#3112
b10111110111 '
1"
#3113
0"
#3114
b10111111000 '
1"
#3115
0"
#3116
b10111111001 '
1"
#3117
0"
#3118
b10111111010 '
1"
#3119
0"
#3120
b10111111011 '
1"
#3121
0"
#3122
b10111111100 '
1"
#3123
0"
#3124
b10111111101 '
1"
#3125
0"
#3126
b10111111110 '
1"
#3127
0"
#3128
b10111111111 '
1"
#3129
0"
#3130
b11000000000 '
1"
#3131
0"
#3132
b11000000001 '
1"
#3133
0"
#3134
b11000000010 '
1"
#3135
0"
#3136
b11000000011 '
1"
#3137
0"
#3138
b11000000100 '
1"
#3139
0"
#3140
b11000000101 '
1"
#3141
0"
#3142
b11000000110 '
1"
#3143
0"
#3144
b11000000111 '
1"
#3145
0"
#3146
b11000001000 '
1"
#3147
0"
#3148
b11000001001 '
1"
#3149
0"
#3150
b11000001010 '
1"
#3151
0"
#3152
b11000001011 '
1"
#3153
0"
#3154
b11000001100 '
1"
#3155
0"
#3156
b11000001101 '
1"
#3157
0"
#3158
b11000001110 '
1"
#3159
0"
#3160
b11000001111 '
1"
#3161
0"
#3162
b11000010000 '
1"
#3163
0"
#3164
b11000010001 '
1"
#3165
0"
#3166
b11000010010 '
1"
#3167
0"
#3168
b11000010011 '
1"
#3169
0"
#3170
b11000010100 '
1"
#3171
0"
#3172
b11000010101 '
1"
#3173
0"
#3174
b11000010110 '
1"
#3175
0"
#3176
b11000010111 '
1"
#3177
0"
#3178
b11000011000 '
1"
#3179
0"
#3180
b11000011001 '
1"
#3181
0"
#3182
b11000011010 '
1"
#3183
0"
#3184
b11000011011 '
1"
#3185
0"
#3186
b11000011100 '
1"
#3187
0"
#3188
b11000011101 '
1"
#3189
0"
#3190
b11000011110 '
1"
#3191
0"
#3192
b11000011111 '
1"
#3193
0"
#3194
b11000100000 '
1"
#3195
0"
#3196
b11000100001 '
1"
#3197
0"
#3198
b11000100010 '
1"
#3199
0"
#3200
b11000100011 '
1"
#3201
0"
#3202
b11000100100 '
1"
#3203
0"
#3204
b11000100101 '
1"
#3205
0"
#3206
b11000100110 '
1"
#3207
0"
#3208
b11000100111 '
1"
#3209
0"
#3210
b11000101000 '
1"
#3211
0"
#3212
b11000101001 '
1"
#3213
0"
#3214
b11000101010 '
1"
#3215
0"
#3216
b11000101011 '
1"
#3217
0"
#3218
b11000101100 '
1"
#3219
0"
#3220
b11000101101 '
1"
#3221
0"
#3222
b11000101110 '
1"
#3223
0"
#3224
b11000101111 '
1"
#3225
0"
#3226
b11000110000 '
1"
#3227
0"
#3228
b11000110001 '
1"
#3229
0"
#3230
b11000110010 '
1"
#3231
0"
#3232
b11000110011 '
1"
#3233
0"
#3234
b11000110100 '
1"
#3235
0"
#3236
b11000110101 '
1"
#3237
0"
#3238
b11000110110 '
1"
#3239
0"
#3240
b11000110111 '
1"
#3241
0"
#3242
b11000111000 '
1"
#3243
0"
#3244
b11000111001 '
1"
#3245
0"
#3246
b11000111010 '
1"
#3247
0"
#3248
b11000111011 '
1"
#3249
0"
#3250
b11000111100 '
1"
#3251
0"
#3252
b11000111101 '
1"
#3253
0"
#3254
b11000111110 '
1"
#3255
0"
#3256
b11000111111 '
1"
#3257
0"
#3258
b11001000000 '
1"
#3259
0"
#3260
b11001000001 '
1"
#3261
0"
#3262
b11001000010 '
1"
#3263
0"
#3264
b11001000011 '
1"
#3265
0"
#3266
b11001000100 '
1"
#3267
0"
#3268
b11001000101 '
1"
#3269
0"
#3270
b11001000110 '
1"
#3271
0"
#3272
b11001000111 '
1"
#3273
0"
#3274
b11001001000 '
1"
#3275
0"
#3276
b11001001001 '
1"
#3277
0"
#3278
b11001001010 '
1"
#3279
0"
#3280
b11001001011 '
1"
#3281
0"
#3282
b11001001100 '
1"
#3283
0"
#3284
b11001001101 '
1"
#3285
0"
#3286
b11001001110 '
1"
#3287
0"
#3288
b11001001111 '
1"
#3289
0"
#3290
b11001010000 '
1"
#3291
0"
#3292
b11001010001 '
1"
#3293
0"
#3294
b11001010010 '
1"
#3295
0"
#3296
b11001010011 '
1"
#3297
0"
#3298
b11001010100 '
1"
#3299
0"
#3300
b11001010101 '
1"
#3301
0"
#3302
b11001010110 '
1"
#3303
0"
#3304
b11001010111 '
1"
#3305
0"
#3306
b11001011000 '
1"
#3307
0"
#3308
b11001011001 '
1"
#3309
0"
#3310
b11001011010 '
1"
#3311
0"
#3312
b11001011011 '
1"
#3313
0"
#3314
b11001011100 '
1"
#3315
0"
#3316
b11001011101 '
1"
#3317
0"
#3318
b11001011110 '
1"
#3319
0"
#3320
b11001011111 '
1"
#3321
0"
#3322
b11001100000 '
1"
#3323
0"
#3324
b11001100001 '
1"
#3325
0"
#3326
b11001100010 '
1"
#3327
0"
#3328
b11001100011 '
1"
#3329
0"
#3330
b11001100100 '
1"
#3331
0"
#3332
b11001100101 '
1"
#3333
0"
#3334
b11001100110 '
1"
#3335
0"
#3336
b11001100111 '
1"
#3337
0"
#3338
b11001101000 '
1"
#3339
0"
#3340
b11001101001 '
1"
#3341
0"
#3342
b11001101010 '
1"
#3343
0"
#3344
b11001101011 '
1"
#3345
0"
#3346
b11001101100 '
1"
#3347
0"
#3348
b11001101101 '
1"
#3349
0"
#3350
b11001101110 '
1"
#3351
0"
#3352
b11001101111 '
1"
#3353
0"
#3354
b11001110000 '
1"
#3355
0"
#3356
b11001110001 '
1"
#3357
0"
#3358
b11001110010 '
1"
#3359
0"
#3360
b11001110011 '
1"
#3361
0"
#3362
b11001110100 '
1"
#3363
0"
#3364
b11001110101 '
1"
#3365
0"
#3366
b11001110110 '
1"
#3367
0"
#3368
b11001110111 '
1"
#3369
0"
#3370
b11001111000 '
1"
#3371
0"
#3372
b11001111001 '
1"
#3373
0"
#3374
b11001111010 '
1"
#3375
0"
#3376
b11001111011 '
1"
#3377
0"
#3378
b11001111100 '
1"
#3379
0"
#3380
b11001111101 '
1"
#3381
0"
#3382
b11001111110 '
1"
#3383
0"
#3384
b11001111111 '
1"
#3385
0"
#3386
b11010000000 '
1"
#3387
0"
#3388
b11010000001 '
1"
#3389
0"
#3390
b11010000010 '
1"
#3391
0"
#3392
b11010000011 '
1"
#3393
0"
#3394
b11010000100 '
1"
#3395
0"
#3396
b11010000101 '
1"
#3397
0"
#3398
b11010000110 '
1"
#3399
0"
#3400
b11010000111 '
1"
#3401
0"
#3402
b11010001000 '
1"
#3403
0"
#3404
b11010001001 '
1"
#3405
0"
#3406
b11010001010 '
1"
#3407
0"
#3408
b11010001011 '
1"
#3409
0"
#3410
b11010001100 '
1"
#3411
0"
#3412
b11010001101 '
1"
#3413
0"
#3414
b11010001110 '
1"
#3415
0"
#3416
b11010001111 '
1"
#3417
0"
#3418
b11010010000 '
1"
#3419
0"
#3420
b11010010001 '
1"
#3421
0"
#3422
b11010010010 '
1"
#3423
0"
#3424
b11010010011 '
1"
#3425
0"
#3426
b11010010100 '
1"
#3427
0"
#3428
b11010010101 '
1"
#3429
0"
#3430
b11010010110 '
1"
#3431
0"
#3432
b11010010111 '
1"
#3433
0"
#3434
b11010011000 '
1"
#3435
0"
#3436
b11010011001 '
1"
#3437
0"
#3438
b11010011010 '
1"
#3439
0"
#3440
b11010011011 '
1"
#3441
0"
#3442
b11010011100 '
1"
#3443
0"
#3444
b11010011101 '
1"
#3445
0"
#3446
b11010011110 '
1"
#3447
0"
#3448
b11010011111 '
1"
#3449
0"
#3450
b11010100000 '
1"
#3451
0"
#3452
b11010100001 '
1"
#3453
0"
#3454
b11010100010 '
1"
#3455
0"
#3456
b11010100011 '
1"
#3457
0"
#3458
b11010100100 '
1"
#3459
0"
#3460
b11010100101 '
1"
#3461
0"
#3462
b11010100110 '
1"
#3463
0"
#3464
b11010100111 '
1"
#3465
0"
#3466
b11010101000 '
1"
#3467
0"
#3468
b11010101001 '
1"
#3469
0"
#3470
b11010101010 '
1"
#3471
0"
#3472
b11010101011 '
1"
#3473
0"
#3474
b11010101100 '
1"
#3475
0"
#3476
b11010101101 '
1"
#3477
0"
#3478
b11010101110 '
1"
#3479
0"
#3480
b11010101111 '
1"
#3481
0"
#3482
b11010110000 '
1"
#3483
0"
#3484
b11010110001 '
1"
#3485
0"
#3486
b11010110010 '
1"
#3487
0"
#3488
b11010110011 '
1"
#3489
0"
#3490
b11010110100 '
1"
#3491
0"
#3492
b11010110101 '
1"
#3493
0"
#3494
b11010110110 '
1"
#3495
0"
#3496
b11010110111 '
1"
#3497
0"
#3498
b11010111000 '
1"
#3499
0"
#3500
b11010111001 '
1"
#3501
0"
#3502
b11010111010 '
1"
#3503
0"
#3504
b11010111011 '
1"
#3505
0"
#3506
b11010111100 '
1"
#3507
0"
#3508
b11010111101 '
1"
#3509
0"
#3510
b11010111110 '
1"
#3511
0"
#3512
b11010111111 '
1"
#3513
0"
#3514
b11011000000 '
1"
#3515
0"
#3516
b11011000001 '
1"
#3517
0"
#3518
b11011000010 '
1"
#3519
0"
#3520
b11011000011 '
1"
#3521
0"
#3522
b11011000100 '
1"
#3523
0"
#3524
b11011000101 '
1"
#3525
0"
#3526
b11011000110 '
1"
#3527
0"
#3528
b11011000111 '
1"
#3529
0"
#3530
b11011001000 '
1"
#3531
0"
#3532
b11011001001 '
1"
#3533
0"
#3534
b11011001010 '
1"
#3535
0"
#3536
b11011001011 '
1"
#3537
0"
#3538
b11011001100 '
1"
#3539
0"
#3540
b11011001101 '
1"
#3541
0"
#3542
b11011001110 '
1"
#3543
0"
#3544
b11011001111 '
1"
#3545
0"
#3546
b11011010000 '
1"
#3547
0"
#3548
b11011010001 '
1"
#3549
0"
#3550
b11011010010 '
1"
#3551
0"
#3552
b11011010011 '
1"
#3553
0"
#3554
b11011010100 '
1"
#3555
0"
#3556
b11011010101 '
1"
#3557
0"
#3558
b11011010110 '
1"
#3559
0"
#3560
b11011010111 '
1"
#3561
0"
#3562
b11011011000 '
1"
#3563
0"
#3564
b11011011001 '
1"
#3565
0"
#3566
b11011011010 '
1"
#3567
0"
#3568
b11011011011 '
1"
#3569
0"
#3570
b11011011100 '
1"
#3571
0"
#3572
b11011011101 '
1"
#3573
0"
#3574
b11011011110 '
1"
#3575
0"
#3576
b11011011111 '
1"
#3577
0"
#3578
b11011100000 '
1"
#3579
0"
#3580
b11011100001 '
1"
#3581
0"
#3582
b11011100010 '
1"
#3583
0"
#3584
b11011100011 '
1"
#3585
0"
#3586
b11011100100 '
1"
#3587
0"
#3588
b11011100101 '
1"
#3589
0"
#3590
b11011100110 '
1"
#3591
0"
#3592
b11011100111 '
1"
#3593
0"
#3594
b11011101000 '
1"
#3595
0"
#3596
b11011101001 '
1"
#3597
0"
#3598
b11011101010 '
1"
#3599
0"
#3600
b11011101011 '
1"
#3601
0"
#3602
b11011101100 '
1"
#3603
0"
#3604
b11011101101 '
1"
#3605
0"
#3606
b11011101110 '
1"
#3607
0"
#3608
b11011101111 '
1"
#3609
0"
#3610
b11011110000 '
1"
#3611
0"
#3612
b11011110001 '
1"
#3613
0"
#3614
b11011110010 '
1"
#3615
0"
#3616
b11011110011 '
1"
#3617
0"
#3618
b11011110100 '
1"
#3619
0"
#3620
b11011110101 '
1"
#3621
0"
#3622
b11011110110 '
1"
#3623
0"
#3624
b11011110111 '
1"
#3625
0"
#3626
b11011111000 '
1"
#3627
0"
#3628
b11011111001 '
1"
#3629
0"
#3630
b11011111010 '
1"
#3631
0"
#3632
b11011111011 '
1"
#3633
0"
#3634
b11011111100 '
1"
#3635
0"
#3636
b11011111101 '
1"
#3637
0"
#3638
b11011111110 '
1"
#3639
0"
#3640
b11011111111 '
1"
#3641
0"
#3642
b11100000000 '
1"
#3643
0"
#3644
b11100000001 '
1"
#3645
0"
#3646
b11100000010 '
1"
#3647
0"
#3648
b11100000011 '
1"
#3649
0"
#3650
b11100000100 '
1"
#3651
0"
#3652
b11100000101 '
1"
#3653
0"
#3654
b11100000110 '
1"
#3655
0"
#3656
b11100000111 '
1"
#3657
0"
#3658
b11100001000 '
1"
#3659
0"
#3660
b11100001001 '
1"
#3661
0"
#3662
b11100001010 '
1"
#3663
0"
#3664
b11100001011 '
1"
#3665
0"
#3666
b11100001100 '
1"
#3667
0"
#3668
b11100001101 '
1"
#3669
0"
#3670
b11100001110 '
1"
#3671
0"
#3672
b11100001111 '
1"
#3673
0"
#3674
b11100010000 '
1"
#3675
0"
#3676
b11100010001 '
1"
#3677
0"
#3678
b11100010010 '
1"
#3679
0"
#3680
b11100010011 '
1"
#3681
0"
#3682
b11100010100 '
1"
#3683
0"
#3684
b11100010101 '
1"
#3685
0"
#3686
b11100010110 '
1"
#3687
0"
#3688
b11100010111 '
1"
#3689
0"
#3690
b11100011000 '
1"
#3691
0"
#3692
b11100011001 '
1"
#3693
0"
#3694
b11100011010 '
1"
#3695
0"
#3696
b11100011011 '
1"
#3697
0"
#3698
b11100011100 '
1"
#3699
0"
#3700
b11100011101 '
1"
#3701
0"
#3702
b11100011110 '
1"
#3703
0"
#3704
b11100011111 '
1"
#3705
0"
#3706
b11100100000 '
1"
#3707
0"
#3708
b11100100001 '
1"
#3709
0"
#3710
b11100100010 '
1"
#3711
0"
#3712
b11100100011 '
1"
#3713
0"
#3714
b11100100100 '
1"
#3715
0"
#3716
b11100100101 '
1"
#3717
0"
#3718
b11100100110 '
1"
#3719
0"
#3720
b11100100111 '
1"
#3721
0"
#3722
b11100101000 '
1"
#3723
0"
#3724
b11100101001 '
1"
#3725
0"
#3726
b11100101010 '
1"
#3727
0"
#3728
b11100101011 '
1"
#3729
0"
#3730
b11100101100 '
1"
#3731
0"
#3732
b11100101101 '
1"
#3733
0"
#3734
b11100101110 '
1"
#3735
0"
#3736
b11100101111 '
1"
#3737
0"
#3738
b11100110000 '
1"
#3739
0"
#3740
b11100110001 '
1"
#3741
0"
#3742
b11100110010 '
1"
#3743
0"
#3744
b11100110011 '
1"
#3745
0"
#3746
b11100110100 '
1"
#3747
0"
#3748
b11100110101 '
1"
#3749
0"
#3750
b11100110110 '
1"
#3751
0"
#3752
b11100110111 '
1"
#3753
0"
#3754
b11100111000 '
1"
#3755
0"
#3756
b11100111001 '
1"
#3757
0"
#3758
b11100111010 '
1"
#3759
0"
#3760
b11100111011 '
1"
#3761
0"
#3762
b11100111100 '
1"
#3763
0"
#3764
b11100111101 '
1"
#3765
0"
#3766
b11100111110 '
1"
#3767
0"
#3768
b11100111111 '
1"
#3769
0"
#3770
b11101000000 '
1"
#3771
0"
#3772
b11101000001 '
1"
#3773
0"
#3774
b11101000010 '
1"
#3775
0"
#3776
b11101000011 '
1"
#3777
0"
#3778
b11101000100 '
1"
#3779
0"
#3780
b11101000101 '
1"
#3781
0"
#3782
b11101000110 '
1"
#3783
0"
#3784
b11101000111 '
1"
#3785
0"
#3786
b11101001000 '
1"
#3787
0"
#3788
b11101001001 '
1"
#3789
0"
#3790
b11101001010 '
1"
#3791
0"
#3792
b11101001011 '
1"
#3793
0"
#3794
b11101001100 '
1"
#3795
0"
#3796
b11101001101 '
1"
#3797
0"
#3798
b11101001110 '
1"
#3799
0"
#3800
b11101001111 '
1"
#3801
0"
#3802
b11101010000 '
1"
#3803
0"
#3804
b11101010001 '
1"
#3805
0"
#3806
b11101010010 '
1"
#3807
0"
#3808
b11101010011 '
1"
#3809
0"
#3810
b11101010100 '
1"
#3811
0"
#3812
b11101010101 '
1"
#3813
0"
#3814
b11101010110 '
1"
#3815
0"
#3816
b11101010111 '
1"
#3817
0"
#3818
b11101011000 '
1"
#3819
0"
#3820
b11101011001 '
1"
#3821
0"
#3822
b11101011010 '
1"
#3823
0"
#3824
b11101011011 '
1"
#3825
0"
#3826
b11101011100 '
1"
#3827
0"
#3828
b11101011101 '
1"
#3829
0"
#3830
b11101011110 '
1"
#3831
0"
#3832
b11101011111 '
1"
#3833
0"
#3834
b11101100000 '
1"
#3835
0"
#3836
b11101100001 '
1"
#3837
0"
#3838
b11101100010 '
1"
#3839
0"
#3840
b11101100011 '
1"
#3841
0"
#3842
b11101100100 '
1"
#3843
0"
#3844
b11101100101 '
1"
#3845
0"
#3846
b11101100110 '
1"
#3847
0"
#3848
b11101100111 '
1"
#3849
0"
#3850
b11101101000 '
1"
#3851
0"
#3852
b11101101001 '
1"
#3853
0"
#3854
b11101101010 '
1"
#3855
0"
#3856
b11101101011 '
1"
#3857
0"
#3858
b11101101100 '
1"
#3859
0"
#3860
b11101101101 '
1"
#3861
0"
#3862
b11101101110 '
1"
#3863
0"
#3864
b11101101111 '
1"
#3865
0"
#3866
b11101110000 '
1"
#3867
0"
#3868
b11101110001 '
1"
#3869
0"
#3870
b11101110010 '
1"
#3871
0"
#3872
b11101110011 '
1"
#3873
0"
#3874
b11101110100 '
1"
#3875
0"
#3876
b11101110101 '
1"
#3877
0"
#3878
b11101110110 '
1"
#3879
0"
#3880
b11101110111 '
1"
#3881
0"
#3882
b11101111000 '
1"
#3883
0"
#3884
b11101111001 '
1"
#3885
0"
#3886
b11101111010 '
1"
#3887
0"
#3888
b11101111011 '
1"
#3889
0"
#3890
b11101111100 '
1"
#3891
0"
#3892
b11101111101 '
1"
#3893
0"
#3894
b11101111110 '
1"
#3895
0"
#3896
b11101111111 '
1"
#3897
0"
#3898
b11110000000 '
1"
#3899
0"
#3900
b11110000001 '
1"
#3901
0"
#3902
b11110000010 '
1"
#3903
0"
#3904
b11110000011 '
1"
#3905
0"
#3906
b11110000100 '
1"
#3907
0"
#3908
b11110000101 '
1"
#3909
0"
#3910
b11110000110 '
1"
#3911
0"
#3912
b11110000111 '
1"
#3913
0"
#3914
b11110001000 '
1"
#3915
0"
#3916
b11110001001 '
1"
#3917
0"
#3918
b11110001010 '
1"
#3919
0"
#3920
b11110001011 '
1"
#3921
0"
#3922
b11110001100 '
1"
#3923
0"
#3924
b11110001101 '
1"
#3925
0"
#3926
b11110001110 '
1"
#3927
0"
#3928
b11110001111 '
1"
#3929
0"
#3930
b11110010000 '
1"
#3931
0"
#3932
b11110010001 '
1"
#3933
0"
#3934
b11110010010 '
1"
#3935
0"
#3936
b11110010011 '
1"
#3937
0"
#3938
b11110010100 '
1"
#3939
0"
#3940
b11110010101 '
1"
#3941
0"
#3942
b11110010110 '
1"
#3943
0"
#3944
b11110010111 '
1"
#3945
0"
#3946
b11110011000 '
1"
#3947
0"
#3948
b11110011001 '
1"
#3949
0"
#3950
b11110011010 '
1"
#3951
0"
#3952
b11110011011 '
1"
#3953
0"
#3954
b11110011100 '
1"
#3955
0"
#3956
b11110011101 '
1"
#3957
0"
#3958
b11110011110 '
1"
#3959
0"
#3960
b11110011111 '
1"
#3961
0"
#3962
b11110100000 '
1"
#3963
0"
#3964
b11110100001 '
1"
#3965
0"
#3966
b11110100010 '
1"
#3967
0"
#3968
b11110100011 '
1"
#3969
0"
#3970
b11110100100 '
1"
#3971
0"
#3972
b11110100101 '
1"
#3973
0"
#3974
b11110100110 '
1"
#3975
0"
#3976
b11110100111 '
1"
#3977
0"
#3978
b11110101000 '
1"
#3979
0"
#3980
b11110101001 '
1"
#3981
0"
#3982
b11110101010 '
1"
#3983
0"
#3984
b11110101011 '
1"
#3985
0"
#3986
b11110101100 '
1"
#3987
0"
#3988
b11110101101 '
1"
#3989
0"
#3990
b11110101110 '
1"
#3991
0"
#3992
b11110101111 '
1"
#3993
0"
#3994
b11110110000 '
1"
#3995
0"
#3996
b11110110001 '
1"
#3997
0"
#3998
b11110110010 '
1"
#3999
0"
#4000
b11110110011 '
1"
#4001
0"
#4002
b11110110100 '
1"
#4003
0"
#4004
b11110110101 '
1"
#4005
0"
#4006
b11110110110 '
1"
#4007
0"
#4008
b11110110111 '
1"
#4009
0"
#4010
b11110111000 '
1"
#4011
0"
#4012
b11110111001 '
1"
#4013
0"
#4014
b11110111010 '
1"
#4015
0"
#4016
b11110111011 '
1"
#4017
0"
#4018
b11110111100 '
1"
#4019
0"
#4020
b11110111101 '
1"
#4021
0"
#4022
b11110111110 '
1"
#4023
0"
#4024
b11110111111 '
1"
#4025
0"
#4026
b11111000000 '
1"
#4027
0"
#4028
b11111000001 '
1"
#4029
0"
#4030
b11111000010 '
1"
#4031
0"
#4032
b11111000011 '
1"
#4033
0"
#4034
b11111000100 '
1"
#4035
0"
#4036
b11111000101 '
1"
#4037
0"
#4038
b11111000110 '
1"
#4039
0"
#4040
b11111000111 '
1"
#4041
0"
#4042
b11111001000 '
1"
#4043
0"
#4044
b11111001001 '
1"
#4045
0"
#4046
b11111001010 '
1"
#4047
0"
#4048
b11111001011 '
1"
#4049
0"
#4050
b11111001100 '
1"
#4051
0"
#4052
b11111001101 '
1"
#4053
0"
#4054
b11111001110 '
1"
#4055
0"
#4056
b11111001111 '
1"
#4057
0"
#4058
b11111010000 '
1"
#4059
0"
#4060
b11111010001 '
1"
#4061
0"
#4062
b11111010010 '
1"
#4063
0"
#4064
b11111010011 '
1"
#4065
0"
#4066
b11111010100 '
1"
#4067
0"
#4068
b11111010101 '
1"
#4069
0"
#4070
b11111010110 '
1"
#4071
0"
#4072
b11111010111 '
1"
#4073
0"
#4074
b11111011000 '
1"
#4075
0"
#4076
b11111011001 '
1"
#4077
0"
#4078
b11111011010 '
1"
#4079
0"
#4080
b11111011011 '
1"
#4081
0"
#4082
b11111011100 '
1"
#4083
0"
#4084
b11111011101 '
1"
#4085
0"
#4086
b11111011110 '
1"
#4087
0"
#4088
b11111011111 '
1"
#4089
0"
#4090
b11111100000 '
1"
#4091
0"
#4092
b11111100001 '
1"
#4093
0"
#4094
b11111100010 '
1"
#4095
0"
#4096
b11111100011 '
1"
#4097
0"
#4098
b11111100100 '
1"
#4099
0"
#4100
b11111100101 '
1"
#4101
0"
#4102
b11111100110 '
1"
#4103
0"
#4104
b11111100111 '
1"
#4105
0"
#4106
b11111101000 '
1"
#4107
0"
#4108
b11111101001 '
1"
#4109
0"
#4110
b11111101010 '
1"
#4111
0"
#4112
b11111101011 '
1"
#4113
0"
#4114
b11111101100 '
1"
#4115
0"
#4116
b11111101101 '
1"
#4117
0"
#4118
b11111101110 '
1"
#4119
0"
#4120
b11111101111 '
1"
#4121
0"
#4122
b11111110000 '
1"
#4123
0"
#4124
b11111110001 '
1"
#4125
0"
#4126
b11111110010 '
1"
#4127
0"
#4128
b11111110011 '
1"
#4129
0"
#4130
b11111110100 '
1"
#4131
0"
#4132
b11111110101 '
1"
#4133
0"
#4134
b11111110110 '
1"
#4135
0"
#4136
b11111110111 '
1"
#4137
0"
#4138
b11111111000 '
1"
#4139
0"
#4140
b11111111001 '
1"
#4141
0"
#4142
b11111111010 '
1"
#4143
0"
#4144
b11111111011 '
1"
#4145
0"
#4146
b11111111100 '
1"
#4147
0"
#4148
b11111111101 '
1"
#4149
0"
#4150
b11111111110 '
1"
#4151
0"
#4152
b11111111111 '
1"
#4153
0"
#4154
b100000000000 '
1"
#4155
0"
#4156
b100000000001 '
1"
#4157
0"
#4158
b100000000010 '
1"
#4159
0"
#4160
b100000000011 '
1"
#4161
0"
#4162
b100000000100 '
1"
#4163
0"
#4164
b100000000101 '
1"
#4165
0"
#4166
b100000000110 '
1"
#4167
0"
#4168
b100000000111 '
1"
#4169
0"
#4170
b100000001000 '
1"
#4171
0"
#4172
b100000001001 '
1"
#4173
0"
#4174
b100000001010 '
1"
#4175
0"
#4176
b100000001011 '
1"
#4177
0"
#4178
b100000001100 '
1"
#4179
0"
#4180
b100000001101 '
1"
#4181
0"
#4182
b100000001110 '
1"
#4183
0"
#4184
b100000001111 '
1"
#4185
0"
#4186
b100000010000 '
1"
#4187
0"
#4188
b100000010001 '
1"
#4189
0"
#4190
b100000010010 '
1"
#4191
0"
#4192
b100000010011 '
1"
#4193
0"
#4194
b100000010100 '
1"
#4195
0"
#4196
b100000010101 '
1"
#4197
0"
#4198
b100000010110 '
1"
#4199
0"
#4200
b100000010111 '
1"
#4201
0"
#4202
b100000011000 '
1"
#4203
0"
#4204
b100000011001 '
1"
#4205
0"
#4206
b100000011010 '
1"
#4207
0"
#4208
b100000011011 '
1"
#4209
0"
#4210
b100000011100 '
1"
#4211
0"
#4212
b100000011101 '
1"
#4213
0"
#4214
b100000011110 '
1"
#4215
0"
#4216
b100000011111 '
1"
#4217
0"
#4218
b100000100000 '
1"
#4219
0"
#4220
b100000100001 '
1"
#4221
0"
#4222
b100000100010 '
1"
#4223
0"
#4224
b100000100011 '
1"
#4225
0"
#4226
b100000100100 '
1"
#4227
0"
#4228
b100000100101 '
1"
#4229
0"
#4230
b100000100110 '
1"
#4231
0"
#4232
b100000100111 '
1"
#4233
0"
#4234
b100000101000 '
1"
#4235
0"
#4236
b100000101001 '
1"
#4237
0"
#4238
b100000101010 '
1"
#4239
0"
#4240
b100000101011 '
1"
#4241
0"
#4242
b100000101100 '
1"
#4243
0"
#4244
b100000101101 '
1"
#4245
0"
#4246
b100000101110 '
1"
#4247
0"
#4248
b100000101111 '
1"
#4249
0"
#4250
b100000110000 '
1"
#4251
0"
#4252
b100000110001 '
1"
#4253
0"
#4254
b100000110010 '
1"
#4255
0"
#4256
b100000110011 '
1"
#4257
0"
#4258
b100000110100 '
1"
#4259
0"
#4260
b100000110101 '
1"
#4261
0"
#4262
b100000110110 '
1"
#4263
0"
#4264
b100000110111 '
1"
#4265
0"
#4266
b100000111000 '
1"
#4267
0"
#4268
b100000111001 '
1"
#4269
0"
#4270
b100000111010 '
1"
#4271
0"
#4272
b100000111011 '
1"
#4273
0"
#4274
b100000111100 '
1"
#4275
0"
#4276
b100000111101 '
1"
#4277
0"
#4278
b100000111110 '
1"
#4279
0"
#4280
b100000111111 '
1"
#4281
0"
#4282
b100001000000 '
1"
#4283
0"
#4284
b100001000001 '
1"
#4285
0"
#4286
b100001000010 '
1"
#4287
0"
#4288
b100001000011 '
1"
#4289
0"
#4290
b100001000100 '
1"
#4291
0"
#4292
b100001000101 '
1"
#4293
0"
#4294
b100001000110 '
1"
#4295
0"
#4296
b100001000111 '
1"
#4297
0"
#4298
b100001001000 '
1"
#4299
0"
#4300
b100001001001 '
1"
#4301
0"
#4302
b100001001010 '
1"
#4303
0"
#4304
b100001001011 '
1"
#4305
0"
#4306
b100001001100 '
1"
#4307
0"
#4308
b100001001101 '
1"
#4309
0"
#4310
b100001001110 '
1"
#4311
0"
#4312
b100001001111 '
1"
#4313
0"
#4314
b100001010000 '
1"
#4315
0"
#4316
b100001010001 '
1"
#4317
0"
#4318
b100001010010 '
1"
#4319
0"
#4320
b100001010011 '
1"
#4321
0"
#4322
b100001010100 '
1"
#4323
0"
#4324
b100001010101 '
1"
#4325
0"
#4326
b100001010110 '
1"
#4327
0"
#4328
b100001010111 '
1"
#4329
0"
#4330
b100001011000 '
1"
#4331
0"
#4332
b100001011001 '
1"
#4333
0"
#4334
b100001011010 '
1"
#4335
0"
#4336
b100001011011 '
1"
#4337
0"
#4338
b100001011100 '
1"
#4339
0"
#4340
b100001011101 '
1"
#4341
0"
#4342
b100001011110 '
1"
#4343
0"
#4344
b100001011111 '
1"
#4345
0"
#4346
b100001100000 '
1"
#4347
0"
#4348
b100001100001 '
1"
#4349
0"
#4350
b100001100010 '
1"
#4351
0"
#4352
b100001100011 '
1"
#4353
0"
#4354
b100001100100 '
1"
#4355
0"
#4356
b100001100101 '
1"
#4357
0"
#4358
b100001100110 '
1"
#4359
0"
#4360
b100001100111 '
1"
#4361
0"
#4362
b100001101000 '
1"
#4363
0"
#4364
b100001101001 '
1"
#4365
0"
#4366
b100001101010 '
1"
#4367
0"
#4368
b100001101011 '
1"
#4369
0"
#4370
b100001101100 '
1"
#4371
0"
#4372
b100001101101 '
1"
#4373
0"
#4374
b100001101110 '
1"
#4375
0"
#4376
b100001101111 '
1"
#4377
0"
#4378
b100001110000 '
1"
#4379
0"
#4380
b100001110001 '
1"
#4381
0"
#4382
b100001110010 '
1"
#4383
0"
#4384
b100001110011 '
1"
#4385
0"
#4386
b100001110100 '
1"
#4387
0"
#4388
b100001110101 '
1"
#4389
0"
#4390
b100001110110 '
1"
#4391
0"
#4392
b100001110111 '
1"
#4393
0"
#4394
b100001111000 '
1"
#4395
0"
#4396
b100001111001 '
1"
#4397
0"
#4398
b100001111010 '
1"
#4399
0"
#4400
b100001111011 '
1"
#4401
0"
#4402
b100001111100 '
1"
#4403
0"
#4404
b100001111101 '
1"
#4405
0"
#4406
b100001111110 '
1"
#4407
0"
#4408
b100001111111 '
1"
#4409
0"
#4410
b100010000000 '
1"
#4411
0"
#4412
b100010000001 '
1"
#4413
0"
#4414
b100010000010 '
1"
#4415
0"
#4416
b100010000011 '
1"
#4417
0"
#4418
b100010000100 '
1"
#4419
0"
#4420
b100010000101 '
1"
#4421
0"
#4422
b100010000110 '
1"
#4423
0"
#4424
b100010000111 '
1"
#4425
0"
#4426
b100010001000 '
1"
#4427
0"
#4428
b100010001001 '
1"
#4429
0"
#4430
b100010001010 '
1"
#4431
0"
#4432
b100010001011 '
1"
#4433
0"
#4434
b100010001100 '
1"
#4435
0"
#4436
b100010001101 '
1"
#4437
0"
#4438
b100010001110 '
1"
#4439
0"
#4440
b100010001111 '
1"
#4441
0"
#4442
b100010010000 '
1"
#4443
0"
#4444
b100010010001 '
1"
#4445
0"
#4446
b100010010010 '
1"
#4447
0"
#4448
b100010010011 '
1"
#4449
0"
#4450
b100010010100 '
1"
#4451
0"
#4452
b100010010101 '
1"
#4453
0"
#4454
b100010010110 '
1"
#4455
0"
#4456
b100010010111 '
1"
#4457
0"
#4458
b100010011000 '
1"
#4459
0"
#4460
b100010011001 '
1"
#4461
0"
#4462
b100010011010 '
1"
#4463
0"
#4464
b100010011011 '
1"
#4465
0"
#4466
b100010011100 '
1"
#4467
0"
#4468
b100010011101 '
1"
#4469
0"
#4470
b100010011110 '
1"
#4471
0"
#4472
b100010011111 '
1"
#4473
0"
#4474
b100010100000 '
1"
#4475
0"
#4476
b100010100001 '
1"
#4477
0"
#4478
b100010100010 '
1"
#4479
0"
#4480
b100010100011 '
1"
#4481
0"
#4482
b100010100100 '
1"
#4483
0"
#4484
b100010100101 '
1"
#4485
0"
#4486
b100010100110 '
1"
#4487
0"
#4488
b100010100111 '
1"
#4489
0"
#4490
b100010101000 '
1"
#4491
0"
#4492
b100010101001 '
1"
#4493
0"
#4494
b100010101010 '
1"
#4495
0"
#4496
b100010101011 '
1"
#4497
0"
#4498
b100010101100 '
1"
#4499
0"
#4500
b100010101101 '
1"
#4501
0"
#4502
b100010101110 '
1"
#4503
0"
#4504
b100010101111 '
1"
#4505
0"
#4506
b100010110000 '
1"
#4507
0"
#4508
b100010110001 '
1"
#4509
0"
#4510
b100010110010 '
1"
#4511
0"
#4512
b100010110011 '
1"
#4513
0"
#4514
b100010110100 '
1"
#4515
0"
#4516
b100010110101 '
1"
#4517
0"
#4518
b100010110110 '
1"
#4519
0"
#4520
b100010110111 '
1"
#4521
0"
#4522
b100010111000 '
1"
#4523
0"
#4524
b100010111001 '
1"
#4525
0"
#4526
b100010111010 '
1"
#4527
0"
#4528
b100010111011 '
1"
#4529
0"
#4530
b100010111100 '
1"
#4531
0"
#4532
b100010111101 '
1"
#4533
0"
#4534
b100010111110 '
1"
#4535
0"
#4536
b100010111111 '
1"
#4537
0"
#4538
b100011000000 '
1"
#4539
0"
#4540
b100011000001 '
1"
#4541
0"
#4542
b100011000010 '
1"
#4543
0"
#4544
b100011000011 '
1"
#4545
0"
#4546
b100011000100 '
1"
#4547
0"
#4548
b100011000101 '
1"
#4549
0"
#4550
b100011000110 '
1"
#4551
0"
#4552
b100011000111 '
1"
#4553
0"
#4554
b100011001000 '
1"
#4555
0"
#4556
b100011001001 '
1"
#4557
0"
#4558
b100011001010 '
1"
#4559
0"
#4560
b100011001011 '
1"
#4561
0"
#4562
b100011001100 '
1"
#4563
0"
#4564
b100011001101 '
1"
#4565
0"
#4566
b100011001110 '
1"
#4567
0"
#4568
b100011001111 '
1"
#4569
0"
#4570
b100011010000 '
1"
#4571
0"
#4572
b100011010001 '
1"
#4573
0"
#4574
b100011010010 '
1"
#4575
0"
#4576
b100011010011 '
1"
#4577
0"
#4578
b100011010100 '
1"
#4579
0"
#4580
b100011010101 '
1"
#4581
0"
#4582
b100011010110 '
1"
#4583
0"
#4584
b100011010111 '
1"
#4585
0"
#4586
b100011011000 '
1"
#4587
0"
#4588
b100011011001 '
1"
#4589
0"
#4590
b100011011010 '
1"
#4591
0"
#4592
b100011011011 '
1"
#4593
0"
#4594
b100011011100 '
1"
#4595
0"
#4596
b100011011101 '
1"
#4597
0"
#4598
b100011011110 '
1"
#4599
0"
#4600
b100011011111 '
1"
#4601
0"
#4602
b100011100000 '
1"
#4603
0"
#4604
b100011100001 '
1"
#4605
0"
#4606
b100011100010 '
1"
#4607
0"
#4608
b100011100011 '
1"
#4609
0"
#4610
b100011100100 '
1"
#4611
0"
#4612
b100011100101 '
1"
#4613
0"
#4614
b100011100110 '
1"
#4615
0"
#4616
b100011100111 '
1"
#4617
0"
#4618
b100011101000 '
1"
#4619
0"
#4620
b100011101001 '
1"
#4621
0"
#4622
b100011101010 '
1"
#4623
0"
#4624
b100011101011 '
1"
#4625
0"
#4626
b100011101100 '
1"
#4627
0"
#4628
b100011101101 '
1"
#4629
0"
#4630
b100011101110 '
1"
#4631
0"
#4632
b100011101111 '
1"
#4633
0"
#4634
b100011110000 '
1"
#4635
0"
#4636
b100011110001 '
1"
#4637
0"
#4638
b100011110010 '
1"
#4639
0"
#4640
b100011110011 '
1"
#4641
0"
#4642
b100011110100 '
1"
#4643
0"
#4644
b100011110101 '
1"
#4645
0"
#4646
b100011110110 '
1"
#4647
0"
#4648
b100011110111 '
1"
#4649
0"
#4650
b100011111000 '
1"
#4651
0"
#4652
b100011111001 '
1"
#4653
0"
#4654
b100011111010 '
1"
#4655
0"
#4656
b100011111011 '
1"
#4657
0"
#4658
b100011111100 '
1"
#4659
0"
#4660
b100011111101 '
1"
#4661
0"
#4662
b100011111110 '
1"
#4663
0"
#4664
b100011111111 '
1"
#4665
0"
#4666
b100100000000 '
1"
#4667
0"
#4668
b100100000001 '
1"
#4669
0"
#4670
b100100000010 '
1"
#4671
0"
#4672
b100100000011 '
1"
#4673
0"
#4674
b100100000100 '
1"
#4675
0"
#4676
b100100000101 '
1"
#4677
0"
#4678
b100100000110 '
1"
#4679
0"
#4680
b100100000111 '
1"
#4681
0"
#4682
b100100001000 '
1"
#4683
0"
#4684
b100100001001 '
1"
#4685
0"
#4686
b100100001010 '
1"
#4687
0"
#4688
b100100001011 '
1"
#4689
0"
#4690
b100100001100 '
1"
#4691
0"
#4692
b100100001101 '
1"
#4693
0"
#4694
b100100001110 '
1"
#4695
0"
#4696
b100100001111 '
1"
#4697
0"
#4698
b100100010000 '
1"
#4699
0"
#4700
b100100010001 '
1"
#4701
0"
#4702
b100100010010 '
1"
#4703
0"
#4704
b100100010011 '
1"
#4705
0"
#4706
b100100010100 '
1"
#4707
0"
#4708
b100100010101 '
1"
#4709
0"
#4710
b100100010110 '
1"
#4711
0"
#4712
b100100010111 '
1"
#4713
0"
#4714
b100100011000 '
1"
#4715
0"
#4716
b100100011001 '
1"
#4717
0"
#4718
b100100011010 '
1"
#4719
0"
#4720
b100100011011 '
1"
#4721
0"
#4722
b100100011100 '
1"
#4723
0"
#4724
b100100011101 '
1"
#4725
0"
#4726
b100100011110 '
1"
#4727
0"
#4728
b100100011111 '
1"
#4729
0"
#4730
b100100100000 '
1"
#4731
0"
#4732
b100100100001 '
1"
#4733
0"
#4734
b100100100010 '
1"
#4735
0"
#4736
b100100100011 '
1"
#4737
0"
#4738
b100100100100 '
1"
#4739
0"
#4740
b100100100101 '
1"
#4741
0"
#4742
b100100100110 '
1"
#4743
0"
#4744
b100100100111 '
1"
#4745
0"
#4746
b100100101000 '
1"
#4747
0"
#4748
b100100101001 '
1"
#4749
0"
#4750
b100100101010 '
1"
#4751
0"
#4752
b100100101011 '
1"
#4753
0"
#4754
b100100101100 '
1"
#4755
0"
#4756
b100100101101 '
1"
#4757
0"
#4758
b100100101110 '
1"
#4759
0"
#4760
b100100101111 '
1"
#4761
0"
#4762
b100100110000 '
1"
#4763
0"
#4764
b100100110001 '
1"
#4765
0"
#4766
b100100110010 '
1"
#4767
0"
#4768
b100100110011 '
1"
#4769
0"
#4770
b100100110100 '
1"
#4771
0"
#4772
b100100110101 '
1"
#4773
0"
#4774
b100100110110 '
1"
#4775
0"
#4776
b100100110111 '
1"
#4777
0"
#4778
b100100111000 '
1"
#4779
0"
#4780
b100100111001 '
1"
#4781
0"
#4782
b100100111010 '
1"
#4783
0"
#4784
b100100111011 '
1"
#4785
0"
#4786
b100100111100 '
1"
#4787
0"
#4788
b100100111101 '
1"
#4789
0"
#4790
b100100111110 '
1"
#4791
0"
#4792
b100100111111 '
1"
#4793
0"
#4794
b100101000000 '
1"
#4795
0"
#4796
b100101000001 '
1"
#4797
0"
#4798
b100101000010 '
1"
#4799
0"
#4800
b100101000011 '
1"
#4801
0"
#4802
b100101000100 '
1"
#4803
0"
#4804
b100101000101 '
1"
#4805
0"
#4806
b100101000110 '
1"
#4807
0"
#4808
b100101000111 '
1"
#4809
0"
#4810
b100101001000 '
1"
#4811
0"
#4812
b100101001001 '
1"
#4813
0"
#4814
b100101001010 '
1"
#4815
0"
#4816
b100101001011 '
1"
#4817
0"
#4818
b100101001100 '
1"
#4819
0"
#4820
b100101001101 '
1"
#4821
0"
#4822
b100101001110 '
1"
#4823
0"
#4824
b100101001111 '
1"
#4825
0"
#4826
b100101010000 '
1"
#4827
0"
#4828
b100101010001 '
1"
#4829
0"
#4830
b100101010010 '
1"
#4831
0"
#4832
b100101010011 '
1"
#4833
0"
#4834
b100101010100 '
1"
#4835
0"
#4836
b100101010101 '
1"
#4837
0"
#4838
b100101010110 '
1"
#4839
0"
#4840
b100101010111 '
1"
#4841
0"
#4842
b100101011000 '
1"
#4843
0"
#4844
b100101011001 '
1"
#4845
0"
#4846
b100101011010 '
1"
#4847
0"
#4848
b100101011011 '
1"
#4849
0"
#4850
b100101011100 '
1"
#4851
0"
#4852
b100101011101 '
1"
#4853
0"
#4854
b100101011110 '
1"
#4855
0"
#4856
b100101011111 '
1"
#4857
0"
#4858
b100101100000 '
1"
#4859
0"
#4860
b100101100001 '
1"
#4861
0"
#4862
b100101100010 '
1"
#4863
0"
#4864
b100101100011 '
1"
#4865
0"
#4866
b100101100100 '
1"
#4867
0"
#4868
b100101100101 '
1"
#4869
0"
#4870
b100101100110 '
1"
#4871
0"
#4872
b100101100111 '
1"
#4873
0"
#4874
b100101101000 '
1"
#4875
0"
#4876
b100101101001 '
1"
#4877
0"
#4878
b100101101010 '
1"
#4879
0"
#4880
b100101101011 '
1"
#4881
0"
#4882
b100101101100 '
1"
#4883
0"
#4884
b100101101101 '
1"
#4885
0"
#4886
b100101101110 '
1"
#4887
0"
#4888
b100101101111 '
1"
#4889
0"
#4890
b100101110000 '
1"
#4891
0"
#4892
b100101110001 '
1"
#4893
0"
#4894
b100101110010 '
1"
#4895
0"
#4896
b100101110011 '
1"
#4897
0"
#4898
b100101110100 '
1"
#4899
0"
#4900
b100101110101 '
1"
#4901
0"
#4902
b100101110110 '
1"
#4903
0"
#4904
b100101110111 '
1"
#4905
0"
#4906
b100101111000 '
1"
#4907
0"
#4908
b100101111001 '
1"
#4909
0"
#4910
b100101111010 '
1"
#4911
0"
#4912
b100101111011 '
1"
#4913
0"
#4914
b100101111100 '
1"
#4915
0"
#4916
b100101111101 '
1"
#4917
0"
#4918
b100101111110 '
1"
#4919
0"
#4920
b100101111111 '
1"
#4921
0"
#4922
b100110000000 '
1"
#4923
0"
#4924
b100110000001 '
1"
#4925
0"
#4926
b100110000010 '
1"
#4927
0"
#4928
b100110000011 '
1"
#4929
0"
#4930
b100110000100 '
1"
#4931
0"
#4932
b100110000101 '
1"
#4933
0"
#4934
b100110000110 '
1"
#4935
0"
#4936
b100110000111 '
1"
#4937
0"
#4938
b100110001000 '
1"
#4939
0"
#4940
b100110001001 '
1"
#4941
0"
#4942
b100110001010 '
1"
#4943
0"
#4944
b100110001011 '
1"
#4945
0"
#4946
b100110001100 '
1"
#4947
0"
#4948
b100110001101 '
1"
#4949
0"
#4950
b100110001110 '
1"
#4951
0"
#4952
b100110001111 '
1"
#4953
0"
#4954
b100110010000 '
1"
#4955
0"
#4956
b100110010001 '
1"
#4957
0"
#4958
b100110010010 '
1"
#4959
0"
#4960
b100110010011 '
1"
#4961
0"
#4962
b100110010100 '
1"
#4963
0"
#4964
b100110010101 '
1"
#4965
0"
#4966
b100110010110 '
1"
#4967
0"
#4968
b100110010111 '
1"
#4969
0"
#4970
b100110011000 '
1"
#4971
0"
#4972
b100110011001 '
1"
#4973
0"
#4974
b100110011010 '
1"
#4975
0"
#4976
b100110011011 '
1"
#4977
0"
#4978
b100110011100 '
1"
#4979
0"
#4980
b100110011101 '
1"
#4981
0"
#4982
b100110011110 '
1"
#4983
0"
#4984
b100110011111 '
1"
#4985
0"
#4986
b100110100000 '
1"
#4987
0"
#4988
b100110100001 '
1"
#4989
0"
#4990
b100110100010 '
1"
#4991
0"
#4992
b100110100011 '
1"
#4993
0"
#4994
b100110100100 '
1"
#4995
0"
#4996
b100110100101 '
1"
#4997
0"
#4998
b100110100110 '
1"
#4999
0"
#5000
b100110100111 '
1"
#5001
0"
#5002
b100110101000 '
1"
#5003
0"
#5004
b100110101001 '
1"
#5005
0"
#5006
b100110101010 '
1"
#5007
0"
#5008
b100110101011 '
1"
#5009
0"
#5010
b100110101100 '
1"
#5011
0"
#5012
b100110101101 '
1"
#5013
0"
#5014
b100110101110 '
1"
#5015
0"
#5016
b100110101111 '
1"
#5017
0"
#5018
b100110110000 '
1"
#5019
0"
#5020
b100110110001 '
1"
#5021
0"
#5022
b100110110010 '
1"
#5023
0"
#5024
b100110110011 '
1"
#5025
0"
#5026
b100110110100 '
1"
#5027
0"
#5028
b100110110101 '
1"
#5029
0"
#5030
b100110110110 '
1"
#5031
0"
#5032
b100110110111 '
1"
#5033
0"
#5034
b100110111000 '
1"
#5035
0"
#5036
b100110111001 '
1"
#5037
0"
#5038
b100110111010 '
1"
#5039
0"
#5040
b100110111011 '
1"
#5041
0"
#5042
b100110111100 '
1"
#5043
0"
#5044
b100110111101 '
1"
#5045
0"
#5046
b100110111110 '
1"
#5047
0"
#5048
b100110111111 '
1"
#5049
0"
#5050
b100111000000 '
1"
#5051
0"
#5052
b100111000001 '
1"
#5053
0"
#5054
b100111000010 '
1"
#5055
0"
#5056
b100111000011 '
1"
#5057
0"
#5058
b100111000100 '
1"
#5059
0"
#5060
b100111000101 '
1"
#5061
0"
#5062
b100111000110 '
1"
#5063
0"
#5064
b100111000111 '
1"
#5065
0"
#5066
b100111001000 '
1"
#5067
0"
#5068
b100111001001 '
1"
#5069
0"
#5070
b100111001010 '
1"
#5071
0"
#5072
b100111001011 '
1"
#5073
0"
#5074
b100111001100 '
1"
#5075
0"
#5076
b100111001101 '
1"
#5077
0"
#5078
b100111001110 '
1"
#5079
0"
#5080
b100111001111 '
1"
#5081
0"
#5082
b100111010000 '
1"
#5083
0"
#5084
b100111010001 '
1"
#5085
0"
#5086
b100111010010 '
1"
#5087
0"
#5088
b100111010011 '
1"
#5089
0"
#5090
b100111010100 '
1"
#5091
0"
#5092
b100111010101 '
1"
#5093
0"
#5094
b100111010110 '
1"
#5095
0"
#5096
b100111010111 '
1"
#5097
0"
#5098
b100111011000 '
1"
#5099
0"
#5100
b100111011001 '
1"
#5101
0"
#5102
b100111011010 '
1"
#5103
0"
#5104
b100111011011 '
1"
#5105
0"
#5106
b100111011100 '
1"
#5107
0"
#5108
b100111011101 '
1"
#5109
0"
#5110
b100111011110 '
1"
#5111
0"
#5112
b100111011111 '
1"
#5113
0"
#5114
b100111100000 '
1"
#5115
0"
#5116
b100111100001 '
1"
#5117
0"
#5118
b100111100010 '
1"
#5119
0"
#5120
b100111100011 '
1"
#5121
0"
#5122
b100111100100 '
1"
#5123
0"
#5124
b100111100101 '
1"
#5125
0"
#5126
b100111100110 '
1"
#5127
0"
#5128
b100111100111 '
1"
#5129
0"
#5130
b100111101000 '
1"
#5131
0"
#5132
b100111101001 '
1"
#5133
0"
#5134
b100111101010 '
1"
#5135
0"
#5136
b100111101011 '
1"
#5137
0"
#5138
b100111101100 '
1"
#5139
0"
#5140
b100111101101 '
1"
#5141
0"
#5142
b100111101110 '
1"
#5143
0"
#5144
b100111101111 '
1"
#5145
0"
#5146
b100111110000 '
1"
#5147
0"
#5148
b100111110001 '
1"
#5149
0"
#5150
b100111110010 '
1"
#5151
0"
#5152
b100111110011 '
1"
#5153
0"
#5154
b100111110100 '
1"
#5155
0"
#5156
b100111110101 '
1"
#5157
0"
#5158
b100111110110 '
1"
#5159
0"
#5160
b100111110111 '
1"
#5161
0"
#5162
b100111111000 '
1"
#5163
0"
#5164
b100111111001 '
1"
#5165
0"
#5166
b100111111010 '
1"
#5167
0"
#5168
b100111111011 '
1"
#5169
0"
#5170
b100111111100 '
1"
#5171
0"
#5172
b100111111101 '
1"
#5173
0"
#5174
b100111111110 '
1"
#5175
0"
#5176
b100111111111 '
1"
#5177
0"
#5178
b101000000000 '
1"
#5179
0"
#5180
b101000000001 '
1"
#5181
0"
#5182
b101000000010 '
1"
#5183
0"
#5184
b101000000011 '
1"
#5185
0"
#5186
b101000000100 '
1"
#5187
0"
#5188
b101000000101 '
1"
#5189
0"
#5190
b101000000110 '
1"
#5191
0"
#5192
b101000000111 '
1"
#5193
0"
#5194
b101000001000 '
1"
#5195
0"
#5196
b101000001001 '
1"
#5197
0"
#5198
b101000001010 '
1"
#5199
0"
#5200
b101000001011 '
1"
#5201
0"
#5202
b101000001100 '
1"
#5203
0"
#5204
b101000001101 '
1"
#5205
0"
#5206
b101000001110 '
1"
#5207
0"
#5208
b101000001111 '
1"
#5209
0"
#5210
b101000010000 '
1"
#5211
0"
#5212
b101000010001 '
1"
#5213
0"
#5214
b101000010010 '
1"
#5215
0"
#5216
b101000010011 '
1"
#5217
0"
#5218
b101000010100 '
1"
#5219
0"
#5220
b101000010101 '
1"
#5221
0"
#5222
b101000010110 '
1"
#5223
0"
#5224
b101000010111 '
1"
#5225
0"
#5226
b101000011000 '
1"
#5227
0"
#5228
b101000011001 '
1"
#5229
0"
#5230
b101000011010 '
1"
#5231
0"
#5232
b101000011011 '
1"
#5233
0"
#5234
b101000011100 '
1"
#5235
0"
#5236
b101000011101 '
1"
#5237
0"
#5238
b101000011110 '
1"
#5239
0"
#5240
b101000011111 '
1"
#5241
0"
#5242
b101000100000 '
1"
#5243
0"
#5244
b101000100001 '
1"
#5245
0"
#5246
b101000100010 '
1"
#5247
0"
#5248
b101000100011 '
1"
#5249
0"
#5250
b101000100100 '
1"
#5251
0"
#5252
b101000100101 '
1"
#5253
0"
#5254
b101000100110 '
1"
#5255
0"
#5256
b101000100111 '
1"
#5257
0"
#5258
b101000101000 '
1"
#5259
0"
#5260
b101000101001 '
1"
#5261
0"
#5262
b101000101010 '
1"
#5263
0"
#5264
b101000101011 '
1"
#5265
0"
#5266
b101000101100 '
1"
#5267
0"
#5268
b101000101101 '
1"
#5269
0"
#5270
b101000101110 '
1"
#5271
0"
#5272
b101000101111 '
1"
#5273
0"
#5274
b101000110000 '
1"
#5275
0"
#5276
b101000110001 '
1"
#5277
0"
#5278
b101000110010 '
1"
#5279
0"
#5280
b101000110011 '
1"
#5281
0"
#5282
b101000110100 '
1"
#5283
0"
#5284
b101000110101 '
1"
#5285
0"
#5286
b101000110110 '
1"
#5287
0"
#5288
b101000110111 '
1"
#5289
0"
#5290
b101000111000 '
1"
#5291
0"
#5292
b101000111001 '
1"
#5293
0"
#5294
b101000111010 '
1"
#5295
0"
#5296
b101000111011 '
1"
#5297
0"
#5298
b101000111100 '
1"
#5299
0"
#5300
b101000111101 '
1"
#5301
0"
#5302
b101000111110 '
1"
#5303
0"
#5304
b101000111111 '
1"
#5305
0"
#5306
b101001000000 '
1"
#5307
0"
#5308
b101001000001 '
1"
#5309
0"
#5310
b101001000010 '
1"
#5311
0"
#5312
b101001000011 '
1"
#5313
0"
#5314
b101001000100 '
1"
#5315
0"
#5316
b101001000101 '
1"
#5317
0"
#5318
b101001000110 '
1"
#5319
0"
#5320
b101001000111 '
1"
#5321
0"
#5322
b101001001000 '
1"
#5323
0"
#5324
b101001001001 '
1"
#5325
0"
#5326
b101001001010 '
1"
#5327
0"
#5328
b101001001011 '
1"
#5329
0"
#5330
b101001001100 '
1"
#5331
0"
#5332
b101001001101 '
1"
#5333
0"
#5334
b101001001110 '
1"
#5335
0"
#5336
b101001001111 '
1"
#5337
0"
#5338
b101001010000 '
1"
#5339
0"
#5340
b101001010001 '
1"
#5341
0"
#5342
b101001010010 '
1"
#5343
0"
#5344
b101001010011 '
1"
#5345
0"
#5346
b101001010100 '
1"
#5347
0"
#5348
b101001010101 '
1"
#5349
0"
#5350
b101001010110 '
1"
#5351
0"
#5352
b101001010111 '
1"
#5353
0"
#5354
b101001011000 '
1"
#5355
0"
#5356
b101001011001 '
1"
#5357
0"
#5358
b101001011010 '
1"
#5359
0"
#5360
b101001011011 '
1"
#5361
0"
#5362
b101001011100 '
1"
#5363
0"
#5364
b101001011101 '
1"
#5365
0"
#5366
b101001011110 '
1"
#5367
0"
#5368
b101001011111 '
1"
#5369
0"
#5370
b101001100000 '
1"
#5371
0"
#5372
b101001100001 '
1"
#5373
0"
#5374
b101001100010 '
1"
#5375
0"
#5376
b101001100011 '
1"
#5377
0"
#5378
b101001100100 '
1"
#5379
0"
#5380
b101001100101 '
1"
#5381
0"
#5382
b101001100110 '
1"
#5383
0"
#5384
b101001100111 '
1"
#5385
0"
#5386
b101001101000 '
1"
#5387
0"
#5388
b101001101001 '
1"
#5389
0"
#5390
b101001101010 '
1"
#5391
0"
#5392
b101001101011 '
1"
#5393
0"
#5394
b101001101100 '
1"
#5395
0"
#5396
b101001101101 '
1"
#5397
0"
#5398
b101001101110 '
1"
#5399
0"
#5400
b101001101111 '
1"
#5401
0"
#5402
b101001110000 '
1"
#5403
0"
#5404
b101001110001 '
1"
#5405
0"
#5406
b101001110010 '
1"
#5407
0"
#5408
b101001110011 '
1"
#5409
0"
#5410
b101001110100 '
1"
#5411
0"
#5412
b101001110101 '
1"
#5413
0"
#5414
b101001110110 '
1"
#5415
0"
#5416
b101001110111 '
1"
#5417
0"
#5418
b101001111000 '
1"
#5419
0"
#5420
b101001111001 '
1"
#5421
0"
#5422
b101001111010 '
1"
#5423
0"
#5424
b101001111011 '
1"
#5425
0"
#5426
b101001111100 '
1"
#5427
0"
#5428
b101001111101 '
1"
#5429
0"
#5430
b101001111110 '
1"
#5431
0"
#5432
b101001111111 '
1"
#5433
0"
#5434
b101010000000 '
1"
#5435
0"
#5436
b101010000001 '
1"
#5437
0"
#5438
b101010000010 '
1"
#5439
0"
#5440
b101010000011 '
1"
#5441
0"
#5442
b101010000100 '
1"
#5443
0"
#5444
b101010000101 '
1"
#5445
0"
#5446
b101010000110 '
1"
#5447
0"
#5448
b101010000111 '
1"
#5449
0"
#5450
b101010001000 '
1"
#5451
0"
#5452
b101010001001 '
1"
#5453
0"
#5454
b101010001010 '
1"
#5455
0"
#5456
b101010001011 '
1"
#5457
0"
#5458
b101010001100 '
1"
#5459
0"
#5460
b101010001101 '
1"
#5461
0"
#5462
b101010001110 '
1"
#5463
0"
#5464
b101010001111 '
1"
#5465
0"
#5466
b101010010000 '
1"
#5467
0"
#5468
b101010010001 '
1"
#5469
0"
#5470
b101010010010 '
1"
#5471
0"
#5472
b101010010011 '
1"
#5473
0"
#5474
b101010010100 '
1"
#5475
0"
#5476
b101010010101 '
1"
#5477
0"
#5478
b101010010110 '
1"
#5479
0"
#5480
b101010010111 '
1"
#5481
0"
#5482
b101010011000 '
1"
#5483
0"
#5484
b101010011001 '
1"
#5485
0"
#5486
b101010011010 '
1"
#5487
0"
#5488
b101010011011 '
1"
#5489
0"
#5490
b101010011100 '
1"
#5491
0"
#5492
b101010011101 '
1"
#5493
0"
#5494
b101010011110 '
1"
#5495
0"
#5496
b101010011111 '
1"
#5497
0"
#5498
b101010100000 '
1"
#5499
0"
#5500
b101010100001 '
1"
#5501
0"
#5502
b101010100010 '
1"
#5503
0"
#5504
b101010100011 '
1"
#5505
0"
#5506
b101010100100 '
1"
#5507
0"
#5508
b101010100101 '
1"
#5509
0"
#5510
b101010100110 '
1"
#5511
0"
#5512
b101010100111 '
1"
#5513
0"
#5514
b101010101000 '
1"
#5515
0"
#5516
b101010101001 '
1"
#5517
0"
#5518
b101010101010 '
1"
#5519
0"
#5520
b101010101011 '
1"
#5521
0"
#5522
b101010101100 '
1"
#5523
0"
#5524
b101010101101 '
1"
#5525
0"
#5526
b101010101110 '
1"
#5527
0"
#5528
b101010101111 '
1"
#5529
0"
#5530
b101010110000 '
1"
#5531
0"
#5532
b101010110001 '
1"
#5533
0"
#5534
b101010110010 '
1"
#5535
0"
#5536
b101010110011 '
1"
#5537
0"
#5538
b101010110100 '
1"
#5539
0"
#5540
b101010110101 '
1"
#5541
0"
#5542
b101010110110 '
1"
#5543
0"
#5544
b101010110111 '
1"
#5545
0"
#5546
b101010111000 '
1"
#5547
0"
#5548
b101010111001 '
1"
#5549
0"
#5550
b101010111010 '
1"
#5551
0"
#5552
b101010111011 '
1"
#5553
0"
#5554
b101010111100 '
1"
#5555
0"
#5556
b101010111101 '
1"
#5557
0"
#5558
b101010111110 '
1"
#5559
0"
#5560
b101010111111 '
1"
#5561
0"
#5562
b101011000000 '
1"
#5563
0"
#5564
b101011000001 '
1"
#5565
0"
#5566
b101011000010 '
1"
#5567
0"
#5568
b101011000011 '
1"
#5569
0"
#5570
b101011000100 '
1"
#5571
0"
#5572
b101011000101 '
1"
#5573
0"
#5574
b101011000110 '
1"
#5575
0"
#5576
b101011000111 '
1"
#5577
0"
#5578
b101011001000 '
1"
#5579
0"
#5580
b101011001001 '
1"
#5581
0"
#5582
b101011001010 '
1"
#5583
0"
#5584
b101011001011 '
1"
#5585
0"
#5586
b101011001100 '
1"
#5587
0"
#5588
b101011001101 '
1"
#5589
0"
#5590
b101011001110 '
1"
#5591
0"
#5592
b101011001111 '
1"
#5593
0"
#5594
b101011010000 '
1"
#5595
0"
#5596
b101011010001 '
1"
#5597
0"
#5598
b101011010010 '
1"
#5599
0"
#5600
b101011010011 '
1"
#5601
0"
#5602
b101011010100 '
1"
#5603
0"
#5604
b101011010101 '
1"
#5605
0"
#5606
b101011010110 '
1"
#5607
0"
#5608
b101011010111 '
1"
#5609
0"
#5610
b101011011000 '
1"
#5611
0"
#5612
b101011011001 '
1"
#5613
0"
#5614
b101011011010 '
1"
#5615
0"
#5616
b101011011011 '
1"
#5617
0"
#5618
b101011011100 '
1"
#5619
0"
#5620
b101011011101 '
1"
#5621
0"
#5622
b101011011110 '
1"
#5623
0"
#5624
b101011011111 '
1"
#5625
0"
#5626
b101011100000 '
1"
#5627
0"
#5628
b101011100001 '
1"
#5629
0"
#5630
b101011100010 '
1"
#5631
0"
#5632
b101011100011 '
1"
#5633
0"
#5634
b101011100100 '
1"
#5635
0"
#5636
b101011100101 '
1"
#5637
0"
#5638
b101011100110 '
1"
#5639
0"
#5640
b101011100111 '
1"
#5641
0"
#5642
b101011101000 '
1"
#5643
0"
#5644
b101011101001 '
1"
#5645
0"
#5646
b101011101010 '
1"
#5647
0"
#5648
b101011101011 '
1"
#5649
0"
#5650
b101011101100 '
1"
#5651
0"
#5652
b101011101101 '
1"
#5653
0"
#5654
b101011101110 '
1"
#5655
0"
#5656
b101011101111 '
1"
#5657
0"
#5658
b101011110000 '
1"
#5659
0"
#5660
b101011110001 '
1"
#5661
0"
#5662
b101011110010 '
1"
#5663
0"
#5664
b101011110011 '
1"
#5665
0"
#5666
b101011110100 '
1"
#5667
0"
#5668
b101011110101 '
1"
#5669
0"
#5670
b101011110110 '
1"
#5671
0"
#5672
b101011110111 '
1"
#5673
0"
#5674
b101011111000 '
1"
#5675
0"
#5676
b101011111001 '
1"
#5677
0"
#5678
b101011111010 '
1"
#5679
0"
#5680
b101011111011 '
1"
#5681
0"
#5682
b101011111100 '
1"
#5683
0"
#5684
b101011111101 '
1"
#5685
0"
#5686
b101011111110 '
1"
#5687
0"
#5688
b101011111111 '
1"
#5689
0"
#5690
b101100000000 '
1"
#5691
0"
#5692
b101100000001 '
1"
#5693
0"
#5694
b101100000010 '
1"
#5695
0"
#5696
b101100000011 '
1"
#5697
0"
#5698
b101100000100 '
1"
#5699
0"
#5700
b101100000101 '
1"
#5701
0"
#5702
b101100000110 '
1"
#5703
0"
#5704
b101100000111 '
1"
#5705
0"
#5706
b101100001000 '
1"
#5707
0"
#5708
b101100001001 '
1"
#5709
0"
#5710
b101100001010 '
1"
#5711
0"
#5712
b101100001011 '
1"
#5713
0"
#5714
b101100001100 '
1"
#5715
0"
#5716
b101100001101 '
1"
#5717
0"
#5718
b101100001110 '
1"
#5719
0"
#5720
b101100001111 '
1"
#5721
0"
#5722
b101100010000 '
1"
#5723
0"
#5724
b101100010001 '
1"
#5725
0"
#5726
b101100010010 '
1"
#5727
0"
#5728
b101100010011 '
1"
#5729
0"
#5730
b101100010100 '
1"
#5731
0"
#5732
b101100010101 '
1"
#5733
0"
#5734
b101100010110 '
1"
#5735
0"
#5736
b101100010111 '
1"
#5737
0"
#5738
b101100011000 '
1"
#5739
0"
#5740
b101100011001 '
1"
#5741
0"
#5742
b101100011010 '
1"
#5743
0"
#5744
b101100011011 '
1"
#5745
0"
#5746
b101100011100 '
1"
#5747
0"
#5748
b101100011101 '
1"
#5749
0"
#5750
b101100011110 '
1"
#5751
0"
#5752
b101100011111 '
1"
#5753
0"
#5754
b101100100000 '
1"
#5755
0"
#5756
b101100100001 '
1"
#5757
0"
#5758
b101100100010 '
1"
#5759
0"
#5760
b101100100011 '
1"
#5761
0"
#5762
b101100100100 '
1"
#5763
0"
#5764
b101100100101 '
1"
#5765
0"
#5766
b101100100110 '
1"
#5767
0"
#5768
b101100100111 '
1"
#5769
0"
#5770
b101100101000 '
1"
#5771
0"
#5772
b101100101001 '
1"
#5773
0"
#5774
b101100101010 '
1"
#5775
0"
#5776
b101100101011 '
1"
#5777
0"
#5778
b101100101100 '
1"
#5779
0"
#5780
b101100101101 '
1"
#5781
0"
#5782
b101100101110 '
1"
#5783
0"
#5784
b101100101111 '
1"
#5785
0"
#5786
b101100110000 '
1"
#5787
0"
#5788
b101100110001 '
1"
#5789
0"
#5790
b101100110010 '
1"
#5791
0"
#5792
b101100110011 '
1"
#5793
0"
#5794
b101100110100 '
1"
#5795
0"
#5796
b101100110101 '
1"
#5797
0"
#5798
b101100110110 '
1"
#5799
0"
#5800
b101100110111 '
1"
#5801
0"
#5802
b101100111000 '
1"
#5803
0"
#5804
b101100111001 '
1"
#5805
0"
#5806
b101100111010 '
1"
#5807
0"
#5808
b101100111011 '
1"
#5809
0"
#5810
b101100111100 '
1"
#5811
0"
#5812
b101100111101 '
1"
#5813
0"
#5814
b101100111110 '
1"
#5815
0"
#5816
b101100111111 '
1"
#5817
0"
#5818
b101101000000 '
1"
#5819
0"
#5820
b101101000001 '
1"
#5821
0"
#5822
b101101000010 '
1"
#5823
0"
#5824
b101101000011 '
1"
#5825
0"
#5826
b101101000100 '
1"
#5827
0"
#5828
b101101000101 '
1"
#5829
0"
#5830
b101101000110 '
1"
#5831
0"
#5832
b101101000111 '
1"
#5833
0"
#5834
b101101001000 '
1"
#5835
0"
#5836
b101101001001 '
1"
#5837
0"
#5838
b101101001010 '
1"
#5839
0"
#5840
b101101001011 '
1"
#5841
0"
#5842
b101101001100 '
1"
#5843
0"
#5844
b101101001101 '
1"
#5845
0"
#5846
b101101001110 '
1"
#5847
0"
#5848
b101101001111 '
1"
#5849
0"
#5850
b101101010000 '
1"
#5851
0"
#5852
b101101010001 '
1"
#5853
0"
#5854
b101101010010 '
1"
#5855
0"
#5856
b101101010011 '
1"
#5857
0"
#5858
b101101010100 '
1"
#5859
0"
#5860
b101101010101 '
1"
#5861
0"
#5862
b101101010110 '
1"
#5863
0"
#5864
b101101010111 '
1"
#5865
0"
#5866
b101101011000 '
1"
#5867
0"
#5868
b101101011001 '
1"
#5869
0"
#5870
b101101011010 '
1"
#5871
0"
#5872
b101101011011 '
1"
#5873
0"
#5874
b101101011100 '
1"
#5875
0"
#5876
b101101011101 '
1"
#5877
0"
#5878
b101101011110 '
1"
#5879
0"
#5880
b101101011111 '
1"
#5881
0"
#5882
b101101100000 '
1"
#5883
0"
#5884
b101101100001 '
1"
#5885
0"
#5886
b101101100010 '
1"
#5887
0"
#5888
b101101100011 '
1"
#5889
0"
#5890
b101101100100 '
1"
#5891
0"
#5892
b101101100101 '
1"
#5893
0"
#5894
b101101100110 '
1"
#5895
0"
#5896
b101101100111 '
1"
#5897
0"
#5898
b101101101000 '
1"
#5899
0"
#5900
b101101101001 '
1"
#5901
0"
#5902
b101101101010 '
1"
#5903
0"
#5904
b101101101011 '
1"
#5905
0"
#5906
b101101101100 '
1"
#5907
0"
#5908
b101101101101 '
1"
#5909
0"
#5910
b101101101110 '
1"
#5911
0"
#5912
b101101101111 '
1"
#5913
0"
#5914
b101101110000 '
1"
#5915
0"
#5916
b101101110001 '
1"
#5917
0"
#5918
b101101110010 '
1"
#5919
0"
#5920
b101101110011 '
1"
#5921
0"
#5922
b101101110100 '
1"
#5923
0"
#5924
b101101110101 '
1"
#5925
0"
#5926
b101101110110 '
1"
#5927
0"
#5928
b101101110111 '
1"
#5929
0"
#5930
b101101111000 '
1"
#5931
0"
#5932
b101101111001 '
1"
#5933
0"
#5934
b101101111010 '
1"
#5935
0"
#5936
b101101111011 '
1"
#5937
0"
#5938
b101101111100 '
1"
#5939
0"
#5940
b101101111101 '
1"
#5941
0"
#5942
b101101111110 '
1"
#5943
0"
#5944
b101101111111 '
1"
#5945
0"
#5946
b101110000000 '
1"
#5947
0"
#5948
b101110000001 '
1"
#5949
0"
#5950
b101110000010 '
1"
#5951
0"
#5952
b101110000011 '
1"
#5953
0"
#5954
b101110000100 '
1"
#5955
0"
#5956
b101110000101 '
1"
#5957
0"
#5958
b101110000110 '
1"
#5959
0"
#5960
b101110000111 '
1"
#5961
0"
#5962
b101110001000 '
1"
#5963
0"
#5964
b101110001001 '
1"
#5965
0"
#5966
b101110001010 '
1"
#5967
0"
#5968
b101110001011 '
1"
#5969
0"
#5970
b101110001100 '
1"
#5971
0"
#5972
b101110001101 '
1"
#5973
0"
#5974
b101110001110 '
1"
#5975
0"
#5976
b101110001111 '
1"
#5977
0"
#5978
b101110010000 '
1"
#5979
0"
#5980
b101110010001 '
1"
#5981
0"
#5982
b101110010010 '
1"
#5983
0"
#5984
b101110010011 '
1"
#5985
0"
#5986
b101110010100 '
1"
#5987
0"
#5988
b101110010101 '
1"
#5989
0"
#5990
b101110010110 '
1"
#5991
0"
#5992
b101110010111 '
1"
#5993
0"
#5994
b101110011000 '
1"
#5995
0"
#5996
b101110011001 '
1"
#5997
0"
#5998
b101110011010 '
1"
#5999
0"
#6000
b101110011011 '
1"
#6001
0"
#6002
b101110011100 '
1"
#6003
0"
#6004
b101110011101 '
1"
#6005
0"
#6006
b101110011110 '
1"
#6007
0"
#6008
b101110011111 '
1"
#6009
0"
#6010
b101110100000 '
1"
#6011
0"
#6012
b101110100001 '
1"
#6013
0"
#6014
b101110100010 '
1"
#6015
0"
#6016
b101110100011 '
1"
#6017
0"
#6018
b101110100100 '
1"
#6019
0"
#6020
b101110100101 '
1"
#6021
0"
#6022
b101110100110 '
1"
#6023
0"
#6024
b101110100111 '
1"
#6025
0"
#6026
b101110101000 '
1"
#6027
0"
#6028
b101110101001 '
1"
#6029
0"
#6030
b101110101010 '
1"
#6031
0"
#6032
b101110101011 '
1"
#6033
0"
#6034
b101110101100 '
1"
#6035
0"
#6036
b101110101101 '
1"
#6037
0"
#6038
b101110101110 '
1"
#6039
0"
#6040
b101110101111 '
1"
#6041
0"
#6042
b101110110000 '
1"
#6043
0"
#6044
b101110110001 '
1"
#6045
0"
#6046
b101110110010 '
1"
#6047
0"
#6048
b101110110011 '
1"
#6049
0"
#6050
b101110110100 '
1"
#6051
0"
#6052
b101110110101 '
1"
#6053
0"
#6054
b101110110110 '
1"
#6055
0"
#6056
b101110110111 '
1"
#6057
0"
#6058
b101110111000 '
1"
#6059
0"
#6060
b101110111001 '
1"
#6061
0"
#6062
b101110111010 '
1"
#6063
0"
#6064
b101110111011 '
1"
#6065
0"
#6066
b101110111100 '
1"
#6067
0"
#6068
b101110111101 '
1"
#6069
0"
#6070
b101110111110 '
1"
#6071
0"
#6072
b101110111111 '
1"
#6073
0"
#6074
b101111000000 '
1"
#6075
0"
#6076
b101111000001 '
1"
#6077
0"
#6078
b101111000010 '
1"
#6079
0"
#6080
b101111000011 '
1"
#6081
0"
#6082
b101111000100 '
1"
#6083
0"
#6084
b101111000101 '
1"
#6085
0"
#6086
b101111000110 '
1"
#6087
0"
#6088
b101111000111 '
1"
#6089
0"
#6090
b101111001000 '
1"
#6091
0"
#6092
b101111001001 '
1"
#6093
0"
#6094
b101111001010 '
1"
#6095
0"
#6096
b101111001011 '
1"
#6097
0"
#6098
b101111001100 '
1"
#6099
0"
#6100
b101111001101 '
1"
#6101
0"
#6102
b101111001110 '
1"
#6103
0"
#6104
b101111001111 '
1"
#6105
0"
#6106
b101111010000 '
1"
#6107
0"
#6108
b101111010001 '
1"
#6109
0"
#6110
b101111010010 '
1"
#6111
0"
#6112
b101111010011 '
1"
#6113
0"
#6114
b101111010100 '
1"
#6115
0"
#6116
b101111010101 '
1"
#6117
0"
#6118
b101111010110 '
1"
#6119
0"
#6120
b101111010111 '
1"
#6121
0"
#6122
b101111011000 '
1"
#6123
0"
#6124
b101111011001 '
1"
#6125
0"
#6126
b101111011010 '
1"
#6127
0"
#6128
b101111011011 '
1"
#6129
0"
#6130
b101111011100 '
1"
#6131
0"
#6132
b101111011101 '
1"
#6133
0"
#6134
b101111011110 '
1"
#6135
0"
#6136
b101111011111 '
1"
#6137
0"
#6138
b101111100000 '
1"
#6139
0"
#6140
b101111100001 '
1"
#6141
0"
#6142
b101111100010 '
1"
#6143
0"
#6144
b101111100011 '
1"
#6145
0"
#6146
b101111100100 '
1"
#6147
0"
#6148
b101111100101 '
1"
#6149
0"
#6150
b101111100110 '
1"
#6151
0"
#6152
b101111100111 '
1"
#6153
0"
#6154
b101111101000 '
1"
#6155
0"
#6156
b101111101001 '
1"
#6157
0"
#6158
b101111101010 '
1"
#6159
0"
#6160
b101111101011 '
1"
#6161
0"
#6162
b101111101100 '
1"
#6163
0"
#6164
b101111101101 '
1"
#6165
0"
#6166
b101111101110 '
1"
#6167
0"
#6168
b101111101111 '
1"
#6169
0"
#6170
b101111110000 '
1"
#6171
0"
#6172
b101111110001 '
1"
#6173
0"
#6174
b101111110010 '
1"
#6175
0"
#6176
b101111110011 '
1"
#6177
0"
#6178
b101111110100 '
1"
#6179
0"
#6180
b101111110101 '
1"
#6181
0"
#6182
b101111110110 '
1"
#6183
0"
#6184
b101111110111 '
1"
#6185
0"
#6186
b101111111000 '
1"
#6187
0"
#6188
b101111111001 '
1"
#6189
0"
#6190
b101111111010 '
1"
#6191
0"
#6192
b101111111011 '
1"
#6193
0"
#6194
b101111111100 '
1"
#6195
0"
#6196
b101111111101 '
1"
#6197
0"
#6198
b101111111110 '
1"
#6199
0"
#6200
b101111111111 '
1"
#6201
0"
#6202
b110000000000 '
1"
#6203
0"
#6204
b110000000001 '
1"
#6205
0"
#6206
b110000000010 '
1"
#6207
0"
#6208
b110000000011 '
1"
#6209
0"
#6210
b110000000100 '
1"
#6211
0"
#6212
b110000000101 '
1"
#6213
0"
#6214
b110000000110 '
1"
#6215
0"
#6216
b110000000111 '
1"
#6217
0"
#6218
b110000001000 '
1"
#6219
0"
#6220
b110000001001 '
1"
#6221
0"
#6222
b110000001010 '
1"
#6223
0"
#6224
b110000001011 '
1"
#6225
0"
#6226
b110000001100 '
1"
#6227
0"
#6228
b110000001101 '
1"
#6229
0"
#6230
b110000001110 '
1"
#6231
0"
#6232
b110000001111 '
1"
#6233
0"
#6234
b110000010000 '
1"
#6235
0"
#6236
b110000010001 '
1"
#6237
0"
#6238
b110000010010 '
1"
#6239
0"
#6240
b110000010011 '
1"
#6241
0"
#6242
b110000010100 '
1"
#6243
0"
#6244
b110000010101 '
1"
#6245
0"
#6246
b110000010110 '
1"
#6247
0"
#6248
b110000010111 '
1"
#6249
0"
#6250
b110000011000 '
1"
#6251
0"
#6252
b110000011001 '
1"
#6253
0"
#6254
b110000011010 '
1"
#6255
0"
#6256
b110000011011 '
1"
#6257
0"
#6258
b110000011100 '
1"
#6259
0"
#6260
b110000011101 '
1"
#6261
0"
#6262
b110000011110 '
1"
#6263
0"
#6264
b110000011111 '
1"
#6265
0"
#6266
b110000100000 '
1"
#6267
0"
#6268
b110000100001 '
1"
#6269
0"
#6270
b110000100010 '
1"
#6271
0"
#6272
b110000100011 '
1"
#6273
0"
#6274
b110000100100 '
1"
#6275
0"
#6276
b110000100101 '
1"
#6277
0"
#6278
b110000100110 '
1"
#6279
0"
#6280
b110000100111 '
1"
#6281
0"
#6282
b110000101000 '
1"
#6283
0"
#6284
b110000101001 '
1"
#6285
0"
#6286
b110000101010 '
1"
#6287
0"
#6288
b110000101011 '
1"
#6289
0"
#6290
b110000101100 '
1"
#6291
0"
#6292
b110000101101 '
1"
#6293
0"
#6294
b110000101110 '
1"
#6295
0"
#6296
b110000101111 '
1"
#6297
0"
#6298
b110000110000 '
1"
#6299
0"
#6300
b110000110001 '
1"
#6301
0"
#6302
b110000110010 '
1"
#6303
0"
#6304
b110000110011 '
1"
#6305
0"
#6306
b110000110100 '
1"
#6307
0"
#6308
b110000110101 '
1"
#6309
0"
#6310
b110000110110 '
1"
#6311
0"
#6312
b110000110111 '
1"
#6313
0"
#6314
b110000111000 '
1"
#6315
0"
#6316
b110000111001 '
1"
#6317
0"
#6318
b110000111010 '
1"
#6319
0"
#6320
b110000111011 '
1"
#6321
0"
#6322
b110000111100 '
1"
#6323
0"
#6324
b110000111101 '
1"
#6325
0"
#6326
b110000111110 '
1"
#6327
0"
#6328
b110000111111 '
1"
#6329
0"
#6330
b110001000000 '
1"
#6331
0"
#6332
b110001000001 '
1"
#6333
0"
#6334
b110001000010 '
1"
#6335
0"
#6336
b110001000011 '
1"
#6337
0"
#6338
b110001000100 '
1"
#6339
0"
#6340
b110001000101 '
1"
#6341
0"
#6342
b110001000110 '
1"
#6343
0"
#6344
b110001000111 '
1"
#6345
0"
#6346
b110001001000 '
1"
#6347
0"
#6348
b110001001001 '
1"
#6349
0"
#6350
b110001001010 '
1"
#6351
0"
#6352
b110001001011 '
1"
#6353
0"
#6354
b110001001100 '
1"
#6355
0"
#6356
b110001001101 '
1"
#6357
0"
#6358
b110001001110 '
1"
#6359
0"
#6360
b110001001111 '
1"
#6361
0"
#6362
b110001010000 '
1"
#6363
0"
#6364
b110001010001 '
1"
#6365
0"
#6366
b110001010010 '
1"
#6367
0"
#6368
b110001010011 '
1"
#6369
0"
#6370
b110001010100 '
1"
#6371
0"
#6372
b110001010101 '
1"
#6373
0"
#6374
b110001010110 '
1"
#6375
0"
#6376
b110001010111 '
1"
#6377
0"
#6378
b110001011000 '
1"
#6379
0"
#6380
b110001011001 '
1"
#6381
0"
#6382
b110001011010 '
1"
#6383
0"
#6384
b110001011011 '
1"
#6385
0"
#6386
b110001011100 '
1"
#6387
0"
#6388
b110001011101 '
1"
#6389
0"
#6390
b110001011110 '
1"
#6391
0"
#6392
b110001011111 '
1"
#6393
0"
#6394
b110001100000 '
1"
#6395
0"
#6396
b110001100001 '
1"
#6397
0"
#6398
b110001100010 '
1"
#6399
0"
#6400
b110001100011 '
1"
#6401
0"
#6402
b110001100100 '
1"
#6403
0"
#6404
b110001100101 '
1"
#6405
0"
#6406
b110001100110 '
1"
#6407
0"
#6408
b110001100111 '
1"
#6409
0"
#6410
b110001101000 '
1"
#6411
0"
#6412
b110001101001 '
1"
#6413
0"
#6414
b110001101010 '
1"
#6415
0"
#6416
b110001101011 '
1"
#6417
0"
#6418
b110001101100 '
1"
#6419
0"
#6420
b110001101101 '
1"
#6421
0"
#6422
b110001101110 '
1"
#6423
0"
#6424
b110001101111 '
1"
#6425
0"
#6426
b110001110000 '
1"
#6427
0"
#6428
b110001110001 '
1"
#6429
0"
#6430
b110001110010 '
1"
#6431
0"
#6432
b110001110011 '
1"
#6433
0"
#6434
b110001110100 '
1"
#6435
0"
#6436
b110001110101 '
1"
#6437
0"
#6438
b110001110110 '
1"
#6439
0"
#6440
b110001110111 '
1"
#6441
0"
#6442
b110001111000 '
1"
#6443
0"
#6444
b110001111001 '
1"
#6445
0"
#6446
b110001111010 '
1"
#6447
0"
#6448
b110001111011 '
1"
#6449
0"
#6450
b110001111100 '
1"
#6451
0"
#6452
b110001111101 '
1"
#6453
0"
#6454
b110001111110 '
1"
#6455
0"
#6456
b110001111111 '
1"
#6457
0"
#6458
b110010000000 '
1"
#6459
0"
#6460
b110010000001 '
1"
#6461
0"
#6462
b110010000010 '
1"
#6463
0"
#6464
b110010000011 '
1"
#6465
0"
#6466
b110010000100 '
1"
#6467
0"
#6468
b110010000101 '
1"
#6469
0"
#6470
b110010000110 '
1"
#6471
0"
#6472
b110010000111 '
1"
#6473
0"
#6474
b110010001000 '
1"
#6475
0"
#6476
b110010001001 '
1"
#6477
0"
#6478
b110010001010 '
1"
#6479
0"
#6480
b110010001011 '
1"
#6481
0"
#6482
b110010001100 '
1"
#6483
0"
#6484
b110010001101 '
1"
#6485
0"
#6486
b110010001110 '
1"
#6487
0"
#6488
b110010001111 '
1"
#6489
0"
#6490
b110010010000 '
1"
#6491
0"
#6492
b110010010001 '
1"
#6493
0"
#6494
b110010010010 '
1"
#6495
0"
#6496
b110010010011 '
1"
#6497
0"
#6498
b110010010100 '
1"
#6499
0"
#6500
b110010010101 '
1"
#6501
0"
#6502
b110010010110 '
1"
#6503
0"
#6504
b110010010111 '
1"
#6505
0"
#6506
b110010011000 '
1"
#6507
0"
#6508
b110010011001 '
1"
#6509
0"
#6510
b110010011010 '
1"
#6511
0"
#6512
b110010011011 '
1"
#6513
0"
#6514
b110010011100 '
1"
#6515
0"
#6516
b110010011101 '
1"
#6517
0"
#6518
b110010011110 '
1"
#6519
0"
#6520
b110010011111 '
1"
#6521
0"
#6522
b110010100000 '
1"
#6523
0"
#6524
b110010100001 '
1"
#6525
0"
#6526
b110010100010 '
1"
#6527
0"
#6528
b110010100011 '
1"
#6529
0"
#6530
b110010100100 '
1"
#6531
0"
#6532
b110010100101 '
1"
#6533
0"
#6534
b110010100110 '
1"
#6535
0"
#6536
b110010100111 '
1"
#6537
0"
#6538
b110010101000 '
1"
#6539
0"
#6540
b110010101001 '
1"
#6541
0"
#6542
b110010101010 '
1"
#6543
0"
#6544
b110010101011 '
1"
#6545
0"
#6546
b110010101100 '
1"
#6547
0"
#6548
b110010101101 '
1"
#6549
0"
#6550
b110010101110 '
1"
#6551
0"
#6552
b110010101111 '
1"
#6553
0"
#6554
b110010110000 '
1"
#6555
0"
#6556
b110010110001 '
1"
#6557
0"
#6558
b110010110010 '
1"
#6559
0"
#6560
b110010110011 '
1"
#6561
0"
#6562
b110010110100 '
1"
#6563
0"
#6564
b110010110101 '
1"
#6565
0"
#6566
b110010110110 '
1"
#6567
0"
#6568
b110010110111 '
1"
#6569
0"
#6570
b110010111000 '
1"
#6571
0"
#6572
b110010111001 '
1"
#6573
0"
#6574
b110010111010 '
1"
#6575
0"
#6576
b110010111011 '
1"
#6577
0"
#6578
b110010111100 '
1"
#6579
0"
#6580
b110010111101 '
1"
#6581
0"
#6582
b110010111110 '
1"
#6583
0"
#6584
b110010111111 '
1"
#6585
0"
#6586
b110011000000 '
1"
#6587
0"
#6588
b110011000001 '
1"
#6589
0"
#6590
b110011000010 '
1"
#6591
0"
#6592
b110011000011 '
1"
#6593
0"
#6594
b110011000100 '
1"
#6595
0"
#6596
b110011000101 '
1"
#6597
0"
#6598
b110011000110 '
1"
#6599
0"
#6600
b110011000111 '
1"
#6601
0"
#6602
b110011001000 '
1"
#6603
0"
#6604
b110011001001 '
1"
#6605
0"
#6606
b110011001010 '
1"
#6607
0"
#6608
b110011001011 '
1"
#6609
0"
#6610
b110011001100 '
1"
#6611
0"
#6612
b110011001101 '
1"
#6613
0"
#6614
b110011001110 '
1"
#6615
0"
#6616
b110011001111 '
1"
#6617
0"
#6618
b110011010000 '
1"
#6619
0"
#6620
b110011010001 '
1"
#6621
0"
#6622
b110011010010 '
1"
#6623
0"
#6624
b110011010011 '
1"
#6625
0"
#6626
b110011010100 '
1"
#6627
0"
#6628
b110011010101 '
1"
#6629
0"
#6630
b110011010110 '
1"
#6631
0"
#6632
b110011010111 '
1"
#6633
0"
#6634
b110011011000 '
1"
#6635
0"
#6636
b110011011001 '
1"
#6637
0"
#6638
b110011011010 '
1"
#6639
0"
#6640
b110011011011 '
1"
#6641
0"
#6642
b110011011100 '
1"
#6643
0"
#6644
b110011011101 '
1"
#6645
0"
#6646
b110011011110 '
1"
#6647
0"
#6648
b110011011111 '
1"
#6649
0"
#6650
b110011100000 '
1"
#6651
0"
#6652
b110011100001 '
1"
#6653
0"
#6654
b110011100010 '
1"
#6655
0"
#6656
b110011100011 '
1"
#6657
0"
#6658
b110011100100 '
1"
#6659
0"
#6660
b110011100101 '
1"
#6661
0"
#6662
b110011100110 '
1"
#6663
0"
#6664
b110011100111 '
1"
#6665
0"
#6666
b110011101000 '
1"
#6667
0"
#6668
b110011101001 '
1"
#6669
0"
#6670
b110011101010 '
1"
#6671
0"
#6672
b110011101011 '
1"
#6673
0"
#6674
b110011101100 '
1"
#6675
0"
#6676
b110011101101 '
1"
#6677
0"
#6678
b110011101110 '
1"
#6679
0"
#6680
b110011101111 '
1"
#6681
0"
#6682
b110011110000 '
1"
#6683
0"
#6684
b110011110001 '
1"
#6685
0"
#6686
b110011110010 '
1"
#6687
0"
#6688
b110011110011 '
1"
#6689
0"
#6690
b110011110100 '
1"
#6691
0"
#6692
b110011110101 '
1"
#6693
0"
#6694
b110011110110 '
1"
#6695
0"
#6696
b110011110111 '
1"
#6697
0"
#6698
b110011111000 '
1"
#6699
0"
#6700
b110011111001 '
1"
#6701
0"
#6702
b110011111010 '
1"
#6703
0"
#6704
b110011111011 '
1"
#6705
0"
#6706
b110011111100 '
1"
#6707
0"
#6708
b110011111101 '
1"
#6709
0"
#6710
b110011111110 '
1"
#6711
0"
#6712
b110011111111 '
1"
#6713
0"
#6714
b110100000000 '
1"
#6715
0"
#6716
b110100000001 '
1"
#6717
0"
#6718
b110100000010 '
1"
#6719
0"
#6720
b110100000011 '
1"
#6721
0"
#6722
b110100000100 '
1"
#6723
0"
#6724
b110100000101 '
1"
#6725
0"
#6726
b110100000110 '
1"
#6727
0"
#6728
b110100000111 '
1"
#6729
0"
#6730
b110100001000 '
1"
#6731
0"
#6732
b110100001001 '
1"
#6733
0"
#6734
b110100001010 '
1"
#6735
0"
#6736
b110100001011 '
1"
#6737
0"
#6738
b110100001100 '
1"
#6739
0"
#6740
b110100001101 '
1"
#6741
0"
#6742
b110100001110 '
1"
#6743
0"
#6744
b110100001111 '
1"
#6745
0"
#6746
b110100010000 '
1"
#6747
0"
#6748
b110100010001 '
1"
#6749
0"
#6750
b110100010010 '
1"
#6751
0"
#6752
b110100010011 '
1"
#6753
0"
#6754
b110100010100 '
1"
#6755
0"
#6756
b110100010101 '
1"
#6757
0"
#6758
b110100010110 '
1"
#6759
0"
#6760
b110100010111 '
1"
#6761
0"
#6762
b110100011000 '
1"
#6763
0"
#6764
b110100011001 '
1"
#6765
0"
#6766
b110100011010 '
1"
#6767
0"
#6768
b110100011011 '
1"
#6769
0"
#6770
b110100011100 '
1"
#6771
0"
#6772
b110100011101 '
1"
#6773
0"
#6774
b110100011110 '
1"
#6775
0"
#6776
b110100011111 '
1"
#6777
0"
#6778
b110100100000 '
1"
#6779
0"
#6780
b110100100001 '
1"
#6781
0"
#6782
b110100100010 '
1"
#6783
0"
#6784
b110100100011 '
1"
#6785
0"
#6786
b110100100100 '
1"
#6787
0"
#6788
b110100100101 '
1"
#6789
0"
#6790
b110100100110 '
1"
#6791
0"
#6792
b110100100111 '
1"
#6793
0"
#6794
b110100101000 '
1"
#6795
0"
#6796
b110100101001 '
1"
#6797
0"
#6798
b110100101010 '
1"
#6799
0"
#6800
b110100101011 '
1"
#6801
0"
#6802
b110100101100 '
1"
#6803
0"
#6804
b110100101101 '
1"
#6805
0"
#6806
b110100101110 '
1"
#6807
0"
#6808
b110100101111 '
1"
#6809
0"
#6810
b110100110000 '
1"
#6811
0"
#6812
b110100110001 '
1"
#6813
0"
#6814
b110100110010 '
1"
#6815
0"
#6816
b110100110011 '
1"
#6817
0"
#6818
b110100110100 '
1"
#6819
0"
#6820
b110100110101 '
1"
#6821
0"
#6822
b110100110110 '
1"
#6823
0"
#6824
b110100110111 '
1"
#6825
0"
#6826
b110100111000 '
1"
#6827
0"
#6828
b110100111001 '
1"
#6829
0"
#6830
b110100111010 '
1"
#6831
0"
#6832
b110100111011 '
1"
#6833
0"
#6834
b110100111100 '
1"
#6835
0"
#6836
b110100111101 '
1"
#6837
0"
#6838
b110100111110 '
1"
#6839
0"
#6840
b110100111111 '
1"
#6841
0"
#6842
b110101000000 '
1"
#6843
0"
#6844
b110101000001 '
1"
#6845
0"
#6846
b110101000010 '
1"
#6847
0"
#6848
b110101000011 '
1"
#6849
0"
#6850
b110101000100 '
1"
#6851
0"
#6852
b110101000101 '
1"
#6853
0"
#6854
b110101000110 '
1"
#6855
0"
#6856
b110101000111 '
1"
#6857
0"
#6858
b110101001000 '
1"
#6859
0"
#6860
b110101001001 '
1"
#6861
0"
#6862
b110101001010 '
1"
#6863
0"
#6864
b110101001011 '
1"
#6865
0"
#6866
b110101001100 '
1"
#6867
0"
#6868
b110101001101 '
1"
#6869
0"
#6870
b110101001110 '
1"
#6871
0"
#6872
b110101001111 '
1"
#6873
0"
#6874
b110101010000 '
1"
#6875
0"
#6876
b110101010001 '
1"
#6877
0"
#6878
b110101010010 '
1"
#6879
0"
#6880
b110101010011 '
1"
#6881
0"
#6882
b110101010100 '
1"
#6883
0"
#6884
b110101010101 '
1"
#6885
0"
#6886
b110101010110 '
1"
#6887
0"
#6888
b110101010111 '
1"
#6889
0"
#6890
b110101011000 '
1"
#6891
0"
#6892
b110101011001 '
1"
#6893
0"
#6894
b110101011010 '
1"
#6895
0"
#6896
b110101011011 '
1"
#6897
0"
#6898
b110101011100 '
1"
#6899
0"
#6900
b110101011101 '
1"
#6901
0"
#6902
b110101011110 '
1"
#6903
0"
#6904
b110101011111 '
1"
#6905
0"
#6906
b110101100000 '
1"
#6907
0"
#6908
b110101100001 '
1"
#6909
0"
#6910
b110101100010 '
1"
#6911
0"
#6912
b110101100011 '
1"
#6913
0"
#6914
b110101100100 '
1"
#6915
0"
#6916
b110101100101 '
1"
#6917
0"
#6918
b110101100110 '
1"
#6919
0"
#6920
b110101100111 '
1"
#6921
0"
#6922
b110101101000 '
1"
#6923
0"
#6924
b110101101001 '
1"
#6925
0"
#6926
b110101101010 '
1"
#6927
0"
#6928
b110101101011 '
1"
#6929
0"
#6930
b110101101100 '
1"
#6931
0"
#6932
b110101101101 '
1"
#6933
0"
#6934
b110101101110 '
1"
#6935
0"
#6936
b110101101111 '
1"
#6937
0"
#6938
b110101110000 '
1"
#6939
0"
#6940
b110101110001 '
1"
#6941
0"
#6942
b110101110010 '
1"
#6943
0"
#6944
b110101110011 '
1"
#6945
0"
#6946
b110101110100 '
1"
#6947
0"
#6948
b110101110101 '
1"
#6949
0"
#6950
b110101110110 '
1"
#6951
0"
#6952
b110101110111 '
1"
#6953
0"
#6954
b110101111000 '
1"
#6955
0"
#6956
b110101111001 '
1"
#6957
0"
#6958
b110101111010 '
1"
#6959
0"
#6960
b110101111011 '
1"
#6961
0"
#6962
b110101111100 '
1"
#6963
0"
#6964
b110101111101 '
1"
#6965
0"
#6966
b110101111110 '
1"
#6967
0"
#6968
b110101111111 '
1"
#6969
0"
#6970
b110110000000 '
1"
#6971
0"
#6972
b110110000001 '
1"
#6973
0"
#6974
b110110000010 '
1"
#6975
0"
#6976
b110110000011 '
1"
#6977
0"
#6978
b110110000100 '
1"
#6979
0"
#6980
b110110000101 '
1"
#6981
0"
#6982
b110110000110 '
1"
#6983
0"
#6984
b110110000111 '
1"
#6985
0"
#6986
b110110001000 '
1"
#6987
0"
#6988
b110110001001 '
1"
#6989
0"
#6990
b110110001010 '
1"
#6991
0"
#6992
b110110001011 '
1"
#6993
0"
#6994
b110110001100 '
1"
#6995
0"
#6996
b110110001101 '
1"
#6997
0"
#6998
b110110001110 '
1"
#6999
0"
#7000
b110110001111 '
1"
#7001
0"
#7002
b110110010000 '
1"
#7003
0"
#7004
b110110010001 '
1"
#7005
0"
#7006
b110110010010 '
1"
#7007
0"
#7008
b110110010011 '
1"
#7009
0"
#7010
b110110010100 '
1"
#7011
0"
#7012
b110110010101 '
1"
#7013
0"
#7014
b110110010110 '
1"
#7015
0"
#7016
b110110010111 '
1"
#7017
0"
#7018
b110110011000 '
1"
#7019
0"
#7020
b110110011001 '
1"
#7021
0"
#7022
b110110011010 '
1"
#7023
0"
#7024
b110110011011 '
1"
#7025
0"
#7026
b110110011100 '
1"
#7027
0"
#7028
b110110011101 '
1"
#7029
0"
#7030
b110110011110 '
1"
#7031
0"
#7032
b110110011111 '
1"
#7033
0"
#7034
b110110100000 '
1"
#7035
0"
#7036
b110110100001 '
1"
#7037
0"
#7038
b110110100010 '
1"
#7039
0"
#7040
b110110100011 '
1"
#7041
0"
#7042
b110110100100 '
1"
#7043
0"
#7044
b110110100101 '
1"
#7045
0"
#7046
b110110100110 '
1"
#7047
0"
#7048
b110110100111 '
1"
#7049
0"
#7050
b110110101000 '
1"
#7051
0"
#7052
b110110101001 '
1"
#7053
0"
#7054
b110110101010 '
1"
#7055
0"
#7056
b110110101011 '
1"
#7057
0"
#7058
b110110101100 '
1"
#7059
0"
#7060
b110110101101 '
1"
#7061
0"
#7062
b110110101110 '
1"
#7063
0"
#7064
b110110101111 '
1"
#7065
0"
#7066
b110110110000 '
1"
#7067
0"
#7068
b110110110001 '
1"
#7069
0"
#7070
b110110110010 '
1"
#7071
0"
#7072
b110110110011 '
1"
#7073
0"
#7074
b110110110100 '
1"
#7075
0"
#7076
b110110110101 '
1"
#7077
0"
#7078
b110110110110 '
1"
#7079
0"
#7080
b110110110111 '
1"
#7081
0"
#7082
b110110111000 '
1"
#7083
0"
#7084
b110110111001 '
1"
#7085
0"
#7086
b110110111010 '
1"
#7087
0"
#7088
b110110111011 '
1"
#7089
0"
#7090
b110110111100 '
1"
#7091
0"
#7092
b110110111101 '
1"
#7093
0"
#7094
b110110111110 '
1"
#7095
0"
#7096
b110110111111 '
1"
#7097
0"
#7098
b110111000000 '
1"
#7099
0"
#7100
b110111000001 '
1"
#7101
0"
#7102
b110111000010 '
1"
#7103
0"
#7104
b110111000011 '
1"
#7105
0"
#7106
b110111000100 '
1"
#7107
0"
#7108
b110111000101 '
1"
#7109
0"
#7110
b110111000110 '
1"
#7111
0"
#7112
b110111000111 '
1"
#7113
0"
#7114
b110111001000 '
1"
#7115
0"
#7116
b110111001001 '
1"
#7117
0"
#7118
b110111001010 '
1"
#7119
0"
#7120
b110111001011 '
1"
#7121
0"
#7122
b110111001100 '
1"
#7123
0"
#7124
b110111001101 '
1"
#7125
0"
#7126
b110111001110 '
1"
#7127
0"
#7128
b110111001111 '
1"
#7129
0"
#7130
b110111010000 '
1"
#7131
0"
#7132
b110111010001 '
1"
#7133
0"
#7134
b110111010010 '
1"
#7135
0"
#7136
b110111010011 '
1"
#7137
0"
#7138
b110111010100 '
1"
#7139
0"
#7140
b110111010101 '
1"
#7141
0"
#7142
b110111010110 '
1"
#7143
0"
#7144
b110111010111 '
1"
#7145
0"
#7146
b110111011000 '
1"
#7147
0"
#7148
b110111011001 '
1"
#7149
0"
#7150
b110111011010 '
1"
#7151
0"
#7152
b110111011011 '
1"
#7153
0"
#7154
b110111011100 '
1"
#7155
0"
#7156
b110111011101 '
1"
#7157
0"
#7158
b110111011110 '
1"
#7159
0"
#7160
b110111011111 '
1"
#7161
0"
#7162
b110111100000 '
1"
#7163
0"
#7164
b110111100001 '
1"
#7165
0"
#7166
b110111100010 '
1"
#7167
0"
#7168
b110111100011 '
1"
#7169
0"
#7170
b110111100100 '
1"
#7171
0"
#7172
b110111100101 '
1"
#7173
0"
#7174
b110111100110 '
1"
#7175
0"
#7176
b110111100111 '
1"
#7177
0"
#7178
b110111101000 '
1"
#7179
0"
#7180
b110111101001 '
1"
#7181
0"
#7182
b110111101010 '
1"
#7183
0"
#7184
b110111101011 '
1"
#7185
0"
#7186
b110111101100 '
1"
#7187
0"
#7188
b110111101101 '
1"
#7189
0"
#7190
b110111101110 '
1"
#7191
0"
#7192
b110111101111 '
1"
#7193
0"
#7194
b110111110000 '
1"
#7195
0"
#7196
b110111110001 '
1"
#7197
0"
#7198
b110111110010 '
1"
#7199
0"
#7200
b110111110011 '
1"
#7201
0"
#7202
b110111110100 '
1"
#7203
0"
#7204
b110111110101 '
1"
#7205
0"
#7206
b110111110110 '
1"
#7207
0"
#7208
b110111110111 '
1"
#7209
0"
#7210
b110111111000 '
1"
#7211
0"
#7212
b110111111001 '
1"
#7213
0"
#7214
b110111111010 '
1"
#7215
0"
#7216
b110111111011 '
1"
#7217
0"
#7218
b110111111100 '
1"
#7219
0"
#7220
b110111111101 '
1"
#7221
0"
#7222
b110111111110 '
1"
#7223
0"
#7224
b110111111111 '
1"
#7225
0"
#7226
b111000000000 '
1"
#7227
0"
#7228
b111000000001 '
1"
#7229
0"
#7230
b111000000010 '
1"
#7231
0"
#7232
b111000000011 '
1"
#7233
0"
#7234
b111000000100 '
1"
#7235
0"
#7236
b111000000101 '
1"
#7237
0"
#7238
b111000000110 '
1"
#7239
0"
#7240
b111000000111 '
1"
#7241
0"
#7242
b111000001000 '
1"
#7243
0"
#7244
b111000001001 '
1"
#7245
0"
#7246
b111000001010 '
1"
#7247
0"
#7248
b111000001011 '
1"
#7249
0"
#7250
b111000001100 '
1"
#7251
0"
#7252
b111000001101 '
1"
#7253
0"
#7254
b111000001110 '
1"
#7255
0"
#7256
b111000001111 '
1"
#7257
0"
#7258
b111000010000 '
1"
#7259
0"
#7260
b111000010001 '
1"
#7261
0"
#7262
b111000010010 '
1"
#7263
0"
#7264
b111000010011 '
1"
#7265
0"
#7266
b111000010100 '
1"
#7267
0"
#7268
b111000010101 '
1"
#7269
0"
#7270
b111000010110 '
1"
#7271
0"
#7272
b111000010111 '
1"
#7273
0"
#7274
b111000011000 '
1"
#7275
0"
#7276
b111000011001 '
1"
#7277
0"
#7278
b111000011010 '
1"
#7279
0"
#7280
b111000011011 '
1"
#7281
0"
#7282
b111000011100 '
1"
#7283
0"
#7284
b111000011101 '
1"
#7285
0"
#7286
b111000011110 '
1"
#7287
0"
#7288
b111000011111 '
1"
#7289
0"
#7290
b111000100000 '
1"
#7291
0"
#7292
b111000100001 '
1"
#7293
0"
#7294
b111000100010 '
1"
#7295
0"
#7296
b111000100011 '
1"
#7297
0"
#7298
b111000100100 '
1"
#7299
0"
#7300
b111000100101 '
1"
#7301
0"
#7302
b111000100110 '
1"
#7303
0"
#7304
b111000100111 '
1"
#7305
0"
#7306
b111000101000 '
1"
#7307
0"
#7308
b111000101001 '
1"
#7309
0"
#7310
b111000101010 '
1"
#7311
0"
#7312
b111000101011 '
1"
#7313
0"
#7314
b111000101100 '
1"
#7315
0"
#7316
b111000101101 '
1"
#7317
0"
#7318
b111000101110 '
1"
#7319
0"
#7320
b111000101111 '
1"
#7321
0"
#7322
b111000110000 '
1"
#7323
0"
#7324
b111000110001 '
1"
#7325
0"
#7326
b111000110010 '
1"
#7327
0"
#7328
b111000110011 '
1"
#7329
0"
#7330
b111000110100 '
1"
#7331
0"
#7332
b111000110101 '
1"
#7333
0"
#7334
b111000110110 '
1"
#7335
0"
#7336
b111000110111 '
1"
#7337
0"
#7338
b111000111000 '
1"
#7339
0"
#7340
b111000111001 '
1"
#7341
0"
#7342
b111000111010 '
1"
#7343
0"
#7344
b111000111011 '
1"
#7345
0"
#7346
b111000111100 '
1"
#7347
0"
#7348
b111000111101 '
1"
#7349
0"
#7350
b111000111110 '
1"
#7351
0"
#7352
b111000111111 '
1"
#7353
0"
#7354
b111001000000 '
1"
#7355
0"
#7356
b111001000001 '
1"
#7357
0"
#7358
b111001000010 '
1"
#7359
0"
#7360
b111001000011 '
1"
#7361
0"
#7362
b111001000100 '
1"
#7363
0"
#7364
b111001000101 '
1"
#7365
0"
#7366
b111001000110 '
1"
#7367
0"
#7368
b111001000111 '
1"
#7369
0"
#7370
b111001001000 '
1"
#7371
0"
#7372
b111001001001 '
1"
#7373
0"
#7374
b111001001010 '
1"
#7375
0"
#7376
b111001001011 '
1"
#7377
0"
#7378
b111001001100 '
1"
#7379
0"
#7380
b111001001101 '
1"
#7381
0"
#7382
b111001001110 '
1"
#7383
0"
#7384
b111001001111 '
1"
#7385
0"
#7386
b111001010000 '
1"
#7387
0"
#7388
b111001010001 '
1"
#7389
0"
#7390
b111001010010 '
1"
#7391
0"
#7392
b111001010011 '
1"
#7393
0"
#7394
b111001010100 '
1"
#7395
0"
#7396
b111001010101 '
1"
#7397
0"
#7398
b111001010110 '
1"
#7399
0"
#7400
b111001010111 '
1"
#7401
0"
#7402
b111001011000 '
1"
#7403
0"
#7404
b111001011001 '
1"
#7405
0"
#7406
b111001011010 '
1"
#7407
0"
#7408
b111001011011 '
1"
#7409
0"
#7410
b111001011100 '
1"
#7411
0"
#7412
b111001011101 '
1"
#7413
0"
#7414
b111001011110 '
1"
#7415
0"
#7416
b111001011111 '
1"
#7417
0"
#7418
b111001100000 '
1"
#7419
0"
#7420
b111001100001 '
1"
#7421
0"
#7422
b111001100010 '
1"
#7423
0"
#7424
b111001100011 '
1"
#7425
0"
#7426
b111001100100 '
1"
#7427
0"
#7428
b111001100101 '
1"
#7429
0"
#7430
b111001100110 '
1"
#7431
0"
#7432
b111001100111 '
1"
#7433
0"
#7434
b111001101000 '
1"
#7435
0"
#7436
b111001101001 '
1"
#7437
0"
#7438
b111001101010 '
1"
#7439
0"
#7440
b111001101011 '
1"
#7441
0"
#7442
b111001101100 '
1"
#7443
0"
#7444
b111001101101 '
1"
#7445
0"
#7446
b111001101110 '
1"
#7447
0"
#7448
b111001101111 '
1"
#7449
0"
#7450
b111001110000 '
1"
#7451
0"
#7452
b111001110001 '
1"
#7453
0"
#7454
b111001110010 '
1"
#7455
0"
#7456
b111001110011 '
1"
#7457
0"
#7458
b111001110100 '
1"
#7459
0"
#7460
b111001110101 '
1"
#7461
0"
#7462
b111001110110 '
1"
#7463
0"
#7464
b111001110111 '
1"
#7465
0"
#7466
b111001111000 '
1"
#7467
0"
#7468
b111001111001 '
1"
#7469
0"
#7470
b111001111010 '
1"
#7471
0"
#7472
b111001111011 '
1"
#7473
0"
#7474
b111001111100 '
1"
#7475
0"
#7476
b111001111101 '
1"
#7477
0"
#7478
b111001111110 '
1"
#7479
0"
#7480
b111001111111 '
1"
#7481
0"
#7482
b111010000000 '
1"
#7483
0"
#7484
b111010000001 '
1"
#7485
0"
#7486
b111010000010 '
1"
#7487
0"
#7488
b111010000011 '
1"
#7489
0"
#7490
b111010000100 '
1"
#7491
0"
#7492
b111010000101 '
1"
#7493
0"
#7494
b111010000110 '
1"
#7495
0"
#7496
b111010000111 '
1"
#7497
0"
#7498
b111010001000 '
1"
#7499
0"
#7500
b111010001001 '
1"
#7501
0"
#7502
b111010001010 '
1"
#7503
0"
#7504
b111010001011 '
1"
#7505
0"
#7506
b111010001100 '
1"
#7507
0"
#7508
b111010001101 '
1"
#7509
0"
#7510
b111010001110 '
1"
#7511
0"
#7512
b111010001111 '
1"
#7513
0"
#7514
b111010010000 '
1"
#7515
0"
#7516
b111010010001 '
1"
#7517
0"
#7518
b111010010010 '
1"
#7519
0"
#7520
b111010010011 '
1"
#7521
0"
#7522
b111010010100 '
1"
#7523
0"
#7524
b111010010101 '
1"
#7525
0"
#7526
b111010010110 '
1"
#7527
0"
#7528
b111010010111 '
1"
#7529
0"
#7530
b111010011000 '
1"
#7531
0"
#7532
b111010011001 '
1"
#7533
0"
#7534
b111010011010 '
1"
#7535
0"
#7536
b111010011011 '
1"
#7537
0"
#7538
b111010011100 '
1"
#7539
0"
#7540
b111010011101 '
1"
#7541
0"
#7542
b111010011110 '
1"
#7543
0"
#7544
b111010011111 '
1"
#7545
0"
#7546
b111010100000 '
1"
#7547
0"
#7548
b111010100001 '
1"
#7549
0"
#7550
b111010100010 '
1"
#7551
0"
#7552
b111010100011 '
1"
#7553
0"
#7554
b111010100100 '
1"
#7555
0"
#7556
b111010100101 '
1"
#7557
0"
#7558
b111010100110 '
1"
#7559
0"
#7560
b111010100111 '
1"
#7561
0"
#7562
b111010101000 '
1"
#7563
0"
#7564
b111010101001 '
1"
#7565
0"
#7566
b111010101010 '
1"
#7567
0"
#7568
b111010101011 '
1"
#7569
0"
#7570
b111010101100 '
1"
#7571
0"
#7572
b111010101101 '
1"
#7573
0"
#7574
b111010101110 '
1"
#7575
0"
#7576
b111010101111 '
1"
#7577
0"
#7578
b111010110000 '
1"
#7579
0"
#7580
b111010110001 '
1"
#7581
0"
#7582
b111010110010 '
1"
#7583
0"
#7584
b111010110011 '
1"
#7585
0"
#7586
b111010110100 '
1"
#7587
0"
#7588
b111010110101 '
1"
#7589
0"
#7590
b111010110110 '
1"
#7591
0"
#7592
b111010110111 '
1"
#7593
0"
#7594
b111010111000 '
1"
#7595
0"
#7596
b111010111001 '
1"
#7597
0"
#7598
b111010111010 '
1"
#7599
0"
#7600
b111010111011 '
1"
#7601
0"
#7602
b111010111100 '
1"
#7603
0"
#7604
b111010111101 '
1"
#7605
0"
#7606
b111010111110 '
1"
#7607
0"
#7608
b111010111111 '
1"
#7609
0"
#7610
b111011000000 '
1"
#7611
0"
#7612
b111011000001 '
1"
#7613
0"
#7614
b111011000010 '
1"
#7615
0"
#7616
b111011000011 '
1"
#7617
0"
#7618
b111011000100 '
1"
#7619
0"
#7620
b111011000101 '
1"
#7621
0"
#7622
b111011000110 '
1"
#7623
0"
#7624
b111011000111 '
1"
#7625
0"
#7626
b111011001000 '
1"
#7627
0"
#7628
b111011001001 '
1"
#7629
0"
#7630
b111011001010 '
1"
#7631
0"
#7632
b111011001011 '
1"
#7633
0"
#7634
b111011001100 '
1"
#7635
0"
#7636
b111011001101 '
1"
#7637
0"
#7638
b111011001110 '
1"
#7639
0"
#7640
b111011001111 '
1"
#7641
0"
#7642
b111011010000 '
1"
#7643
0"
#7644
b111011010001 '
1"
#7645
0"
#7646
b111011010010 '
1"
#7647
0"
#7648
b111011010011 '
1"
#7649
0"
#7650
b111011010100 '
1"
#7651
0"
#7652
b111011010101 '
1"
#7653
0"
#7654
b111011010110 '
1"
#7655
0"
#7656
b111011010111 '
1"
#7657
0"
#7658
b111011011000 '
1"
#7659
0"
#7660
b111011011001 '
1"
#7661
0"
#7662
b111011011010 '
1"
#7663
0"
#7664
b111011011011 '
1"
#7665
0"
#7666
b111011011100 '
1"
#7667
0"
#7668
b111011011101 '
1"
#7669
0"
#7670
b111011011110 '
1"
#7671
0"
#7672
b111011011111 '
1"
#7673
0"
#7674
b111011100000 '
1"
#7675
0"
#7676
b111011100001 '
1"
#7677
0"
#7678
b111011100010 '
1"
#7679
0"
#7680
b111011100011 '
1"
#7681
0"
#7682
b111011100100 '
1"
#7683
0"
#7684
b111011100101 '
1"
#7685
0"
#7686
b111011100110 '
1"
#7687
0"
#7688
b111011100111 '
1"
#7689
0"
#7690
b111011101000 '
1"
#7691
0"
#7692
b111011101001 '
1"
#7693
0"
#7694
b111011101010 '
1"
#7695
0"
#7696
b111011101011 '
1"
#7697
0"
#7698
b111011101100 '
1"
#7699
0"
#7700
b111011101101 '
1"
#7701
0"
#7702
b111011101110 '
1"
#7703
0"
#7704
b111011101111 '
1"
#7705
0"
#7706
b111011110000 '
1"
#7707
0"
#7708
b111011110001 '
1"
#7709
0"
#7710
b111011110010 '
1"
#7711
0"
#7712
b111011110011 '
1"
#7713
0"
#7714
b111011110100 '
1"
#7715
0"
#7716
b111011110101 '
1"
#7717
0"
#7718
b111011110110 '
1"
#7719
0"
#7720
b111011110111 '
1"
#7721
0"
#7722
b111011111000 '
1"
#7723
0"
#7724
b111011111001 '
1"
#7725
0"
#7726
b111011111010 '
1"
#7727
0"
#7728
b111011111011 '
1"
#7729
0"
#7730
b111011111100 '
1"
#7731
0"
#7732
b111011111101 '
1"
#7733
0"
#7734
b111011111110 '
1"
#7735
0"
#7736
b111011111111 '
1"
#7737
0"
#7738
b111100000000 '
1"
#7739
0"
#7740
b111100000001 '
1"
#7741
0"
#7742
b111100000010 '
1"
#7743
0"
#7744
b111100000011 '
1"
#7745
0"
#7746
b111100000100 '
1"
#7747
0"
#7748
b111100000101 '
1"
#7749
0"
#7750
b111100000110 '
1"
#7751
0"
#7752
b111100000111 '
1"
#7753
0"
#7754
b111100001000 '
1"
#7755
0"
#7756
b111100001001 '
1"
#7757
0"
#7758
b111100001010 '
1"
#7759
0"
#7760
b111100001011 '
1"
#7761
0"
#7762
b111100001100 '
1"
#7763
0"
#7764
b111100001101 '
1"
#7765
0"
#7766
b111100001110 '
1"
#7767
0"
#7768
b111100001111 '
1"
#7769
0"
#7770
b111100010000 '
1"
#7771
0"
#7772
b111100010001 '
1"
#7773
0"
#7774
b111100010010 '
1"
#7775
0"
#7776
b111100010011 '
1"
#7777
0"
#7778
b111100010100 '
1"
#7779
0"
#7780
b111100010101 '
1"
#7781
0"
#7782
b111100010110 '
1"
#7783
0"
#7784
b111100010111 '
1"
#7785
0"
#7786
b111100011000 '
1"
#7787
0"
#7788
b111100011001 '
1"
#7789
0"
#7790
b111100011010 '
1"
#7791
0"
#7792
b111100011011 '
1"
#7793
0"
#7794
b111100011100 '
1"
#7795
0"
#7796
b111100011101 '
1"
#7797
0"
#7798
b111100011110 '
1"
#7799
0"
#7800
b111100011111 '
1"
#7801
0"
#7802
b111100100000 '
1"
#7803
0"
#7804
b111100100001 '
1"
#7805
0"
#7806
b111100100010 '
1"
#7807
0"
#7808
b111100100011 '
1"
#7809
0"
#7810
b111100100100 '
1"
#7811
0"
#7812
b111100100101 '
1"
#7813
0"
#7814
b111100100110 '
1"
#7815
0"
#7816
b111100100111 '
1"
#7817
0"
#7818
b111100101000 '
1"
#7819
0"
#7820
b111100101001 '
1"
#7821
0"
#7822
b111100101010 '
1"
#7823
0"
#7824
b111100101011 '
1"
#7825
0"
#7826
b111100101100 '
1"
#7827
0"
#7828
b111100101101 '
1"
#7829
0"
#7830
b111100101110 '
1"
#7831
0"
#7832
b111100101111 '
1"
#7833
0"
#7834
b111100110000 '
1"
#7835
0"
#7836
b111100110001 '
1"
#7837
0"
#7838
b111100110010 '
1"
#7839
0"
#7840
b111100110011 '
1"
#7841
0"
#7842
b111100110100 '
1"
#7843
0"
#7844
b111100110101 '
1"
#7845
0"
#7846
b111100110110 '
1"
#7847
0"
#7848
b111100110111 '
1"
#7849
0"
#7850
b111100111000 '
1"
#7851
0"
#7852
b111100111001 '
1"
#7853
0"
#7854
b111100111010 '
1"
#7855
0"
#7856
b111100111011 '
1"
#7857
0"
#7858
b111100111100 '
1"
#7859
0"
#7860
b111100111101 '
1"
#7861
0"
#7862
b111100111110 '
1"
#7863
0"
#7864
b111100111111 '
1"
#7865
0"
#7866
b111101000000 '
1"
#7867
0"
#7868
b111101000001 '
1"
#7869
0"
#7870
b111101000010 '
1"
#7871
0"
#7872
b111101000011 '
1"
#7873
0"
#7874
b111101000100 '
1"
#7875
0"
#7876
b111101000101 '
1"
#7877
0"
#7878
b111101000110 '
1"
#7879
0"
#7880
b111101000111 '
1"
#7881
0"
#7882
b111101001000 '
1"
#7883
0"
#7884
b111101001001 '
1"
#7885
0"
#7886
b111101001010 '
1"
#7887
0"
#7888
b111101001011 '
1"
#7889
0"
#7890
b111101001100 '
1"
#7891
0"
#7892
b111101001101 '
1"
#7893
0"
#7894
b111101001110 '
1"
#7895
0"
#7896
b111101001111 '
1"
#7897
0"
#7898
b111101010000 '
1"
#7899
0"
#7900
b111101010001 '
1"
#7901
0"
#7902
b111101010010 '
1"
#7903
0"
#7904
b111101010011 '
1"
#7905
0"
#7906
b111101010100 '
1"
#7907
0"
#7908
b111101010101 '
1"
#7909
0"
#7910
b111101010110 '
1"
#7911
0"
#7912
b111101010111 '
1"
#7913
0"
#7914
b111101011000 '
1"
#7915
0"
#7916
b111101011001 '
1"
#7917
0"
#7918
b111101011010 '
1"
#7919
0"
#7920
b111101011011 '
1"
#7921
0"
#7922
b111101011100 '
1"
#7923
0"
#7924
b111101011101 '
1"
#7925
0"
#7926
b111101011110 '
1"
#7927
0"
#7928
b111101011111 '
1"
#7929
0"
#7930
b111101100000 '
1"
#7931
0"
#7932
b111101100001 '
1"
#7933
0"
#7934
b111101100010 '
1"
#7935
0"
#7936
b111101100011 '
1"
#7937
0"
#7938
b111101100100 '
1"
#7939
0"
#7940
b111101100101 '
1"
#7941
0"
#7942
b111101100110 '
1"
#7943
0"
#7944
b111101100111 '
1"
#7945
0"
#7946
b111101101000 '
1"
#7947
0"
#7948
b111101101001 '
1"
#7949
0"
#7950
b111101101010 '
1"
#7951
0"
#7952
b111101101011 '
1"
#7953
0"
#7954
b111101101100 '
1"
#7955
0"
#7956
b111101101101 '
1"
#7957
0"
#7958
b111101101110 '
1"
#7959
0"
#7960
b111101101111 '
1"
#7961
0"
#7962
b111101110000 '
1"
#7963
0"
#7964
b111101110001 '
1"
#7965
0"
#7966
b111101110010 '
1"
#7967
0"
#7968
b111101110011 '
1"
#7969
0"
#7970
b111101110100 '
1"
#7971
0"
#7972
b111101110101 '
1"
#7973
0"
#7974
b111101110110 '
1"
#7975
0"
#7976
b111101110111 '
1"
#7977
0"
#7978
b111101111000 '
1"
#7979
0"
#7980
b111101111001 '
1"
#7981
0"
#7982
b111101111010 '
1"
#7983
0"
#7984
b111101111011 '
1"
#7985
0"
#7986
b111101111100 '
1"
#7987
0"
#7988
b111101111101 '
1"
#7989
0"
#7990
b111101111110 '
1"
#7991
0"
#7992
b111101111111 '
1"
#7993
0"
#7994
b111110000000 '
1"
#7995
0"
#7996
b111110000001 '
1"
#7997
0"
#7998
b111110000010 '
1"
#7999
0"
#8000
b111110000011 '
1"
#8001
0"
#8002
b111110000100 '
1"
#8003
0"
#8004
b111110000101 '
1"
#8005
0"
#8006
b111110000110 '
1"
#8007
0"
#8008
b111110000111 '
1"
#8009
0"
#8010
b111110001000 '
1"
#8011
0"
#8012
b111110001001 '
1"
#8013
0"
#8014
b111110001010 '
1"
#8015
0"
#8016
b111110001011 '
1"
#8017
0"
#8018
b111110001100 '
1"
#8019
0"
#8020
b111110001101 '
1"
#8021
0"
#8022
b111110001110 '
1"
#8023
0"
#8024
b111110001111 '
1"
#8025
0"
#8026
b111110010000 '
1"
#8027
0"
#8028
b111110010001 '
1"
#8029
0"
#8030
b111110010010 '
1"
#8031
0"
#8032
b111110010011 '
1"
#8033
0"
#8034
b111110010100 '
1"
#8035
0"
#8036
b111110010101 '
1"
#8037
0"
#8038
b111110010110 '
1"
#8039
0"
#8040
b111110010111 '
1"
#8041
0"
#8042
b111110011000 '
1"
#8043
0"
#8044
b111110011001 '
1"
#8045
0"
#8046
b111110011010 '
1"
#8047
0"
#8048
b111110011011 '
1"
#8049
0"
#8050
b111110011100 '
1"
#8051
0"
#8052
b111110011101 '
1"
#8053
0"
#8054
b111110011110 '
1"
#8055
0"
#8056
b111110011111 '
1"
#8057
0"
#8058
b111110100000 '
1"
#8059
0"
#8060
b111110100001 '
1"
#8061
0"
#8062
b111110100010 '
1"
#8063
0"
#8064
b111110100011 '
1"
#8065
0"
#8066
b111110100100 '
1"
#8067
0"
#8068
b111110100101 '
1"
#8069
0"
#8070
b111110100110 '
1"
#8071
0"
#8072
b111110100111 '
1"
#8073
0"
#8074
b111110101000 '
1"
#8075
0"
#8076
b111110101001 '
1"
#8077
0"
#8078
b111110101010 '
1"
#8079
0"
#8080
b111110101011 '
1"
#8081
0"
#8082
b111110101100 '
1"
#8083
0"
#8084
b111110101101 '
1"
#8085
0"
#8086
b111110101110 '
1"
#8087
0"
#8088
b111110101111 '
1"
#8089
0"
#8090
b111110110000 '
1"
#8091
0"
#8092
b111110110001 '
1"
#8093
0"
#8094
b111110110010 '
1"
#8095
0"
#8096
b111110110011 '
1"
#8097
0"
#8098
b111110110100 '
1"
#8099
0"
#8100
b111110110101 '
1"
#8101
0"
#8102
b111110110110 '
1"
#8103
0"
#8104
b111110110111 '
1"
#8105
0"
#8106
b111110111000 '
1"
#8107
0"
#8108
b111110111001 '
1"
#8109
0"
#8110
b111110111010 '
1"
#8111
0"
#8112
b111110111011 '
1"
#8113
0"
#8114
b111110111100 '
1"
#8115
0"
#8116
b111110111101 '
1"
#8117
0"
#8118
b111110111110 '
1"
#8119
0"
#8120
b111110111111 '
1"
#8121
0"
#8122
b111111000000 '
1"
#8123
0"
#8124
b111111000001 '
1"
#8125
0"
#8126
b111111000010 '
1"
#8127
0"
#8128
b111111000011 '
1"
#8129
0"
#8130
b111111000100 '
1"
#8131
0"
#8132
b111111000101 '
1"
#8133
0"
#8134
b111111000110 '
1"
#8135
0"
#8136
b111111000111 '
1"
#8137
0"
#8138
b111111001000 '
1"
#8139
0"
#8140
b111111001001 '
1"
#8141
0"
#8142
b111111001010 '
1"
#8143
0"
#8144
b111111001011 '
1"
#8145
0"
#8146
b111111001100 '
1"
#8147
0"
#8148
b111111001101 '
1"
#8149
0"
#8150
b111111001110 '
1"
#8151
0"
#8152
b111111001111 '
1"
#8153
0"
#8154
b111111010000 '
1"
#8155
0"
#8156
b111111010001 '
1"
#8157
0"
#8158
b111111010010 '
1"
#8159
0"
#8160
b111111010011 '
1"
#8161
0"
#8162
b111111010100 '
1"
#8163
0"
#8164
b111111010101 '
1"
#8165
0"
#8166
b111111010110 '
1"
#8167
0"
#8168
b111111010111 '
1"
#8169
0"
#8170
b111111011000 '
1"
#8171
0"
#8172
b111111011001 '
1"
#8173
0"
#8174
b111111011010 '
1"
#8175
0"
#8176
b111111011011 '
1"
#8177
0"
#8178
b111111011100 '
1"
#8179
0"
#8180
b111111011101 '
1"
#8181
0"
#8182
b111111011110 '
1"
#8183
0"
#8184
b111111011111 '
1"
#8185
0"
#8186
b111111100000 '
1"
#8187
0"
#8188
b111111100001 '
1"
#8189
0"
#8190
b111111100010 '
1"
#8191
0"
#8192
b111111100011 '
1"
#8193
0"
#8194
b111111100100 '
1"
#8195
0"
#8196
b111111100101 '
1"
#8197
0"
#8198
b111111100110 '
1"
#8199
0"
#8200
b111111100111 '
1"
#8201
0"
#8202
b111111101000 '
1"
#8203
0"
#8204
b111111101001 '
1"
#8205
0"
#8206
b111111101010 '
1"
#8207
0"
#8208
b111111101011 '
1"
#8209
0"
#8210
b111111101100 '
1"
#8211
0"
#8212
b111111101101 '
1"
#8213
0"
#8214
b111111101110 '
1"
#8215
0"
#8216
b111111101111 '
1"
#8217
0"
#8218
b111111110000 '
1"
#8219
0"
#8220
b111111110001 '
1"
#8221
0"
#8222
b111111110010 '
1"
#8223
0"
#8224
b111111110011 '
1"
#8225
0"
#8226
b111111110100 '
1"
#8227
0"
#8228
b111111110101 '
1"
#8229
0"
#8230
b111111110110 '
1"
#8231
0"
#8232
b111111110111 '
1"
#8233
0"
#8234
b111111111000 '
1"
#8235
0"
#8236
b111111111001 '
1"
#8237
0"
#8238
b111111111010 '
1"
#8239
0"
#8240
b111111111011 '
1"
#8241
0"
#8242
b111111111100 '
1"
#8243
0"
#8244
b111111111101 '
1"
#8245
0"
#8246
b111111111110 '
1"
#8247
0"
#8248
b111111111111 '
1"
#8249
0"
#8250
b1000000000000 '
1"
#8251
0"
#8252
b1000000000001 '
1"
#8253
0"
#8254
b1000000000010 '
1"
#8255
0"
#8256
b1000000000011 '
1"
#8257
0"
#8258
b1000000000100 '
1"
#8259
0"
#8260
b1000000000101 '
1"
#8261
0"
#8262
b1000000000110 '
1"
#8263
0"
#8264
b1000000000111 '
1"
#8265
0"
#8266
b1000000001000 '
1"
#8267
0"
#8268
b1000000001001 '
1"
#8269
0"
#8270
b1000000001010 '
1"
#8271
0"
#8272
b1000000001011 '
1"
#8273
0"
#8274
b1000000001100 '
1"
#8275
0"
#8276
b1000000001101 '
1"
#8277
0"
#8278
b1000000001110 '
1"
#8279
0"
#8280
b1000000001111 '
1"
#8281
0"
#8282
b1000000010000 '
1"
#8283
0"
#8284
b1000000010001 '
1"
#8285
0"
#8286
b1000000010010 '
1"
#8287
0"
#8288
b1000000010011 '
1"
#8289
0"
#8290
b1000000010100 '
1"
#8291
0"
#8292
b1000000010101 '
1"
#8293
0"
#8294
b1000000010110 '
1"
#8295
0"
#8296
b1000000010111 '
1"
#8297
0"
#8298
b1000000011000 '
1"
#8299
0"
#8300
b1000000011001 '
1"
#8301
0"
#8302
b1000000011010 '
1"
#8303
0"
#8304
b1000000011011 '
1"
#8305
0"
#8306
b1000000011100 '
1"
#8307
0"
#8308
b1000000011101 '
1"
#8309
0"
#8310
b1000000011110 '
1"
#8311
0"
#8312
b1000000011111 '
1"
#8313
0"
#8314
b1000000100000 '
1"
#8315
0"
#8316
b1000000100001 '
1"
#8317
0"
#8318
b1000000100010 '
1"
#8319
0"
#8320
b1000000100011 '
1"
#8321
0"
#8322
b1000000100100 '
1"
#8323
0"
#8324
b1000000100101 '
1"
#8325
0"
#8326
b1000000100110 '
1"
#8327
0"
#8328
b1000000100111 '
1"
#8329
0"
#8330
b1000000101000 '
1"
#8331
0"
#8332
b1000000101001 '
1"
#8333
0"
#8334
b1000000101010 '
1"
#8335
0"
#8336
b1000000101011 '
1"
#8337
0"
#8338
b1000000101100 '
1"
#8339
0"
#8340
b1000000101101 '
1"
#8341
0"
#8342
b1000000101110 '
1"
#8343
0"
#8344
b1000000101111 '
1"
#8345
0"
#8346
b1000000110000 '
1"
#8347
0"
#8348
b1000000110001 '
1"
#8349
0"
#8350
b1000000110010 '
1"
#8351
0"
#8352
b1000000110011 '
1"
#8353
0"
#8354
b1000000110100 '
1"
#8355
0"
#8356
b1000000110101 '
1"
#8357
0"
#8358
b1000000110110 '
1"
#8359
0"
#8360
b1000000110111 '
1"
#8361
0"
#8362
b1000000111000 '
1"
#8363
0"
#8364
b1000000111001 '
1"
#8365
0"
#8366
b1000000111010 '
1"
#8367
0"
#8368
b1000000111011 '
1"
#8369
0"
#8370
b1000000111100 '
1"
#8371
0"
#8372
b1000000111101 '
1"
#8373
0"
#8374
b1000000111110 '
1"
#8375
0"
#8376
b1000000111111 '
1"
#8377
0"
#8378
b1000001000000 '
1"
#8379
0"
#8380
b1000001000001 '
1"
#8381
0"
#8382
b1000001000010 '
1"
#8383
0"
#8384
b1000001000011 '
1"
#8385
0"
#8386
b1000001000100 '
1"
#8387
0"
#8388
b1000001000101 '
1"
#8389
0"
#8390
b1000001000110 '
1"
#8391
0"
#8392
b1000001000111 '
1"
#8393
0"
#8394
b1000001001000 '
1"
#8395
0"
#8396
b1000001001001 '
1"
#8397
0"
#8398
b1000001001010 '
1"
#8399
0"
#8400
b1000001001011 '
1"
#8401
0"
#8402
b1000001001100 '
1"
#8403
0"
#8404
b1000001001101 '
1"
#8405
0"
#8406
b1000001001110 '
1"
#8407
0"
#8408
b1000001001111 '
1"
#8409
0"
#8410
b1000001010000 '
1"
#8411
0"
#8412
b1000001010001 '
1"
#8413
0"
#8414
b1000001010010 '
1"
#8415
0"
#8416
b1000001010011 '
1"
#8417
0"
#8418
b1000001010100 '
1"
#8419
0"
#8420
b1000001010101 '
1"
#8421
0"
#8422
b1000001010110 '
1"
#8423
0"
#8424
b1000001010111 '
1"
#8425
0"
#8426
b1000001011000 '
1"
#8427
0"
#8428
b1000001011001 '
1"
#8429
0"
#8430
b1000001011010 '
1"
#8431
0"
#8432
b1000001011011 '
1"
#8433
0"
#8434
b1000001011100 '
1"
#8435
0"
#8436
b1000001011101 '
1"
#8437
0"
#8438
b1000001011110 '
1"
#8439
0"
#8440
b1000001011111 '
1"
#8441
0"
#8442
b1000001100000 '
1"
#8443
0"
#8444
b1000001100001 '
1"
#8445
0"
#8446
b1000001100010 '
1"
#8447
0"
#8448
b1000001100011 '
1"
#8449
0"
#8450
b1000001100100 '
1"
#8451
0"
#8452
b1000001100101 '
1"
#8453
0"
#8454
b1000001100110 '
1"
#8455
0"
#8456
b1000001100111 '
1"
#8457
0"
#8458
b1000001101000 '
1"
#8459
0"
#8460
b1000001101001 '
1"
#8461
0"
#8462
b1000001101010 '
1"
#8463
0"
#8464
b1000001101011 '
1"
#8465
0"
#8466
b1000001101100 '
1"
#8467
0"
#8468
b1000001101101 '
1"
#8469
0"
#8470
b1000001101110 '
1"
#8471
0"
#8472
b1000001101111 '
1"
#8473
0"
#8474
b1000001110000 '
1"
#8475
0"
#8476
b1000001110001 '
1"
#8477
0"
#8478
b1000001110010 '
1"
#8479
0"
#8480
b1000001110011 '
1"
#8481
0"
#8482
b1000001110100 '
1"
#8483
0"
#8484
b1000001110101 '
1"
#8485
0"
#8486
b1000001110110 '
1"
#8487
0"
#8488
b1000001110111 '
1"
#8489
0"
#8490
b1000001111000 '
1"
#8491
0"
#8492
b1000001111001 '
1"
#8493
0"
#8494
b1000001111010 '
1"
#8495
0"
#8496
b1000001111011 '
1"
#8497
0"
#8498
b1000001111100 '
1"
#8499
0"
#8500
b1000001111101 '
1"
#8501
0"
#8502
b1000001111110 '
1"
#8503
0"
#8504
b1000001111111 '
1"
#8505
0"
#8506
b1000010000000 '
1"
#8507
0"
#8508
b1000010000001 '
1"
#8509
0"
#8510
b1000010000010 '
1"
#8511
0"
#8512
b1000010000011 '
1"
#8513
0"
#8514
b1000010000100 '
1"
#8515
0"
#8516
b1000010000101 '
1"
#8517
0"
#8518
b1000010000110 '
1"
#8519
0"
#8520
b1000010000111 '
1"
#8521
0"
#8522
b1000010001000 '
1"
#8523
0"
#8524
b1000010001001 '
1"
#8525
0"
#8526
b1000010001010 '
1"
#8527
0"
#8528
b1000010001011 '
1"
#8529
0"
#8530
b1000010001100 '
1"
#8531
0"
#8532
b1000010001101 '
1"
#8533
0"
#8534
b1000010001110 '
1"
#8535
0"
#8536
b1000010001111 '
1"
#8537
0"
#8538
b1000010010000 '
1"
#8539
0"
#8540
b1000010010001 '
1"
#8541
0"
#8542
b1000010010010 '
1"
#8543
0"
#8544
b1000010010011 '
1"
#8545
0"
#8546
b1000010010100 '
1"
#8547
0"
#8548
b1000010010101 '
1"
#8549
0"
#8550
b1000010010110 '
1"
#8551
0"
#8552
b1000010010111 '
1"
#8553
0"
#8554
b1000010011000 '
1"
#8555
0"
#8556
b1000010011001 '
1"
#8557
0"
#8558
b1000010011010 '
1"
#8559
0"
#8560
b1000010011011 '
1"
#8561
0"
#8562
b1000010011100 '
1"
#8563
0"
#8564
b1000010011101 '
1"
#8565
0"
#8566
b1000010011110 '
1"
#8567
0"
#8568
b1000010011111 '
1"
#8569
0"
#8570
b1000010100000 '
1"
#8571
0"
#8572
b1000010100001 '
1"
#8573
0"
#8574
b1000010100010 '
1"
#8575
0"
#8576
b1000010100011 '
1"
#8577
0"
#8578
b1000010100100 '
1"
#8579
0"
#8580
b1000010100101 '
1"
#8581
0"
#8582
b1000010100110 '
1"
#8583
0"
#8584
b1000010100111 '
1"
#8585
0"
#8586
b1000010101000 '
1"
#8587
0"
#8588
b1000010101001 '
1"
#8589
0"
#8590
b1000010101010 '
1"
#8591
0"
#8592
b1000010101011 '
1"
#8593
0"
#8594
b1000010101100 '
1"
#8595
0"
#8596
b1000010101101 '
1"
#8597
0"
#8598
b1000010101110 '
1"
#8599
0"
#8600
b1000010101111 '
1"
#8601
0"
#8602
b1000010110000 '
1"
#8603
0"
#8604
b1000010110001 '
1"
#8605
0"
#8606
b1000010110010 '
1"
#8607
0"
#8608
b1000010110011 '
1"
#8609
0"
#8610
b1000010110100 '
1"
#8611
0"
#8612
b1000010110101 '
1"
#8613
0"
#8614
b1000010110110 '
1"
#8615
0"
#8616
b1000010110111 '
1"
#8617
0"
#8618
b1000010111000 '
1"
#8619
0"
#8620
b1000010111001 '
1"
#8621
0"
#8622
b1000010111010 '
1"
#8623
0"
#8624
b1000010111011 '
1"
#8625
0"
#8626
b1000010111100 '
1"
#8627
0"
#8628
b1000010111101 '
1"
#8629
0"
#8630
b1000010111110 '
1"
#8631
0"
#8632
b1000010111111 '
1"
#8633
0"
#8634
b1000011000000 '
1"
#8635
0"
#8636
b1000011000001 '
1"
#8637
0"
#8638
b1000011000010 '
1"
#8639
0"
#8640
b1000011000011 '
1"
#8641
0"
#8642
b1000011000100 '
1"
#8643
0"
#8644
b1000011000101 '
1"
#8645
0"
#8646
b1000011000110 '
1"
#8647
0"
#8648
b1000011000111 '
1"
#8649
0"
#8650
b1000011001000 '
1"
#8651
0"
#8652
b1000011001001 '
1"
#8653
0"
#8654
b1000011001010 '
1"
#8655
0"
#8656
b1000011001011 '
1"
#8657
0"
#8658
b1000011001100 '
1"
#8659
0"
#8660
b1000011001101 '
1"
#8661
0"
#8662
b1000011001110 '
1"
#8663
0"
#8664
b1000011001111 '
1"
#8665
0"
#8666
b1000011010000 '
1"
#8667
0"
#8668
b1000011010001 '
1"
#8669
0"
#8670
b1000011010010 '
1"
#8671
0"
#8672
b1000011010011 '
1"
#8673
0"
#8674
b1000011010100 '
1"
#8675
0"
#8676
b1000011010101 '
1"
#8677
0"
#8678
b1000011010110 '
1"
#8679
0"
#8680
b1000011010111 '
1"
#8681
0"
#8682
b1000011011000 '
1"
#8683
0"
#8684
b1000011011001 '
1"
#8685
0"
#8686
b1000011011010 '
1"
#8687
0"
#8688
b1000011011011 '
1"
#8689
0"
#8690
b1000011011100 '
1"
#8691
0"
#8692
b1000011011101 '
1"
#8693
0"
#8694
b1000011011110 '
1"
#8695
0"
#8696
b1000011011111 '
1"
#8697
0"
#8698
b1000011100000 '
1"
#8699
0"
#8700
b1000011100001 '
1"
#8701
0"
#8702
b1000011100010 '
1"
#8703
0"
#8704
b1000011100011 '
1"
#8705
0"
#8706
b1000011100100 '
1"
#8707
0"
#8708
b1000011100101 '
1"
#8709
0"
#8710
b1000011100110 '
1"
#8711
0"
#8712
b1000011100111 '
1"
#8713
0"
#8714
b1000011101000 '
1"
#8715
0"
#8716
b1000011101001 '
1"
#8717
0"
#8718
b1000011101010 '
1"
#8719
0"
#8720
b1000011101011 '
1"
#8721
0"
#8722
b1000011101100 '
1"
#8723
0"
#8724
b1000011101101 '
1"
#8725
0"
#8726
b1000011101110 '
1"
#8727
0"
#8728
b1000011101111 '
1"
#8729
0"
#8730
b1000011110000 '
1"
#8731
0"
#8732
b1000011110001 '
1"
#8733
0"
#8734
b1000011110010 '
1"
#8735
0"
#8736
b1000011110011 '
1"
#8737
0"
#8738
b1000011110100 '
1"
#8739
0"
#8740
b1000011110101 '
1"
#8741
0"
#8742
b1000011110110 '
1"
#8743
0"
#8744
b1000011110111 '
1"
#8745
0"
#8746
b1000011111000 '
1"
#8747
0"
#8748
b1000011111001 '
1"
#8749
0"
#8750
b1000011111010 '
1"
#8751
0"
#8752
b1000011111011 '
1"
#8753
0"
#8754
b1000011111100 '
1"
#8755
0"
#8756
b1000011111101 '
1"
#8757
0"
#8758
b1000011111110 '
1"
#8759
0"
#8760
b1000011111111 '
1"
#8761
0"
#8762
b1000100000000 '
1"
#8763
0"
#8764
b1000100000001 '
1"
#8765
0"
#8766
b1000100000010 '
1"
#8767
0"
#8768
b1000100000011 '
1"
#8769
0"
#8770
b1000100000100 '
1"
#8771
0"
#8772
b1000100000101 '
1"
#8773
0"
#8774
b1000100000110 '
1"
#8775
0"
#8776
b1000100000111 '
1"
#8777
0"
#8778
b1000100001000 '
1"
#8779
0"
#8780
b1000100001001 '
1"
#8781
0"
#8782
b1000100001010 '
1"
#8783
0"
#8784
b1000100001011 '
1"
#8785
0"
#8786
b1000100001100 '
1"
#8787
0"
#8788
b1000100001101 '
1"
#8789
0"
#8790
b1000100001110 '
1"
#8791
0"
#8792
b1000100001111 '
1"
#8793
0"
#8794
b1000100010000 '
1"
#8795
0"
#8796
b1000100010001 '
1"
#8797
0"
#8798
b1000100010010 '
1"
#8799
0"
#8800
b1000100010011 '
1"
#8801
0"
#8802
b1000100010100 '
1"
#8803
0"
#8804
b1000100010101 '
1"
#8805
0"
#8806
b1000100010110 '
1"
#8807
0"
#8808
b1000100010111 '
1"
#8809
0"
#8810
b1000100011000 '
1"
#8811
0"
#8812
b1000100011001 '
1"
#8813
0"
#8814
b1000100011010 '
1"
#8815
0"
#8816
b1000100011011 '
1"
#8817
0"
#8818
b1000100011100 '
1"
#8819
0"
#8820
b1000100011101 '
1"
#8821
0"
#8822
b1000100011110 '
1"
#8823
0"
#8824
b1000100011111 '
1"
#8825
0"
#8826
b1000100100000 '
1"
#8827
0"
#8828
b1000100100001 '
1"
#8829
0"
#8830
b1000100100010 '
1"
#8831
0"
#8832
b1000100100011 '
1"
#8833
0"
#8834
b1000100100100 '
1"
#8835
0"
#8836
b1000100100101 '
1"
#8837
0"
#8838
b1000100100110 '
1"
#8839
0"
#8840
b1000100100111 '
1"
#8841
0"
#8842
b1000100101000 '
1"
#8843
0"
#8844
b1000100101001 '
1"
#8845
0"
#8846
b1000100101010 '
1"
#8847
0"
#8848
b1000100101011 '
1"
#8849
0"
#8850
b1000100101100 '
1"
#8851
0"
#8852
b1000100101101 '
1"
#8853
0"
#8854
b1000100101110 '
1"
#8855
0"
#8856
b1000100101111 '
1"
#8857
0"
#8858
b1000100110000 '
1"
#8859
0"
#8860
b1000100110001 '
1"
#8861
0"
#8862
b1000100110010 '
1"
#8863
0"
#8864
b1000100110011 '
1"
#8865
0"
#8866
b1000100110100 '
1"
#8867
0"
#8868
b1000100110101 '
1"
#8869
0"
#8870
b1000100110110 '
1"
#8871
0"
#8872
b1000100110111 '
1"
#8873
0"
#8874
b1000100111000 '
1"
#8875
0"
#8876
b1000100111001 '
1"
#8877
0"
#8878
b1000100111010 '
1"
#8879
0"
#8880
b1000100111011 '
1"
#8881
0"
#8882
b1000100111100 '
1"
#8883
0"
#8884
b1000100111101 '
1"
#8885
0"
#8886
b1000100111110 '
1"
#8887
0"
#8888
b1000100111111 '
1"
#8889
0"
#8890
b1000101000000 '
1"
#8891
0"
#8892
b1000101000001 '
1"
#8893
0"
#8894
b1000101000010 '
1"
#8895
0"
#8896
b1000101000011 '
1"
#8897
0"
#8898
b1000101000100 '
1"
#8899
0"
#8900
b1000101000101 '
1"
#8901
0"
#8902
b1000101000110 '
1"
#8903
0"
#8904
b1000101000111 '
1"
#8905
0"
#8906
b1000101001000 '
1"
#8907
0"
#8908
b1000101001001 '
1"
#8909
0"
#8910
b1000101001010 '
1"
#8911
0"
#8912
b1000101001011 '
1"
#8913
0"
#8914
b1000101001100 '
1"
#8915
0"
#8916
b1000101001101 '
1"
#8917
0"
#8918
b1000101001110 '
1"
#8919
0"
#8920
b1000101001111 '
1"
#8921
0"
#8922
b1000101010000 '
1"
#8923
0"
#8924
b1000101010001 '
1"
#8925
0"
#8926
b1000101010010 '
1"
#8927
0"
#8928
b1000101010011 '
1"
#8929
0"
#8930
b1000101010100 '
1"
#8931
0"
#8932
b1000101010101 '
1"
#8933
0"
#8934
b1000101010110 '
1"
#8935
0"
#8936
b1000101010111 '
1"
#8937
0"
#8938
b1000101011000 '
1"
#8939
0"
#8940
b1000101011001 '
1"
#8941
0"
#8942
b1000101011010 '
1"
#8943
0"
#8944
b1000101011011 '
1"
#8945
0"
#8946
b1000101011100 '
1"
#8947
0"
#8948
b1000101011101 '
1"
#8949
0"
#8950
b1000101011110 '
1"
#8951
0"
#8952
b1000101011111 '
1"
#8953
0"
#8954
b1000101100000 '
1"
#8955
0"
#8956
b1000101100001 '
1"
#8957
0"
#8958
b1000101100010 '
1"
#8959
0"
#8960
b1000101100011 '
1"
#8961
0"
#8962
b1000101100100 '
1"
#8963
0"
#8964
b1000101100101 '
1"
#8965
0"
#8966
b1000101100110 '
1"
#8967
0"
#8968
b1000101100111 '
1"
#8969
0"
#8970
b1000101101000 '
1"
#8971
0"
#8972
b1000101101001 '
1"
#8973
0"
#8974
b1000101101010 '
1"
#8975
0"
#8976
b1000101101011 '
1"
#8977
0"
#8978
b1000101101100 '
1"
#8979
0"
#8980
b1000101101101 '
1"
#8981
0"
#8982
b1000101101110 '
1"
#8983
0"
#8984
b1000101101111 '
1"
#8985
0"
#8986
b1000101110000 '
1"
#8987
0"
#8988
b1000101110001 '
1"
#8989
0"
#8990
b1000101110010 '
1"
#8991
0"
#8992
b1000101110011 '
1"
#8993
0"
#8994
b1000101110100 '
1"
#8995
0"
#8996
b1000101110101 '
1"
#8997
0"
#8998
b1000101110110 '
1"
#8999
0"
#9000
b1000101110111 '
1"
#9001
0"
#9002
b1000101111000 '
1"
#9003
0"
#9004
b1000101111001 '
1"
#9005
0"
#9006
b1000101111010 '
1"
#9007
0"
#9008
b1000101111011 '
1"
#9009
0"
#9010
b1000101111100 '
1"
#9011
0"
#9012
b1000101111101 '
1"
#9013
0"
#9014
b1000101111110 '
1"
#9015
0"
#9016
b1000101111111 '
1"
#9017
0"
#9018
b1000110000000 '
1"
#9019
0"
#9020
b1000110000001 '
1"
#9021
0"
#9022
b1000110000010 '
1"
#9023
0"
#9024
b1000110000011 '
1"
#9025
0"
#9026
b1000110000100 '
1"
#9027
0"
#9028
b1000110000101 '
1"
#9029
0"
#9030
b1000110000110 '
1"
#9031
0"
#9032
b1000110000111 '
1"
#9033
0"
#9034
b1000110001000 '
1"
#9035
0"
#9036
b1000110001001 '
1"
#9037
0"
#9038
b1000110001010 '
1"
#9039
0"
#9040
b1000110001011 '
1"
#9041
0"
#9042
b1000110001100 '
1"
#9043
0"
#9044
b1000110001101 '
1"
#9045
0"
#9046
b1000110001110 '
1"
#9047
0"
#9048
b1000110001111 '
1"
#9049
0"
#9050
b1000110010000 '
1"
#9051
0"
#9052
b1000110010001 '
1"
#9053
0"
#9054
b1000110010010 '
1"
#9055
0"
#9056
b1000110010011 '
1"
#9057
0"
#9058
b1000110010100 '
1"
#9059
0"
#9060
b1000110010101 '
1"
#9061
0"
#9062
b1000110010110 '
1"
#9063
0"
#9064
b1000110010111 '
1"
#9065
0"
#9066
b1000110011000 '
1"
#9067
0"
#9068
b1000110011001 '
1"
#9069
0"
#9070
b1000110011010 '
1"
#9071
0"
#9072
b1000110011011 '
1"
#9073
0"
#9074
b1000110011100 '
1"
#9075
0"
#9076
b1000110011101 '
1"
#9077
0"
#9078
b1000110011110 '
1"
#9079
0"
#9080
b1000110011111 '
1"
#9081
0"
#9082
b1000110100000 '
1"
#9083
0"
#9084
b1000110100001 '
1"
#9085
0"
#9086
b1000110100010 '
1"
#9087
0"
#9088
b1000110100011 '
1"
#9089
0"
#9090
b1000110100100 '
1"
#9091
0"
#9092
b1000110100101 '
1"
#9093
0"
#9094
b1000110100110 '
1"
#9095
0"
#9096
b1000110100111 '
1"
#9097
0"
#9098
b1000110101000 '
1"
#9099
0"
#9100
b1000110101001 '
1"
#9101
0"
#9102
b1000110101010 '
1"
#9103
0"
#9104
b1000110101011 '
1"
#9105
0"
#9106
b1000110101100 '
1"
#9107
0"
#9108
b1000110101101 '
1"
#9109
0"
#9110
b1000110101110 '
1"
#9111
0"
#9112
b1000110101111 '
1"
#9113
0"
#9114
b1000110110000 '
1"
#9115
0"
#9116
b1000110110001 '
1"
#9117
0"
#9118
b1000110110010 '
1"
#9119
0"
#9120
b1000110110011 '
1"
#9121
0"
#9122
b1000110110100 '
1"
#9123
0"
#9124
b1000110110101 '
1"
#9125
0"
#9126
b1000110110110 '
1"
#9127
0"
#9128
b1000110110111 '
1"
#9129
0"
#9130
b1000110111000 '
1"
#9131
0"
#9132
b1000110111001 '
1"
#9133
0"
#9134
b1000110111010 '
1"
#9135
0"
#9136
b1000110111011 '
1"
#9137
0"
#9138
b1000110111100 '
1"
#9139
0"
#9140
b1000110111101 '
1"
#9141
0"
#9142
b1000110111110 '
1"
#9143
0"
#9144
b1000110111111 '
1"
#9145
0"
#9146
b1000111000000 '
1"
#9147
0"
#9148
b1000111000001 '
1"
#9149
0"
#9150
b1000111000010 '
1"
#9151
0"
#9152
b1000111000011 '
1"
#9153
0"
#9154
b1000111000100 '
1"
#9155
0"
#9156
b1000111000101 '
1"
#9157
0"
#9158
b1000111000110 '
1"
#9159
0"
#9160
b1000111000111 '
1"
#9161
0"
#9162
b1000111001000 '
1"
#9163
0"
#9164
b1000111001001 '
1"
#9165
0"
#9166
b1000111001010 '
1"
#9167
0"
#9168
b1000111001011 '
1"
#9169
0"
#9170
b1000111001100 '
1"
#9171
0"
#9172
b1000111001101 '
1"
#9173
0"
#9174
b1000111001110 '
1"
#9175
0"
#9176
b1000111001111 '
1"
#9177
0"
#9178
b1000111010000 '
1"
#9179
0"
#9180
b1000111010001 '
1"
#9181
0"
#9182
b1000111010010 '
1"
#9183
0"
#9184
b1000111010011 '
1"
#9185
0"
#9186
b1000111010100 '
1"
#9187
0"
#9188
b1000111010101 '
1"
#9189
0"
#9190
b1000111010110 '
1"
#9191
0"
#9192
b1000111010111 '
1"
#9193
0"
#9194
b1000111011000 '
1"
#9195
0"
#9196
b1000111011001 '
1"
#9197
0"
#9198
b1000111011010 '
1"
#9199
0"
#9200
b1000111011011 '
1"
#9201
0"
#9202
b1000111011100 '
1"
#9203
0"
#9204
b1000111011101 '
1"
#9205
0"
#9206
b1000111011110 '
1"
#9207
0"
#9208
b1000111011111 '
1"
#9209
0"
#9210
b1000111100000 '
1"
#9211
0"
#9212
b1000111100001 '
1"
#9213
0"
#9214
b1000111100010 '
1"
#9215
0"
#9216
b1000111100011 '
1"
#9217
0"
#9218
b1000111100100 '
1"
#9219
0"
#9220
b1000111100101 '
1"
#9221
0"
#9222
b1000111100110 '
1"
#9223
0"
#9224
b1000111100111 '
1"
#9225
0"
#9226
b1000111101000 '
1"
#9227
0"
#9228
b1000111101001 '
1"
#9229
0"
#9230
b1000111101010 '
1"
#9231
0"
#9232
b1000111101011 '
1"
#9233
0"
#9234
b1000111101100 '
1"
#9235
0"
#9236
b1000111101101 '
1"
#9237
0"
#9238
b1000111101110 '
1"
#9239
0"
#9240
b1000111101111 '
1"
#9241
0"
#9242
b1000111110000 '
1"
#9243
0"
#9244
b1000111110001 '
1"
#9245
0"
#9246
b1000111110010 '
1"
#9247
0"
#9248
b1000111110011 '
1"
#9249
0"
#9250
b1000111110100 '
1"
#9251
0"
#9252
b1000111110101 '
1"
#9253
0"
#9254
b1000111110110 '
1"
#9255
0"
#9256
b1000111110111 '
1"
#9257
0"
#9258
b1000111111000 '
1"
#9259
0"
#9260
b1000111111001 '
1"
#9261
0"
#9262
b1000111111010 '
1"
#9263
0"
#9264
b1000111111011 '
1"
#9265
0"
#9266
b1000111111100 '
1"
#9267
0"
#9268
b1000111111101 '
1"
#9269
0"
#9270
b1000111111110 '
1"
#9271
0"
#9272
b1000111111111 '
1"
#9273
0"
#9274
b1001000000000 '
1"
#9275
0"
#9276
b1001000000001 '
1"
#9277
0"
#9278
b1001000000010 '
1"
#9279
0"
#9280
b1001000000011 '
1"
#9281
0"
#9282
b1001000000100 '
1"
#9283
0"
#9284
b1001000000101 '
1"
#9285
0"
#9286
b1001000000110 '
1"
#9287
0"
#9288
b1001000000111 '
1"
#9289
0"
#9290
b1001000001000 '
1"
#9291
0"
#9292
b1001000001001 '
1"
#9293
0"
#9294
b1001000001010 '
1"
#9295
0"
#9296
b1001000001011 '
1"
#9297
0"
#9298
b1001000001100 '
1"
#9299
0"
#9300
b1001000001101 '
1"
#9301
0"
#9302
b1001000001110 '
1"
#9303
0"
#9304
b1001000001111 '
1"
#9305
0"
#9306
b1001000010000 '
1"
#9307
0"
#9308
b1001000010001 '
1"
#9309
0"
#9310
b1001000010010 '
1"
#9311
0"
#9312
b1001000010011 '
1"
#9313
0"
#9314
b1001000010100 '
1"
#9315
0"
#9316
b1001000010101 '
1"
#9317
0"
#9318
b1001000010110 '
1"
#9319
0"
#9320
b1001000010111 '
1"
#9321
0"
#9322
b1001000011000 '
1"
#9323
0"
#9324
b1001000011001 '
1"
#9325
0"
#9326
b1001000011010 '
1"
#9327
0"
#9328
b1001000011011 '
1"
#9329
0"
#9330
b1001000011100 '
1"
#9331
0"
#9332
b1001000011101 '
1"
#9333
0"
#9334
b1001000011110 '
1"
#9335
0"
#9336
b1001000011111 '
1"
#9337
0"
#9338
b1001000100000 '
1"
#9339
0"
#9340
b1001000100001 '
1"
#9341
0"
#9342
b1001000100010 '
1"
#9343
0"
#9344
b1001000100011 '
1"
#9345
0"
#9346
b1001000100100 '
1"
#9347
0"
#9348
b1001000100101 '
1"
#9349
0"
#9350
b1001000100110 '
1"
#9351
0"
#9352
b1001000100111 '
1"
#9353
0"
#9354
b1001000101000 '
1"
#9355
0"
#9356
b1001000101001 '
1"
#9357
0"
#9358
b1001000101010 '
1"
#9359
0"
#9360
b1001000101011 '
1"
#9361
0"
#9362
b1001000101100 '
1"
#9363
0"
#9364
b1001000101101 '
1"
#9365
0"
#9366
b1001000101110 '
1"
#9367
0"
#9368
b1001000101111 '
1"
#9369
0"
#9370
b1001000110000 '
1"
#9371
0"
#9372
b1001000110001 '
1"
#9373
0"
#9374
b1001000110010 '
1"
#9375
0"
#9376
b1001000110011 '
1"
#9377
0"
#9378
b1001000110100 '
1"
#9379
0"
#9380
b1001000110101 '
1"
#9381
0"
#9382
b1001000110110 '
1"
#9383
0"
#9384
b1001000110111 '
1"
#9385
0"
#9386
b1001000111000 '
1"
#9387
0"
#9388
b1001000111001 '
1"
#9389
0"
#9390
b1001000111010 '
1"
#9391
0"
#9392
b1001000111011 '
1"
#9393
0"
#9394
b1001000111100 '
1"
#9395
0"
#9396
b1001000111101 '
1"
#9397
0"
#9398
b1001000111110 '
1"
#9399
0"
#9400
b1001000111111 '
1"
#9401
0"
#9402
b1001001000000 '
1"
#9403
0"
#9404
b1001001000001 '
1"
#9405
0"
#9406
b1001001000010 '
1"
#9407
0"
#9408
b1001001000011 '
1"
#9409
0"
#9410
b1001001000100 '
1"
#9411
0"
#9412
b1001001000101 '
1"
#9413
0"
#9414
b1001001000110 '
1"
#9415
0"
#9416
b1001001000111 '
1"
#9417
0"
#9418
b1001001001000 '
1"
#9419
0"
#9420
b1001001001001 '
1"
#9421
0"
#9422
b1001001001010 '
1"
#9423
0"
#9424
b1001001001011 '
1"
#9425
0"
#9426
b1001001001100 '
1"
#9427
0"
#9428
b1001001001101 '
1"
#9429
0"
#9430
b1001001001110 '
1"
#9431
0"
#9432
b1001001001111 '
1"
#9433
0"
#9434
b1001001010000 '
1"
#9435
0"
#9436
b1001001010001 '
1"
#9437
0"
#9438
b1001001010010 '
1"
#9439
0"
#9440
b1001001010011 '
1"
#9441
0"
#9442
b1001001010100 '
1"
#9443
0"
#9444
b1001001010101 '
1"
#9445
0"
#9446
b1001001010110 '
1"
#9447
0"
#9448
b1001001010111 '
1"
#9449
0"
#9450
b1001001011000 '
1"
#9451
0"
#9452
b1001001011001 '
1"
#9453
0"
#9454
b1001001011010 '
1"
#9455
0"
#9456
b1001001011011 '
1"
#9457
0"
#9458
b1001001011100 '
1"
#9459
0"
#9460
b1001001011101 '
1"
#9461
0"
#9462
b1001001011110 '
1"
#9463
0"
#9464
b1001001011111 '
1"
#9465
0"
#9466
b1001001100000 '
1"
#9467
0"
#9468
b1001001100001 '
1"
#9469
0"
#9470
b1001001100010 '
1"
#9471
0"
#9472
b1001001100011 '
1"
#9473
0"
#9474
b1001001100100 '
1"
#9475
0"
#9476
b1001001100101 '
1"
#9477
0"
#9478
b1001001100110 '
1"
#9479
0"
#9480
b1001001100111 '
1"
#9481
0"
#9482
b1001001101000 '
1"
#9483
0"
#9484
b1001001101001 '
1"
#9485
0"
#9486
b1001001101010 '
1"
#9487
0"
#9488
b1001001101011 '
1"
#9489
0"
#9490
b1001001101100 '
1"
#9491
0"
#9492
b1001001101101 '
1"
#9493
0"
#9494
b1001001101110 '
1"
#9495
0"
#9496
b1001001101111 '
1"
#9497
0"
#9498
b1001001110000 '
1"
#9499
0"
#9500
b1001001110001 '
1"
#9501
0"
#9502
b1001001110010 '
1"
#9503
0"
#9504
b1001001110011 '
1"
#9505
0"
#9506
b1001001110100 '
1"
#9507
0"
#9508
b1001001110101 '
1"
#9509
0"
#9510
b1001001110110 '
1"
#9511
0"
#9512
b1001001110111 '
1"
#9513
0"
#9514
b1001001111000 '
1"
#9515
0"
#9516
b1001001111001 '
1"
#9517
0"
#9518
b1001001111010 '
1"
#9519
0"
#9520
b1001001111011 '
1"
#9521
0"
#9522
b1001001111100 '
1"
#9523
0"
#9524
b1001001111101 '
1"
#9525
0"
#9526
b1001001111110 '
1"
#9527
0"
#9528
b1001001111111 '
1"
#9529
0"
#9530
b1001010000000 '
1"
#9531
0"
#9532
b1001010000001 '
1"
#9533
0"
#9534
b1001010000010 '
1"
#9535
0"
#9536
b1001010000011 '
1"
#9537
0"
#9538
b1001010000100 '
1"
#9539
0"
#9540
b1001010000101 '
1"
#9541
0"
#9542
b1001010000110 '
1"
#9543
0"
#9544
b1001010000111 '
1"
#9545
0"
#9546
b1001010001000 '
1"
#9547
0"
#9548
b1001010001001 '
1"
#9549
0"
#9550
b1001010001010 '
1"
#9551
0"
#9552
b1001010001011 '
1"
#9553
0"
#9554
b1001010001100 '
1"
#9555
0"
#9556
b1001010001101 '
1"
#9557
0"
#9558
b1001010001110 '
1"
#9559
0"
#9560
b1001010001111 '
1"
#9561
0"
#9562
b1001010010000 '
1"
#9563
0"
#9564
b1001010010001 '
1"
#9565
0"
#9566
b1001010010010 '
1"
#9567
0"
#9568
b1001010010011 '
1"
#9569
0"
#9570
b1001010010100 '
1"
#9571
0"
#9572
b1001010010101 '
1"
#9573
0"
#9574
b1001010010110 '
1"
#9575
0"
#9576
b1001010010111 '
1"
#9577
0"
#9578
b1001010011000 '
1"
#9579
0"
#9580
b1001010011001 '
1"
#9581
0"
#9582
b1001010011010 '
1"
#9583
0"
#9584
b1001010011011 '
1"
#9585
0"
#9586
b1001010011100 '
1"
#9587
0"
#9588
b1001010011101 '
1"
#9589
0"
#9590
b1001010011110 '
1"
#9591
0"
#9592
b1001010011111 '
1"
#9593
0"
#9594
b1001010100000 '
1"
#9595
0"
#9596
b1001010100001 '
1"
#9597
0"
#9598
b1001010100010 '
1"
#9599
0"
#9600
b1001010100011 '
1"
#9601
0"
#9602
b1001010100100 '
1"
#9603
0"
#9604
b1001010100101 '
1"
#9605
0"
#9606
b1001010100110 '
1"
#9607
0"
#9608
b1001010100111 '
1"
#9609
0"
#9610
b1001010101000 '
1"
#9611
0"
#9612
b1001010101001 '
1"
#9613
0"
#9614
b1001010101010 '
1"
#9615
0"
#9616
b1001010101011 '
1"
#9617
0"
#9618
b1001010101100 '
1"
#9619
0"
#9620
b1001010101101 '
1"
#9621
0"
#9622
b1001010101110 '
1"
#9623
0"
#9624
b1001010101111 '
1"
#9625
0"
#9626
b1001010110000 '
1"
#9627
0"
#9628
b1001010110001 '
1"
#9629
0"
#9630
b1001010110010 '
1"
#9631
0"
#9632
b1001010110011 '
1"
#9633
0"
#9634
b1001010110100 '
1"
#9635
0"
#9636
b1001010110101 '
1"
#9637
0"
#9638
b1001010110110 '
1"
#9639
0"
#9640
b1001010110111 '
1"
#9641
0"
#9642
b1001010111000 '
1"
#9643
0"
#9644
b1001010111001 '
1"
#9645
0"
#9646
b1001010111010 '
1"
#9647
0"
#9648
b1001010111011 '
1"
#9649
0"
#9650
b1001010111100 '
1"
#9651
0"
#9652
b1001010111101 '
1"
#9653
0"
#9654
b1001010111110 '
1"
#9655
0"
#9656
b1001010111111 '
1"
#9657
0"
#9658
b1001011000000 '
1"
#9659
0"
#9660
b1001011000001 '
1"
#9661
0"
#9662
b1001011000010 '
1"
#9663
0"
#9664
b1001011000011 '
1"
#9665
0"
#9666
b1001011000100 '
1"
#9667
0"
#9668
b1001011000101 '
1"
#9669
0"
#9670
b1001011000110 '
1"
#9671
0"
#9672
b1001011000111 '
1"
#9673
0"
#9674
b1001011001000 '
1"
#9675
0"
#9676
b1001011001001 '
1"
#9677
0"
#9678
b1001011001010 '
1"
#9679
0"
#9680
b1001011001011 '
1"
#9681
0"
#9682
b1001011001100 '
1"
#9683
0"
#9684
b1001011001101 '
1"
#9685
0"
#9686
b1001011001110 '
1"
#9687
0"
#9688
b1001011001111 '
1"
#9689
0"
#9690
b1001011010000 '
1"
#9691
0"
#9692
b1001011010001 '
1"
#9693
0"
#9694
b1001011010010 '
1"
#9695
0"
#9696
b1001011010011 '
1"
#9697
0"
#9698
b1001011010100 '
1"
#9699
0"
#9700
b1001011010101 '
1"
#9701
0"
#9702
b1001011010110 '
1"
#9703
0"
#9704
b1001011010111 '
1"
#9705
0"
#9706
b1001011011000 '
1"
#9707
0"
#9708
b1001011011001 '
1"
#9709
0"
#9710
b1001011011010 '
1"
#9711
0"
#9712
b1001011011011 '
1"
#9713
0"
#9714
b1001011011100 '
1"
#9715
0"
#9716
b1001011011101 '
1"
#9717
0"
#9718
b1001011011110 '
1"
#9719
0"
#9720
b1001011011111 '
1"
#9721
0"
#9722
b1001011100000 '
1"
#9723
0"
#9724
b1001011100001 '
1"
#9725
0"
#9726
b1001011100010 '
1"
#9727
0"
#9728
b1001011100011 '
1"
#9729
0"
#9730
b1001011100100 '
1"
#9731
0"
#9732
b1001011100101 '
1"
#9733
0"
#9734
b1001011100110 '
1"
#9735
0"
#9736
b1001011100111 '
1"
#9737
0"
#9738
b1001011101000 '
1"
#9739
0"
#9740
b1001011101001 '
1"
#9741
0"
#9742
b1001011101010 '
1"
#9743
0"
#9744
b1001011101011 '
1"
#9745
0"
#9746
b1001011101100 '
1"
#9747
0"
#9748
b1001011101101 '
1"
#9749
0"
#9750
b1001011101110 '
1"
#9751
0"
#9752
b1001011101111 '
1"
#9753
0"
#9754
b1001011110000 '
1"
#9755
0"
#9756
b1001011110001 '
1"
#9757
0"
#9758
b1001011110010 '
1"
#9759
0"
#9760
b1001011110011 '
1"
#9761
0"
#9762
b1001011110100 '
1"
#9763
0"
#9764
b1001011110101 '
1"
#9765
0"
#9766
b1001011110110 '
1"
#9767
0"
#9768
b1001011110111 '
1"
#9769
0"
#9770
b1001011111000 '
1"
#9771
0"
#9772
b1001011111001 '
1"
#9773
0"
#9774
b1001011111010 '
1"
#9775
0"
#9776
b1001011111011 '
1"
#9777
0"
#9778
b1001011111100 '
1"
#9779
0"
#9780
b1001011111101 '
1"
#9781
0"
#9782
b1001011111110 '
1"
#9783
0"
#9784
b1001011111111 '
1"
#9785
0"
#9786
b1001100000000 '
1"
#9787
0"
#9788
b1001100000001 '
1"
#9789
0"
#9790
b1001100000010 '
1"
#9791
0"
#9792
b1001100000011 '
1"
#9793
0"
#9794
b1001100000100 '
1"
#9795
0"
#9796
b1001100000101 '
1"
#9797
0"
#9798
b1001100000110 '
1"
#9799
0"
#9800
b1001100000111 '
1"
#9801
0"
#9802
b1001100001000 '
1"
#9803
0"
#9804
b1001100001001 '
1"
#9805
0"
#9806
b1001100001010 '
1"
#9807
0"
#9808
b1001100001011 '
1"
#9809
0"
#9810
b1001100001100 '
1"
#9811
0"
#9812
b1001100001101 '
1"
#9813
0"
#9814
b1001100001110 '
1"
#9815
0"
#9816
b1001100001111 '
1"
#9817
0"
#9818
b1001100010000 '
1"
#9819
0"
#9820
b1001100010001 '
1"
#9821
0"
#9822
b1001100010010 '
1"
#9823
0"
#9824
b1001100010011 '
1"
#9825
0"
#9826
b1001100010100 '
1"
#9827
0"
#9828
b1001100010101 '
1"
#9829
0"
#9830
b1001100010110 '
1"
#9831
0"
#9832
b1001100010111 '
1"
#9833
0"
#9834
b1001100011000 '
1"
#9835
0"
#9836
b1001100011001 '
1"
#9837
0"
#9838
b1001100011010 '
1"
#9839
0"
#9840
b1001100011011 '
1"
#9841
0"
#9842
b1001100011100 '
1"
#9843
0"
#9844
b1001100011101 '
1"
#9845
0"
#9846
b1001100011110 '
1"
#9847
0"
#9848
b1001100011111 '
1"
#9849
0"
#9850
b1001100100000 '
1"
#9851
0"
#9852
b1001100100001 '
1"
#9853
0"
#9854
b1001100100010 '
1"
#9855
0"
#9856
b1001100100011 '
1"
#9857
0"
#9858
b1001100100100 '
1"
#9859
0"
#9860
b1001100100101 '
1"
#9861
0"
#9862
b1001100100110 '
1"
#9863
0"
#9864
b1001100100111 '
1"
#9865
0"
#9866
b1001100101000 '
1"
#9867
0"
#9868
b1001100101001 '
1"
#9869
0"
#9870
b1001100101010 '
1"
#9871
0"
#9872
b1001100101011 '
1"
#9873
0"
#9874
b1001100101100 '
1"
#9875
0"
#9876
b1001100101101 '
1"
#9877
0"
#9878
b1001100101110 '
1"
#9879
0"
#9880
b1001100101111 '
1"
#9881
0"
#9882
b1001100110000 '
1"
#9883
0"
#9884
b1001100110001 '
1"
#9885
0"
#9886
b1001100110010 '
1"
#9887
0"
#9888
b1001100110011 '
1"
#9889
0"
#9890
b1001100110100 '
1"
#9891
0"
#9892
b1001100110101 '
1"
#9893
0"
#9894
b1001100110110 '
1"
#9895
0"
#9896
b1001100110111 '
1"
#9897
0"
#9898
b1001100111000 '
1"
#9899
0"
#9900
b1001100111001 '
1"
#9901
0"
#9902
b1001100111010 '
1"
#9903
0"
#9904
b1001100111011 '
1"
#9905
0"
#9906
b1001100111100 '
1"
#9907
0"
#9908
b1001100111101 '
1"
#9909
0"
#9910
b1001100111110 '
1"
#9911
0"
#9912
b1001100111111 '
1"
#9913
0"
#9914
b1001101000000 '
1"
#9915
0"
#9916
b1001101000001 '
1"
#9917
0"
#9918
b1001101000010 '
1"
#9919
0"
#9920
b1001101000011 '
1"
#9921
0"
#9922
b1001101000100 '
1"
#9923
0"
#9924
b1001101000101 '
1"
#9925
0"
#9926
b1001101000110 '
1"
#9927
0"
#9928
b1001101000111 '
1"
#9929
0"
#9930
b1001101001000 '
1"
#9931
0"
#9932
b1001101001001 '
1"
#9933
0"
#9934
b1001101001010 '
1"
#9935
0"
#9936
b1001101001011 '
1"
#9937
0"
#9938
b1001101001100 '
1"
#9939
0"
#9940
b1001101001101 '
1"
#9941
0"
#9942
b1001101001110 '
1"
#9943
0"
#9944
b1001101001111 '
1"
#9945
0"
#9946
b1001101010000 '
1"
#9947
0"
#9948
b1001101010001 '
1"
#9949
0"
#9950
b1001101010010 '
1"
#9951
0"
#9952
b1001101010011 '
1"
#9953
0"
#9954
b1001101010100 '
1"
#9955
0"
#9956
b1001101010101 '
1"
#9957
0"
#9958
b1001101010110 '
1"
#9959
0"
#9960
b1001101010111 '
1"
#9961
0"
#9962
b1001101011000 '
1"
#9963
0"
#9964
b1001101011001 '
1"
#9965
0"
#9966
b1001101011010 '
1"
#9967
0"
#9968
b1001101011011 '
1"
#9969
0"
#9970
b1001101011100 '
1"
#9971
0"
#9972
b1001101011101 '
1"
#9973
0"
#9974
b1001101011110 '
1"
#9975
0"
#9976
b1001101011111 '
1"
#9977
0"
#9978
b1001101100000 '
1"
#9979
0"
#9980
b1001101100001 '
1"
#9981
0"
#9982
b1001101100010 '
1"
#9983
0"
#9984
b1001101100011 '
1"
#9985
0"
#9986
b1001101100100 '
1"
#9987
0"
#9988
b1001101100101 '
1"
#9989
0"
#9990
b1001101100110 '
1"
#9991
0"
#9992
b1001101100111 '
1"
#9993
0"
#9994
b1001101101000 '
1"
#9995
0"
#9996
b1001101101001 '
1"
#9997
0"
#9998
b1001101101010 '
1"
#9999
0"
#10000
b1001101101011 '
1"
#10001
0"
#10002
b1001101101100 '
1"
#10003
0"
#10004
b1001101101101 '
1"
#10005
0"
#10006
b1001101101110 '
1"
#10007
0"
#10008
b1001101101111 '
1"
#10009
0"
#10010
b1001101110000 '
1"
#10011
0"
#10012
b1001101110001 '
1"
#10013
0"
#10014
b1001101110010 '
1"
#10015
0"
#10016
b1001101110011 '
1"
#10017
0"
#10018
b1001101110100 '
1"
#10019
0"
#10020
b1001101110101 '
1"
#10021
0"
#10022
b1001101110110 '
1"
#10023
0"
#10024
b1001101110111 '
1"
#10025
0"
#10026
b1001101111000 '
1"
#10027
0"
#10028
b1001101111001 '
1"
#10029
0"
#10030
b1001101111010 '
1"
#10031
0"
#10032
b1001101111011 '
1"
#10033
0"
#10034
b1001101111100 '
1"
#10035
0"
#10036
b1001101111101 '
1"
#10037
0"
#10038
b1001101111110 '
1"
#10039
0"
#10040
b1001101111111 '
1"
#10041
0"
#10042
b1001110000000 '
1"
#10043
0"
#10044
b1001110000001 '
1"
#10045
0"
#10046
b1001110000010 '
1"
#10047
0"
#10048
b1001110000011 '
1"
#10049
0"
#10050
b1001110000100 '
1"
#10051
0"
#10052
b1001110000101 '
1"
#10053
0"
#10054
b1001110000110 '
1"
#10055
0"
#10056
b1001110000111 '
1"
#10057
0"
#10058
b1001110001000 '
1"
#10059
0"
#10060
b1001110001001 '
1"
#10061
0"
#10062
b1001110001010 '
1"
#10063
0"
#10064
b1001110001011 '
1"
#10065
0"
#10066
b1001110001100 '
1"
#10067
0"
#10068
b1001110001101 '
1"
#10069
0"
#10070
b1001110001110 '
1"
#10071
0"
#10072
b1001110001111 '
1"
#10073
0"
#10074
b1001110010000 '
1"
#10075
0"
#10076
b1001110010001 '
1"
#10077
0"
#10078
b1001110010010 '
1"
#10079
0"
#10080
b1001110010011 '
1"
#10081
0"
#10082
b1001110010100 '
1"
#10083
0"
#10084
b1001110010101 '
1"
#10085
0"
#10086
b1001110010110 '
1"
#10087
0"
#10088
b1001110010111 '
1"
#10089
0"
#10090
b1001110011000 '
1"
#10091
0"
#10092
b1001110011001 '
1"
#10093
0"
#10094
b1001110011010 '
1"
#10095
0"
#10096
b1001110011011 '
1"
#10097
0"
#10098
b1001110011100 '
1"
#10099
0"
#10100
b1001110011101 '
1"
#10101
0"
#10102
b1001110011110 '
1"
#10103
0"
#10104
b1001110011111 '
1"
#10105
0"
#10106
b1001110100000 '
1"
#10107
0"
#10108
b1001110100001 '
1"
#10109
0"
#10110
b1001110100010 '
1"
#10111
0"
#10112
b1001110100011 '
1"
#10113
0"
#10114
b1001110100100 '
1"
#10115
0"
#10116
b1001110100101 '
1"
#10117
0"
#10118
b1001110100110 '
1"
#10119
0"
#10120
b1001110100111 '
1"
#10121
0"
#10122
b1001110101000 '
1"
#10123
0"
#10124
b1001110101001 '
1"
#10125
0"
#10126
b1001110101010 '
1"
#10127
0"
#10128
b1001110101011 '
1"
#10129
0"
#10130
b1001110101100 '
1"
#10131
0"
#10132
b1001110101101 '
1"
#10133
0"
#10134
b1001110101110 '
1"
#10135
0"
#10136
b1001110101111 '
1"
#10137
0"
#10138
b1001110110000 '
1"
#10139
0"
#10140
b1001110110001 '
1"
#10141
0"
#10142
b1001110110010 '
1"
#10143
0"
#10144
b1001110110011 '
1"
#10145
0"
#10146
b1001110110100 '
1"
#10147
0"
#10148
b1001110110101 '
1"
#10149
0"
#10150
b1001110110110 '
1"
#10151
0"
#10152
b1001110110111 '
1"
#10153
0"
#10154
b1001110111000 '
1"
#10155
0"
#10156
b1001110111001 '
1"
#10157
0"
#10158
b1001110111010 '
1"
#10159
0"
#10160
b1001110111011 '
1"
#10161
0"
#10162
b1001110111100 '
1"
#10163
0"
#10164
b1001110111101 '
1"
#10165
0"
#10166
b1001110111110 '
1"
#10167
0"
#10168
b1001110111111 '
1"
#10169
0"
#10170
b1001111000000 '
1"
#10171
0"
#10172
b1001111000001 '
1"
#10173
0"
#10174
b1001111000010 '
1"
#10175
0"
#10176
b1001111000011 '
1"
#10177
0"
#10178
b1001111000100 '
1"
#10179
0"
#10180
b1001111000101 '
1"
#10181
0"
#10182
b1001111000110 '
1"
#10183
0"
#10184
b1001111000111 '
1"
#10185
0"
#10186
b1001111001000 '
1"
#10187
0"
#10188
b1001111001001 '
1"
#10189
0"
#10190
b1001111001010 '
1"
#10191
0"
#10192
b1001111001011 '
1"
#10193
0"
#10194
b1001111001100 '
1"
#10195
0"
#10196
b1001111001101 '
1"
#10197
0"
#10198
b1001111001110 '
1"
#10199
0"
#10200
b1001111001111 '
1"
#10201
0"
#10202
b1001111010000 '
1"
#10203
0"
#10204
b1001111010001 '
1"
#10205
0"
#10206
b1001111010010 '
1"
#10207
0"
#10208
b1001111010011 '
1"
#10209
0"
#10210
b1001111010100 '
1"
#10211
0"
#10212
b1001111010101 '
1"
#10213
0"
#10214
b1001111010110 '
1"
#10215
0"
#10216
b1001111010111 '
1"
#10217
0"
#10218
b1001111011000 '
1"
#10219
0"
#10220
b1001111011001 '
1"
#10221
0"
#10222
b1001111011010 '
1"
#10223
0"
#10224
b1001111011011 '
1"
#10225
0"
#10226
b1001111011100 '
1"
#10227
0"
#10228
b1001111011101 '
1"
#10229
0"
#10230
b1001111011110 '
1"
#10231
0"
#10232
b1001111011111 '
1"
#10233
0"
#10234
b1001111100000 '
1"
#10235
0"
#10236
b1001111100001 '
1"
#10237
0"
#10238
b1001111100010 '
1"
#10239
0"
#10240
b1001111100011 '
1"
#10241
0"
#10242
b1001111100100 '
1"
#10243
0"
#10244
b1001111100101 '
1"
#10245
0"
#10246
b1001111100110 '
1"
#10247
0"
#10248
b1001111100111 '
1"
#10249
0"
#10250
b1001111101000 '
1"
#10251
0"
#10252
b1001111101001 '
1"
#10253
0"
#10254
b1001111101010 '
1"
#10255
0"
#10256
b1001111101011 '
1"
#10257
0"
#10258
b1001111101100 '
1"
#10259
0"
#10260
b1001111101101 '
1"
#10261
0"
#10262
b1001111101110 '
1"
#10263
0"
#10264
b1001111101111 '
1"
#10265
0"
#10266
b1001111110000 '
1"
#10267
0"
#10268
b1001111110001 '
1"
#10269
0"
#10270
b1001111110010 '
1"
#10271
0"
#10272
b1001111110011 '
1"
#10273
0"
#10274
b1001111110100 '
1"
#10275
0"
#10276
b1001111110101 '
1"
#10277
0"
#10278
b1001111110110 '
1"
#10279
0"
#10280
b1001111110111 '
1"
#10281
0"
#10282
b1001111111000 '
1"
#10283
0"
#10284
b1001111111001 '
1"
#10285
0"
#10286
b1001111111010 '
1"
#10287
0"
#10288
b1001111111011 '
1"
#10289
0"
#10290
b1001111111100 '
1"
#10291
0"
#10292
b1001111111101 '
1"
#10293
0"
#10294
b1001111111110 '
1"
#10295
0"
#10296
b1001111111111 '
1"
#10297
0"
#10298
b1010000000000 '
1"
#10299
0"
#10300
b1010000000001 '
1"
#10301
0"
#10302
b1010000000010 '
1"
#10303
0"
#10304
b1010000000011 '
1"
#10305
0"
#10306
b1010000000100 '
1"
#10307
0"
#10308
b1010000000101 '
1"
#10309
0"
#10310
b1010000000110 '
1"
#10311
0"
#10312
b1010000000111 '
1"
#10313
0"
#10314
b1010000001000 '
1"
#10315
0"
#10316
b1010000001001 '
1"
#10317
0"
#10318
b1010000001010 '
1"
#10319
0"
#10320
b1010000001011 '
1"
#10321
0"
#10322
b1010000001100 '
1"
#10323
0"
#10324
b1010000001101 '
1"
#10325
0"
#10326
b1010000001110 '
1"
#10327
0"
#10328
b1010000001111 '
1"
#10329
0"
#10330
b1010000010000 '
1"
#10331
0"
#10332
b1010000010001 '
1"
#10333
0"
#10334
b1010000010010 '
1"
#10335
0"
#10336
b1010000010011 '
1"
#10337
0"
#10338
b1010000010100 '
1"
#10339
0"
#10340
b1010000010101 '
1"
#10341
0"
#10342
b1010000010110 '
1"
#10343
0"
#10344
b1010000010111 '
1"
#10345
0"
#10346
b1010000011000 '
1"
#10347
0"
#10348
b1010000011001 '
1"
#10349
0"
#10350
b1010000011010 '
1"
#10351
0"
#10352
b1010000011011 '
1"
#10353
0"
#10354
b1010000011100 '
1"
#10355
0"
#10356
b1010000011101 '
1"
#10357
0"
#10358
b1010000011110 '
1"
#10359
0"
#10360
b1010000011111 '
1"
#10361
0"
#10362
b1010000100000 '
1"
#10363
0"
#10364
b1010000100001 '
1"
#10365
0"
#10366
b1010000100010 '
1"
#10367
0"
#10368
b1010000100011 '
1"
#10369
0"
#10370
b1010000100100 '
1"
#10371
0"
#10372
b1010000100101 '
1"
#10373
0"
#10374
b1010000100110 '
1"
#10375
0"
#10376
b1010000100111 '
1"
#10377
0"
#10378
b1010000101000 '
1"
#10379
0"
#10380
b1010000101001 '
1"
#10381
0"
#10382
b1010000101010 '
1"
#10383
0"
#10384
b1010000101011 '
1"
#10385
0"
#10386
b1010000101100 '
1"
#10387
0"
#10388
b1010000101101 '
1"
#10389
0"
#10390
b1010000101110 '
1"
#10391
0"
#10392
b1010000101111 '
1"
#10393
0"
#10394
b1010000110000 '
1"
#10395
0"
#10396
b1010000110001 '
1"
#10397
0"
#10398
b1010000110010 '
1"
#10399
0"
#10400
b1010000110011 '
1"
#10401
0"
#10402
b1010000110100 '
1"
#10403
0"
#10404
b1010000110101 '
1"
#10405
0"
#10406
b1010000110110 '
1"
#10407
0"
#10408
b1010000110111 '
1"
#10409
0"
#10410
b1010000111000 '
1"
#10411
0"
#10412
b1010000111001 '
1"
#10413
0"
#10414
b1010000111010 '
1"
#10415
0"
#10416
b1010000111011 '
1"
#10417
0"
#10418
b1010000111100 '
1"
#10419
0"
#10420
b1010000111101 '
1"
#10421
0"
#10422
b1010000111110 '
1"
#10423
0"
#10424
b1010000111111 '
1"
#10425
0"
#10426
b1010001000000 '
1"
#10427
0"
#10428
b1010001000001 '
1"
#10429
0"
#10430
b1010001000010 '
1"
#10431
0"
#10432
b1010001000011 '
1"
#10433
0"
#10434
b1010001000100 '
1"
#10435
0"
#10436
b1010001000101 '
1"
#10437
0"
#10438
b1010001000110 '
1"
#10439
0"
#10440
b1010001000111 '
1"
#10441
0"
#10442
b1010001001000 '
1"
#10443
0"
#10444
b1010001001001 '
1"
#10445
0"
#10446
b1010001001010 '
1"
#10447
0"
#10448
b1010001001011 '
1"
#10449
0"
#10450
b1010001001100 '
1"
#10451
0"
#10452
b1010001001101 '
1"
#10453
0"
#10454
b1010001001110 '
1"
#10455
0"
#10456
b1010001001111 '
1"
#10457
0"
#10458
b1010001010000 '
1"
#10459
0"
#10460
b1010001010001 '
1"
#10461
0"
#10462
b1010001010010 '
1"
#10463
0"
#10464
b1010001010011 '
1"
#10465
0"
#10466
b1010001010100 '
1"
#10467
0"
#10468
b1010001010101 '
1"
#10469
0"
#10470
b1010001010110 '
1"
#10471
0"
#10472
b1010001010111 '
1"
#10473
0"
#10474
b1010001011000 '
1"
#10475
0"
#10476
b1010001011001 '
1"
#10477
0"
#10478
b1010001011010 '
1"
#10479
0"
#10480
b1010001011011 '
1"
#10481
0"
#10482
b1010001011100 '
1"
#10483
0"
#10484
b1010001011101 '
1"
#10485
0"
#10486
b1010001011110 '
1"
#10487
0"
#10488
b1010001011111 '
1"
#10489
0"
#10490
b1010001100000 '
1"
#10491
0"
#10492
b1010001100001 '
1"
#10493
0"
#10494
b1010001100010 '
1"
#10495
0"
#10496
b1010001100011 '
1"
#10497
0"
#10498
b1010001100100 '
1"
#10499
0"
#10500
b1010001100101 '
1"
#10501
0"
#10502
b1010001100110 '
1"
#10503
0"
#10504
b1010001100111 '
1"
#10505
0"
#10506
b1010001101000 '
1"
#10507
0"
#10508
b1010001101001 '
1"
#10509
0"
#10510
b1010001101010 '
1"
#10511
0"
#10512
b1010001101011 '
1"
#10513
0"
#10514
b1010001101100 '
1"
#10515
0"
#10516
b1010001101101 '
1"
#10517
0"
#10518
b1010001101110 '
1"
#10519
0"
#10520
b1010001101111 '
1"
#10521
0"
#10522
b1010001110000 '
1"
#10523
0"
#10524
b1010001110001 '
1"
#10525
0"
#10526
b1010001110010 '
1"
#10527
0"
#10528
b1010001110011 '
1"
#10529
0"
#10530
b1010001110100 '
1"
#10531
0"
#10532
b1010001110101 '
1"
#10533
0"
#10534
b1010001110110 '
1"
#10535
0"
#10536
b1010001110111 '
1"
#10537
0"
#10538
b1010001111000 '
1"
#10539
0"
#10540
b1010001111001 '
1"
#10541
0"
#10542
b1010001111010 '
1"
#10543
0"
#10544
b1010001111011 '
1"
#10545
0"
#10546
b1010001111100 '
1"
#10547
0"
#10548
b1010001111101 '
1"
#10549
0"
#10550
b1010001111110 '
1"
#10551
0"
#10552
b1010001111111 '
1"
#10553
0"
#10554
b1010010000000 '
1"
#10555
0"
#10556
b1010010000001 '
1"
#10557
0"
#10558
b1010010000010 '
1"
#10559
0"
#10560
b1010010000011 '
1"
#10561
0"
#10562
b1010010000100 '
1"
#10563
0"
#10564
b1010010000101 '
1"
#10565
0"
#10566
b1010010000110 '
1"
#10567
0"
#10568
b1010010000111 '
1"
#10569
0"
#10570
b1010010001000 '
1"
#10571
0"
#10572
b1010010001001 '
1"
#10573
0"
#10574
b1010010001010 '
1"
#10575
0"
#10576
b1010010001011 '
1"
#10577
0"
#10578
b1010010001100 '
1"
#10579
0"
#10580
b1010010001101 '
1"
#10581
0"
#10582
b1010010001110 '
1"
#10583
0"
#10584
b1010010001111 '
1"
#10585
0"
#10586
b1010010010000 '
1"
#10587
0"
#10588
b1010010010001 '
1"
#10589
0"
#10590
b1010010010010 '
1"
#10591
0"
#10592
b1010010010011 '
1"
#10593
0"
#10594
b1010010010100 '
1"
#10595
0"
#10596
b1010010010101 '
1"
#10597
0"
#10598
b1010010010110 '
1"
#10599
0"
#10600
b1010010010111 '
1"
#10601
0"
#10602
b1010010011000 '
1"
#10603
0"
#10604
b1010010011001 '
1"
#10605
0"
#10606
b1010010011010 '
1"
#10607
0"
#10608
b1010010011011 '
1"
#10609
0"
#10610
b1010010011100 '
1"
#10611
0"
#10612
b1010010011101 '
1"
#10613
0"
#10614
b1010010011110 '
1"
#10615
0"
#10616
b1010010011111 '
1"
#10617
0"
#10618
b1010010100000 '
1"
#10619
0"
#10620
b1010010100001 '
1"
#10621
0"
#10622
b1010010100010 '
1"
#10623
0"
#10624
b1010010100011 '
1"
#10625
0"
#10626
b1010010100100 '
1"
#10627
0"
#10628
b1010010100101 '
1"
#10629
0"
#10630
b1010010100110 '
1"
#10631
0"
#10632
b1010010100111 '
1"
#10633
0"
#10634
b1010010101000 '
1"
#10635
0"
#10636
b1010010101001 '
1"
#10637
0"
#10638
b1010010101010 '
1"
#10639
0"
#10640
b1010010101011 '
1"
#10641
0"
#10642
b1010010101100 '
1"
#10643
0"
#10644
b1010010101101 '
1"
#10645
0"
#10646
b1010010101110 '
1"
#10647
0"
#10648
b1010010101111 '
1"
#10649
0"
#10650
b1010010110000 '
1"
#10651
0"
#10652
b1010010110001 '
1"
#10653
0"
#10654
b1010010110010 '
1"
#10655
0"
#10656
b1010010110011 '
1"
#10657
0"
#10658
b1010010110100 '
1"
#10659
0"
#10660
b1010010110101 '
1"
#10661
0"
#10662
b1010010110110 '
1"
#10663
0"
#10664
b1010010110111 '
1"
#10665
0"
#10666
b1010010111000 '
1"
#10667
0"
#10668
b1010010111001 '
1"
#10669
0"
#10670
b1010010111010 '
1"
#10671
0"
#10672
b1010010111011 '
1"
#10673
0"
#10674
b1010010111100 '
1"
#10675
0"
#10676
b1010010111101 '
1"
#10677
0"
#10678
b1010010111110 '
1"
#10679
0"
#10680
b1010010111111 '
1"
#10681
0"
#10682
b1010011000000 '
1"
#10683
0"
#10684
b1010011000001 '
1"
#10685
0"
#10686
b1010011000010 '
1"
#10687
0"
#10688
b1010011000011 '
1"
#10689
0"
#10690
b1010011000100 '
1"
#10691
0"
#10692
b1010011000101 '
1"
#10693
0"
#10694
b1010011000110 '
1"
#10695
0"
#10696
b1010011000111 '
1"
#10697
0"
#10698
b1010011001000 '
1"
#10699
0"
#10700
b1010011001001 '
1"
#10701
0"
#10702
b1010011001010 '
1"
#10703
0"
#10704
b1010011001011 '
1"
#10705
0"
#10706
b1010011001100 '
1"
#10707
0"
#10708
b1010011001101 '
1"
#10709
0"
#10710
b1010011001110 '
1"
#10711
0"
#10712
b1010011001111 '
1"
#10713
0"
#10714
b1010011010000 '
1"
#10715
0"
#10716
b1010011010001 '
1"
#10717
0"
#10718
b1010011010010 '
1"
#10719
0"
#10720
b1010011010011 '
1"
#10721
0"
#10722
b1010011010100 '
1"
#10723
0"
#10724
b1010011010101 '
1"
#10725
0"
#10726
b1010011010110 '
1"
#10727
0"
#10728
b1010011010111 '
1"
#10729
0"
#10730
b1010011011000 '
1"
#10731
0"
#10732
b1010011011001 '
1"
#10733
0"
#10734
b1010011011010 '
1"
#10735
0"
#10736
b1010011011011 '
1"
#10737
0"
#10738
b1010011011100 '
1"
#10739
0"
#10740
b1010011011101 '
1"
#10741
0"
#10742
b1010011011110 '
1"
#10743
0"
#10744
b1010011011111 '
1"
#10745
0"
#10746
b1010011100000 '
1"
#10747
0"
#10748
b1010011100001 '
1"
#10749
0"
#10750
b1010011100010 '
1"
#10751
0"
#10752
b1010011100011 '
1"
#10753
0"
#10754
b1010011100100 '
1"
#10755
0"
#10756
b1010011100101 '
1"
#10757
0"
#10758
b1010011100110 '
1"
#10759
0"
#10760
b1010011100111 '
1"
#10761
0"
#10762
b1010011101000 '
1"
#10763
0"
#10764
b1010011101001 '
1"
#10765
0"
#10766
b1010011101010 '
1"
#10767
0"
#10768
b1010011101011 '
1"
#10769
0"
#10770
b1010011101100 '
1"
#10771
0"
#10772
b1010011101101 '
1"
#10773
0"
#10774
b1010011101110 '
1"
#10775
0"
#10776
b1010011101111 '
1"
#10777
0"
#10778
b1010011110000 '
1"
#10779
0"
#10780
b1010011110001 '
1"
#10781
0"
#10782
b1010011110010 '
1"
#10783
0"
#10784
b1010011110011 '
1"
#10785
0"
#10786
b1010011110100 '
1"
#10787
0"
#10788
b1010011110101 '
1"
#10789
0"
#10790
b1010011110110 '
1"
#10791
0"
#10792
b1010011110111 '
1"
#10793
0"
#10794
b1010011111000 '
1"
#10795
0"
#10796
b1010011111001 '
1"
#10797
0"
#10798
b1010011111010 '
1"
#10799
0"
#10800
b1010011111011 '
1"
#10801
0"
#10802
b1010011111100 '
1"
#10803
0"
#10804
b1010011111101 '
1"
#10805
0"
#10806
b1010011111110 '
1"
#10807
0"
#10808
b1010011111111 '
1"
#10809
0"
#10810
b1010100000000 '
1"
#10811
0"
#10812
b1010100000001 '
1"
#10813
0"
#10814
b1010100000010 '
1"
#10815
0"
#10816
b1010100000011 '
1"
#10817
0"
#10818
b1010100000100 '
1"
#10819
0"
#10820
b1010100000101 '
1"
#10821
0"
#10822
b1010100000110 '
1"
#10823
0"
#10824
b1010100000111 '
1"
#10825
0"
#10826
b1010100001000 '
1"
#10827
0"
#10828
b1010100001001 '
1"
#10829
0"
#10830
b1010100001010 '
1"
#10831
0"
#10832
b1010100001011 '
1"
#10833
0"
#10834
b1010100001100 '
1"
#10835
0"
#10836
b1010100001101 '
1"
#10837
0"
#10838
b1010100001110 '
1"
#10839
0"
#10840
b1010100001111 '
1"
#10841
0"
#10842
b1010100010000 '
1"
#10843
0"
#10844
b1010100010001 '
1"
#10845
0"
#10846
b1010100010010 '
1"
#10847
0"
#10848
b1010100010011 '
1"
#10849
0"
#10850
b1010100010100 '
1"
#10851
0"
#10852
b1010100010101 '
1"
#10853
0"
#10854
b1010100010110 '
1"
#10855
0"
#10856
b1010100010111 '
1"
#10857
0"
#10858
b1010100011000 '
1"
#10859
0"
#10860
b1010100011001 '
1"
#10861
0"
#10862
b1010100011010 '
1"
#10863
0"
#10864
b1010100011011 '
1"
#10865
0"
#10866
b1010100011100 '
1"
#10867
0"
#10868
b1010100011101 '
1"
#10869
0"
#10870
b1010100011110 '
1"
#10871
0"
#10872
b1010100011111 '
1"
#10873
0"
#10874
b1010100100000 '
1"
#10875
0"
#10876
b1010100100001 '
1"
#10877
0"
#10878
b1010100100010 '
1"
#10879
0"
#10880
b1010100100011 '
1"
#10881
0"
#10882
b1010100100100 '
1"
#10883
0"
#10884
b1010100100101 '
1"
#10885
0"
#10886
b1010100100110 '
1"
#10887
0"
#10888
b1010100100111 '
1"
#10889
0"
#10890
b1010100101000 '
1"
#10891
0"
#10892
b1010100101001 '
1"
#10893
0"
#10894
b1010100101010 '
1"
#10895
0"
#10896
b1010100101011 '
1"
#10897
0"
#10898
b1010100101100 '
1"
#10899
0"
#10900
b1010100101101 '
1"
#10901
0"
#10902
b1010100101110 '
1"
#10903
0"
#10904
b1010100101111 '
1"
#10905
0"
#10906
b1010100110000 '
1"
#10907
0"
#10908
b1010100110001 '
1"
#10909
0"
#10910
b1010100110010 '
1"
#10911
0"
#10912
b1010100110011 '
1"
#10913
0"
#10914
b1010100110100 '
1"
#10915
0"
#10916
b1010100110101 '
1"
#10917
0"
#10918
b1010100110110 '
1"
#10919
0"
#10920
b1010100110111 '
1"
#10921
0"
#10922
b1010100111000 '
1"
#10923
0"
#10924
b1010100111001 '
1"
#10925
0"
#10926
b1010100111010 '
1"
#10927
0"
#10928
b1010100111011 '
1"
#10929
0"
#10930
b1010100111100 '
1"
#10931
0"
#10932
b1010100111101 '
1"
#10933
0"
#10934
b1010100111110 '
1"
#10935
0"
#10936
b1010100111111 '
1"
#10937
0"
#10938
b1010101000000 '
1"
#10939
0"
#10940
b1010101000001 '
1"
#10941
0"
#10942
b1010101000010 '
1"
#10943
0"
#10944
b1010101000011 '
1"
#10945
0"
#10946
b1010101000100 '
1"
#10947
0"
#10948
b1010101000101 '
1"
#10949
0"
#10950
b1010101000110 '
1"
#10951
0"
#10952
b1010101000111 '
1"
#10953
0"
#10954
b1010101001000 '
1"
#10955
0"
#10956
b1010101001001 '
1"
#10957
0"
#10958
b1010101001010 '
1"
#10959
0"
#10960
b1010101001011 '
1"
#10961
0"
#10962
b1010101001100 '
1"
#10963
0"
#10964
b1010101001101 '
1"
#10965
0"
#10966
b1010101001110 '
1"
#10967
0"
#10968
b1010101001111 '
1"
#10969
0"
#10970
b1010101010000 '
1"
#10971
0"
#10972
b1010101010001 '
1"
#10973
0"
#10974
b1010101010010 '
1"
#10975
0"
#10976
b1010101010011 '
1"
#10977
0"
#10978
b1010101010100 '
1"
#10979
0"
#10980
b1010101010101 '
1"
#10981
0"
#10982
b1010101010110 '
1"
#10983
0"
#10984
b1010101010111 '
1"
#10985
0"
#10986
b1010101011000 '
1"
#10987
0"
#10988
b1010101011001 '
1"
#10989
0"
#10990
b1010101011010 '
1"
#10991
0"
#10992
b1010101011011 '
1"
#10993
0"
#10994
b1010101011100 '
1"
#10995
0"
#10996
b1010101011101 '
1"
#10997
0"
#10998
b1010101011110 '
1"
#10999
0"
#11000
b1010101011111 '
1"
#11001
0"
#11002
b1010101100000 '
1"
#11003
0"
#11004
b1010101100001 '
1"
#11005
0"
#11006
b1010101100010 '
1"
#11007
0"
#11008
b1010101100011 '
1"
#11009
0"
#11010
b1010101100100 '
1"
#11011
0"
#11012
b1010101100101 '
1"
#11013
0"
#11014
b1010101100110 '
1"
#11015
0"
#11016
b1010101100111 '
1"
#11017
0"
#11018
b1010101101000 '
1"
#11019
0"
#11020
b1010101101001 '
1"
#11021
0"
#11022
b1010101101010 '
1"
#11023
0"
#11024
b1010101101011 '
1"
#11025
0"
#11026
b1010101101100 '
1"
#11027
0"
#11028
b1010101101101 '
1"
#11029
0"
#11030
b1010101101110 '
1"
#11031
0"
#11032
b1010101101111 '
1"
#11033
0"
#11034
b1010101110000 '
1"
#11035
0"
#11036
b1010101110001 '
1"
#11037
0"
#11038
b1010101110010 '
1"
#11039
0"
#11040
b1010101110011 '
1"
#11041
0"
#11042
b1010101110100 '
1"
#11043
0"
#11044
b1010101110101 '
1"
#11045
0"
#11046
b1010101110110 '
1"
#11047
0"
#11048
b1010101110111 '
1"
#11049
0"
#11050
b1010101111000 '
1"
#11051
0"
#11052
b1010101111001 '
1"
#11053
0"
#11054
b1010101111010 '
1"
#11055
0"
#11056
b1010101111011 '
1"
#11057
0"
#11058
b1010101111100 '
1"
#11059
0"
#11060
b1010101111101 '
1"
#11061
0"
#11062
b1010101111110 '
1"
#11063
0"
#11064
b1010101111111 '
1"
#11065
0"
#11066
b1010110000000 '
1"
#11067
0"
#11068
b1010110000001 '
1"
#11069
0"
#11070
b1010110000010 '
1"
#11071
0"
#11072
b1010110000011 '
1"
#11073
0"
#11074
b1010110000100 '
1"
#11075
0"
#11076
b1010110000101 '
1"
#11077
0"
#11078
b1010110000110 '
1"
#11079
0"
#11080
b1010110000111 '
1"
#11081
0"
#11082
b1010110001000 '
1"
#11083
0"
#11084
b1010110001001 '
1"
#11085
0"
#11086
b1010110001010 '
1"
#11087
0"
#11088
b1010110001011 '
1"
#11089
0"
#11090
b1010110001100 '
1"
#11091
0"
#11092
b1010110001101 '
1"
#11093
0"
#11094
b1010110001110 '
1"
#11095
0"
#11096
b1010110001111 '
1"
#11097
0"
#11098
b1010110010000 '
1"
#11099
0"
#11100
b1010110010001 '
1"
#11101
0"
#11102
b1010110010010 '
1"
#11103
0"
#11104
b1010110010011 '
1"
#11105
0"
#11106
b1010110010100 '
1"
#11107
0"
#11108
b1010110010101 '
1"
#11109
0"
#11110
b1010110010110 '
1"
#11111
0"
#11112
b1010110010111 '
1"
#11113
0"
#11114
b1010110011000 '
1"
#11115
0"
#11116
b1010110011001 '
1"
#11117
0"
#11118
b1010110011010 '
1"
#11119
0"
#11120
b1010110011011 '
1"
#11121
0"
#11122
b1010110011100 '
1"
#11123
0"
#11124
b1010110011101 '
1"
#11125
0"
#11126
b1010110011110 '
1"
#11127
0"
#11128
b1010110011111 '
1"
#11129
0"
#11130
b1010110100000 '
1"
#11131
0"
#11132
b1010110100001 '
1"
#11133
0"
#11134
b1010110100010 '
1"
#11135
0"
#11136
b1010110100011 '
1"
#11137
0"
#11138
b1010110100100 '
1"
#11139
0"
#11140
b1010110100101 '
1"
#11141
0"
#11142
b1010110100110 '
1"
#11143
0"
#11144
b1010110100111 '
1"
#11145
0"
#11146
b1010110101000 '
1"
#11147
0"
#11148
b1010110101001 '
1"
#11149
0"
#11150
b1010110101010 '
1"
#11151
0"
#11152
b1010110101011 '
1"
#11153
0"
#11154
b1010110101100 '
1"
#11155
0"
#11156
b1010110101101 '
1"
#11157
0"
#11158
b1010110101110 '
1"
#11159
0"
#11160
b1010110101111 '
1"
#11161
0"
#11162
b1010110110000 '
1"
#11163
0"
#11164
b1010110110001 '
1"
#11165
0"
#11166
b1010110110010 '
1"
#11167
0"
#11168
b1010110110011 '
1"
#11169
0"
#11170
b1010110110100 '
1"
#11171
0"
#11172
b1010110110101 '
1"
#11173
0"
#11174
b1010110110110 '
1"
#11175
0"
#11176
b1010110110111 '
1"
#11177
0"
#11178
b1010110111000 '
1"
#11179
0"
#11180
b1010110111001 '
1"
#11181
0"
#11182
b1010110111010 '
1"
#11183
0"
#11184
b1010110111011 '
1"
#11185
0"
#11186
b1010110111100 '
1"
#11187
0"
#11188
b1010110111101 '
1"
#11189
0"
#11190
b1010110111110 '
1"
#11191
0"
#11192
b1010110111111 '
1"
#11193
0"
#11194
b1010111000000 '
1"
#11195
0"
#11196
b1010111000001 '
1"
#11197
0"
#11198
b1010111000010 '
1"
#11199
0"
#11200
b1010111000011 '
1"
#11201
0"
#11202
b1010111000100 '
1"
#11203
0"
#11204
b1010111000101 '
1"
#11205
0"
#11206
b1010111000110 '
1"
#11207
0"
#11208
b1010111000111 '
1"
#11209
0"
#11210
b1010111001000 '
1"
#11211
0"
#11212
b1010111001001 '
1"
#11213
0"
#11214
b1010111001010 '
1"
#11215
0"
#11216
b1010111001011 '
1"
#11217
0"
#11218
b1010111001100 '
1"
#11219
0"
#11220
b1010111001101 '
1"
#11221
0"
#11222
b1010111001110 '
1"
#11223
0"
#11224
b1010111001111 '
1"
#11225
0"
#11226
b1010111010000 '
1"
#11227
0"
#11228
b1010111010001 '
1"
#11229
0"
#11230
b1010111010010 '
1"
#11231
0"
#11232
b1010111010011 '
1"
#11233
0"
#11234
b1010111010100 '
1"
#11235
0"
#11236
b1010111010101 '
1"
#11237
0"
#11238
b1010111010110 '
1"
#11239
0"
#11240
b1010111010111 '
1"
#11241
0"
#11242
b1010111011000 '
1"
#11243
0"
#11244
b1010111011001 '
1"
#11245
0"
#11246
b1010111011010 '
1"
#11247
0"
#11248
b1010111011011 '
1"
#11249
0"
#11250
b1010111011100 '
1"
#11251
0"
#11252
b1010111011101 '
1"
#11253
0"
#11254
b1010111011110 '
1"
#11255
0"
#11256
b1010111011111 '
1"
#11257
0"
#11258
b1010111100000 '
1"
#11259
0"
#11260
b1010111100001 '
1"
#11261
0"
#11262
b1010111100010 '
1"
#11263
0"
#11264
b1010111100011 '
1"
#11265
0"
#11266
b1010111100100 '
1"
#11267
0"
#11268
b1010111100101 '
1"
#11269
0"
#11270
b1010111100110 '
1"
#11271
0"
#11272
b1010111100111 '
1"
#11273
0"
#11274
b1010111101000 '
1"
#11275
0"
#11276
b1010111101001 '
1"
#11277
0"
#11278
b1010111101010 '
1"
#11279
0"
#11280
b1010111101011 '
1"
#11281
0"
#11282
b1010111101100 '
1"
#11283
0"
#11284
b1010111101101 '
1"
#11285
0"
#11286
b1010111101110 '
1"
#11287
0"
#11288
b1010111101111 '
1"
#11289
0"
#11290
b1010111110000 '
1"
#11291
0"
#11292
b1010111110001 '
1"
#11293
0"
#11294
b1010111110010 '
1"
#11295
0"
#11296
b1010111110011 '
1"
#11297
0"
#11298
b1010111110100 '
1"
#11299
0"
#11300
b1010111110101 '
1"
#11301
0"
#11302
b1010111110110 '
1"
#11303
0"
#11304
b1010111110111 '
1"
#11305
0"
#11306
b1010111111000 '
1"
#11307
0"
#11308
b1010111111001 '
1"
#11309
0"
#11310
b1010111111010 '
1"
#11311
0"
#11312
b1010111111011 '
1"
#11313
0"
#11314
b1010111111100 '
1"
#11315
0"
#11316
b1010111111101 '
1"
#11317
0"
#11318
b1010111111110 '
1"
#11319
0"
#11320
b1010111111111 '
1"
#11321
0"
#11322
b1011000000000 '
1"
#11323
0"
#11324
b1011000000001 '
1"
#11325
0"
#11326
b1011000000010 '
1"
#11327
0"
#11328
b1011000000011 '
1"
#11329
0"
#11330
b1011000000100 '
1"
#11331
0"
#11332
b1011000000101 '
1"
#11333
0"
#11334
b1011000000110 '
1"
#11335
0"
#11336
b1011000000111 '
1"
#11337
0"
#11338
b1011000001000 '
1"
#11339
0"
#11340
b1011000001001 '
1"
#11341
0"
#11342
b1011000001010 '
1"
#11343
0"
#11344
b1011000001011 '
1"
#11345
0"
#11346
b1011000001100 '
1"
#11347
0"
#11348
b1011000001101 '
1"
#11349
0"
#11350
b1011000001110 '
1"
#11351
0"
#11352
b1011000001111 '
1"
#11353
0"
#11354
b1011000010000 '
1"
#11355
0"
#11356
b1011000010001 '
1"
#11357
0"
#11358
b1011000010010 '
1"
#11359
0"
#11360
b1011000010011 '
1"
#11361
0"
#11362
b1011000010100 '
1"
#11363
0"
#11364
b1011000010101 '
1"
#11365
0"
#11366
b1011000010110 '
1"
#11367
0"
#11368
b1011000010111 '
1"
#11369
0"
#11370
b1011000011000 '
1"
#11371
0"
#11372
b1011000011001 '
1"
#11373
0"
#11374
b1011000011010 '
1"
#11375
0"
#11376
b1011000011011 '
1"
#11377
0"
#11378
b1011000011100 '
1"
#11379
0"
#11380
b1011000011101 '
1"
#11381
0"
#11382
b1011000011110 '
1"
#11383
0"
#11384
b1011000011111 '
1"
#11385
0"
#11386
b1011000100000 '
1"
#11387
0"
#11388
b1011000100001 '
1"
#11389
0"
#11390
b1011000100010 '
1"
#11391
0"
#11392
b1011000100011 '
1"
#11393
0"
#11394
b1011000100100 '
1"
#11395
0"
#11396
b1011000100101 '
1"
#11397
0"
#11398
b1011000100110 '
1"
#11399
0"
#11400
b1011000100111 '
1"
#11401
0"
#11402
b1011000101000 '
1"
#11403
0"
#11404
b1011000101001 '
1"
#11405
0"
#11406
b1011000101010 '
1"
#11407
0"
#11408
b1011000101011 '
1"
#11409
0"
#11410
b1011000101100 '
1"
#11411
0"
#11412
b1011000101101 '
1"
#11413
0"
#11414
b1011000101110 '
1"
#11415
0"
#11416
b1011000101111 '
1"
#11417
0"
#11418
b1011000110000 '
1"
#11419
0"
#11420
b1011000110001 '
1"
#11421
0"
#11422
b1011000110010 '
1"
#11423
0"
#11424
b1011000110011 '
1"
#11425
0"
#11426
b1011000110100 '
1"
#11427
0"
#11428
b1011000110101 '
1"
#11429
0"
#11430
b1011000110110 '
1"
#11431
0"
#11432
b1011000110111 '
1"
#11433
0"
#11434
b1011000111000 '
1"
#11435
0"
#11436
b1011000111001 '
1"
#11437
0"
#11438
b1011000111010 '
1"
#11439
0"
#11440
b1011000111011 '
1"
#11441
0"
#11442
b1011000111100 '
1"
#11443
0"
#11444
b1011000111101 '
1"
#11445
0"
#11446
b1011000111110 '
1"
#11447
0"
#11448
b1011000111111 '
1"
#11449
0"
#11450
b1011001000000 '
1"
#11451
0"
#11452
b1011001000001 '
1"
#11453
0"
#11454
b1011001000010 '
1"
#11455
0"
#11456
b1011001000011 '
1"
#11457
0"
#11458
b1011001000100 '
1"
#11459
0"
#11460
b1011001000101 '
1"
#11461
0"
#11462
b1011001000110 '
1"
#11463
0"
#11464
b1011001000111 '
1"
#11465
0"
#11466
b1011001001000 '
1"
#11467
0"
#11468
b1011001001001 '
1"
#11469
0"
#11470
b1011001001010 '
1"
#11471
0"
#11472
b1011001001011 '
1"
#11473
0"
#11474
b1011001001100 '
1"
#11475
0"
#11476
b1011001001101 '
1"
#11477
0"
#11478
b1011001001110 '
1"
#11479
0"
#11480
b1011001001111 '
1"
#11481
0"
#11482
b1011001010000 '
1"
#11483
0"
#11484
b1011001010001 '
1"
#11485
0"
#11486
b1011001010010 '
1"
#11487
0"
#11488
b1011001010011 '
1"
#11489
0"
#11490
b1011001010100 '
1"
#11491
0"
#11492
b1011001010101 '
1"
#11493
0"
#11494
b1011001010110 '
1"
#11495
0"
#11496
b1011001010111 '
1"
#11497
0"
#11498
b1011001011000 '
1"
#11499
0"
#11500
b1011001011001 '
1"
#11501
0"
#11502
b1011001011010 '
1"
#11503
0"
#11504
b1011001011011 '
1"
#11505
0"
#11506
b1011001011100 '
1"
#11507
0"
#11508
b1011001011101 '
1"
#11509
0"
#11510
b1011001011110 '
1"
#11511
0"
#11512
b1011001011111 '
1"
#11513
0"
#11514
b1011001100000 '
1"
#11515
0"
#11516
b1011001100001 '
1"
#11517
0"
#11518
b1011001100010 '
1"
#11519
0"
#11520
b1011001100011 '
1"
#11521
0"
#11522
b1011001100100 '
1"
#11523
0"
#11524
b1011001100101 '
1"
#11525
0"
#11526
b1011001100110 '
1"
#11527
0"
#11528
b1011001100111 '
1"
#11529
0"
#11530
b1011001101000 '
1"
#11531
0"
#11532
b1011001101001 '
1"
#11533
0"
#11534
b1011001101010 '
1"
#11535
0"
#11536
b1011001101011 '
1"
#11537
0"
#11538
b1011001101100 '
1"
#11539
0"
#11540
b1011001101101 '
1"
#11541
0"
#11542
b1011001101110 '
1"
#11543
0"
#11544
b1011001101111 '
1"
#11545
0"
#11546
b1011001110000 '
1"
#11547
0"
#11548
b1011001110001 '
1"
#11549
0"
#11550
b1011001110010 '
1"
#11551
0"
#11552
b1011001110011 '
1"
#11553
0"
#11554
b1011001110100 '
1"
#11555
0"
#11556
b1011001110101 '
1"
#11557
0"
#11558
b1011001110110 '
1"
#11559
0"
#11560
b1011001110111 '
1"
#11561
0"
#11562
b1011001111000 '
1"
#11563
0"
#11564
b1011001111001 '
1"
#11565
0"
#11566
b1011001111010 '
1"
#11567
0"
#11568
b1011001111011 '
1"
#11569
0"
#11570
b1011001111100 '
1"
#11571
0"
#11572
b1011001111101 '
1"
#11573
0"
#11574
b1011001111110 '
1"
#11575
0"
#11576
b1011001111111 '
1"
#11577
0"
#11578
b1011010000000 '
1"
#11579
0"
#11580
b1011010000001 '
1"
#11581
0"
#11582
b1011010000010 '
1"
#11583
0"
#11584
b1011010000011 '
1"
#11585
0"
#11586
b1011010000100 '
1"
#11587
0"
#11588
b1011010000101 '
1"
#11589
0"
#11590
b1011010000110 '
1"
#11591
0"
#11592
b1011010000111 '
1"
#11593
0"
#11594
b1011010001000 '
1"
#11595
0"
#11596
b1011010001001 '
1"
#11597
0"
#11598
b1011010001010 '
1"
#11599
0"
#11600
b1011010001011 '
1"
#11601
0"
#11602
b1011010001100 '
1"
#11603
0"
#11604
b1011010001101 '
1"
#11605
0"
#11606
b1011010001110 '
1"
#11607
0"
#11608
b1011010001111 '
1"
#11609
0"
#11610
b1011010010000 '
1"
#11611
0"
#11612
b1011010010001 '
1"
#11613
0"
#11614
b1011010010010 '
1"
#11615
0"
#11616
b1011010010011 '
1"
#11617
0"
#11618
b1011010010100 '
1"
#11619
0"
#11620
b1011010010101 '
1"
#11621
0"
#11622
b1011010010110 '
1"
#11623
0"
#11624
b1011010010111 '
1"
#11625
0"
#11626
b1011010011000 '
1"
#11627
0"
#11628
b1011010011001 '
1"
#11629
0"
#11630
b1011010011010 '
1"
#11631
0"
#11632
b1011010011011 '
1"
#11633
0"
#11634
b1011010011100 '
1"
#11635
0"
#11636
b1011010011101 '
1"
#11637
0"
#11638
b1011010011110 '
1"
#11639
0"
#11640
b1011010011111 '
1"
#11641
0"
#11642
b1011010100000 '
1"
#11643
0"
#11644
b1011010100001 '
1"
#11645
0"
#11646
b1011010100010 '
1"
#11647
0"
#11648
b1011010100011 '
1"
#11649
0"
#11650
b1011010100100 '
1"
#11651
0"
#11652
b1011010100101 '
1"
#11653
0"
#11654
b1011010100110 '
1"
#11655
0"
#11656
b1011010100111 '
1"
#11657
0"
#11658
b1011010101000 '
1"
#11659
0"
#11660
b1011010101001 '
1"
#11661
0"
#11662
b1011010101010 '
1"
#11663
0"
#11664
b1011010101011 '
1"
#11665
0"
#11666
b1011010101100 '
1"
#11667
0"
#11668
b1011010101101 '
1"
#11669
0"
#11670
b1011010101110 '
1"
#11671
0"
#11672
b1011010101111 '
1"
#11673
0"
#11674
b1011010110000 '
1"
#11675
0"
#11676
b1011010110001 '
1"
#11677
0"
#11678
b1011010110010 '
1"
#11679
0"
#11680
b1011010110011 '
1"
#11681
0"
#11682
b1011010110100 '
1"
#11683
0"
#11684
b1011010110101 '
1"
#11685
0"
#11686
b1011010110110 '
1"
#11687
0"
#11688
b1011010110111 '
1"
#11689
0"
#11690
b1011010111000 '
1"
#11691
0"
#11692
b1011010111001 '
1"
#11693
0"
#11694
b1011010111010 '
1"
#11695
0"
#11696
b1011010111011 '
1"
#11697
0"
#11698
b1011010111100 '
1"
#11699
0"
#11700
b1011010111101 '
1"
#11701
0"
#11702
b1011010111110 '
1"
#11703
0"
#11704
b1011010111111 '
1"
#11705
0"
#11706
b1011011000000 '
1"
#11707
0"
#11708
b1011011000001 '
1"
#11709
0"
#11710
b1011011000010 '
1"
#11711
0"
#11712
b1011011000011 '
1"
#11713
0"
#11714
b1011011000100 '
1"
#11715
0"
#11716
b1011011000101 '
1"
#11717
0"
#11718
b1011011000110 '
1"
#11719
0"
#11720
b1011011000111 '
1"
#11721
0"
#11722
b1011011001000 '
1"
#11723
0"
#11724
b1011011001001 '
1"
#11725
0"
#11726
b1011011001010 '
1"
#11727
0"
#11728
b1011011001011 '
1"
#11729
0"
#11730
b1011011001100 '
1"
#11731
0"
#11732
b1011011001101 '
1"
#11733
0"
#11734
b1011011001110 '
1"
#11735
0"
#11736
b1011011001111 '
1"
#11737
0"
#11738
b1011011010000 '
1"
#11739
0"
#11740
b1011011010001 '
1"
#11741
0"
#11742
b1011011010010 '
1"
#11743
0"
#11744
b1011011010011 '
1"
#11745
0"
#11746
b1011011010100 '
1"
#11747
0"
#11748
b1011011010101 '
1"
#11749
0"
#11750
b1011011010110 '
1"
#11751
0"
#11752
b1011011010111 '
1"
#11753
0"
#11754
b1011011011000 '
1"
#11755
0"
#11756
b1011011011001 '
1"
#11757
0"
#11758
b1011011011010 '
1"
#11759
0"
#11760
b1011011011011 '
1"
#11761
0"
#11762
b1011011011100 '
1"
#11763
0"
#11764
b1011011011101 '
1"
#11765
0"
#11766
b1011011011110 '
1"
#11767
0"
#11768
b1011011011111 '
1"
#11769
0"
#11770
b1011011100000 '
1"
#11771
0"
#11772
b1011011100001 '
1"
#11773
0"
#11774
b1011011100010 '
1"
#11775
0"
#11776
b1011011100011 '
1"
#11777
0"
#11778
b1011011100100 '
1"
#11779
0"
#11780
b1011011100101 '
1"
#11781
0"
#11782
b1011011100110 '
1"
#11783
0"
#11784
b1011011100111 '
1"
#11785
0"
#11786
b1011011101000 '
1"
#11787
0"
#11788
b1011011101001 '
1"
#11789
0"
#11790
b1011011101010 '
1"
#11791
0"
#11792
b1011011101011 '
1"
#11793
0"
#11794
b1011011101100 '
1"
#11795
0"
#11796
b1011011101101 '
1"
#11797
0"
#11798
b1011011101110 '
1"
#11799
0"
#11800
b1011011101111 '
1"
#11801
0"
#11802
b1011011110000 '
1"
#11803
0"
#11804
b1011011110001 '
1"
#11805
0"
#11806
b1011011110010 '
1"
#11807
0"
#11808
b1011011110011 '
1"
#11809
0"
#11810
b1011011110100 '
1"
#11811
0"
#11812
b1011011110101 '
1"
#11813
0"
#11814
b1011011110110 '
1"
#11815
0"
#11816
b1011011110111 '
1"
#11817
0"
#11818
b1011011111000 '
1"
#11819
0"
#11820
b1011011111001 '
1"
#11821
0"
#11822
b1011011111010 '
1"
#11823
0"
#11824
b1011011111011 '
1"
#11825
0"
#11826
b1011011111100 '
1"
#11827
0"
#11828
b1011011111101 '
1"
#11829
0"
#11830
b1011011111110 '
1"
#11831
0"
#11832
b1011011111111 '
1"
#11833
0"
#11834
b1011100000000 '
1"
#11835
0"
#11836
b1011100000001 '
1"
#11837
0"
#11838
b1011100000010 '
1"
#11839
0"
#11840
b1011100000011 '
1"
#11841
0"
#11842
b1011100000100 '
1"
#11843
0"
#11844
b1011100000101 '
1"
#11845
0"
#11846
b1011100000110 '
1"
#11847
0"
#11848
b1011100000111 '
1"
#11849
0"
#11850
b1011100001000 '
1"
#11851
0"
#11852
b1011100001001 '
1"
#11853
0"
#11854
b1011100001010 '
1"
#11855
0"
#11856
b1011100001011 '
1"
#11857
0"
#11858
b1011100001100 '
1"
#11859
0"
#11860
b1011100001101 '
1"
#11861
0"
#11862
b1011100001110 '
1"
#11863
0"
#11864
b1011100001111 '
1"
#11865
0"
#11866
b1011100010000 '
1"
#11867
0"
#11868
b1011100010001 '
1"
#11869
0"
#11870
b1011100010010 '
1"
#11871
0"
#11872
b1011100010011 '
1"
#11873
0"
#11874
b1011100010100 '
1"
#11875
0"
#11876
b1011100010101 '
1"
#11877
0"
#11878
b1011100010110 '
1"
#11879
0"
#11880
b1011100010111 '
1"
#11881
0"
#11882
b1011100011000 '
1"
#11883
0"
#11884
b1011100011001 '
1"
#11885
0"
#11886
b1011100011010 '
1"
#11887
0"
#11888
b1011100011011 '
1"
#11889
0"
#11890
b1011100011100 '
1"
#11891
0"
#11892
b1011100011101 '
1"
#11893
0"
#11894
b1011100011110 '
1"
#11895
0"
#11896
b1011100011111 '
1"
#11897
0"
#11898
b1011100100000 '
1"
#11899
0"
#11900
b1011100100001 '
1"
#11901
0"
#11902
b1011100100010 '
1"
#11903
0"
#11904
b1011100100011 '
1"
#11905
0"
#11906
b1011100100100 '
1"
#11907
0"
#11908
b1011100100101 '
1"
#11909
0"
#11910
b1011100100110 '
1"
#11911
0"
#11912
b1011100100111 '
1"
#11913
0"
#11914
b1011100101000 '
1"
#11915
0"
#11916
b1011100101001 '
1"
#11917
0"
#11918
b1011100101010 '
1"
#11919
0"
#11920
b1011100101011 '
1"
#11921
0"
#11922
b1011100101100 '
1"
#11923
0"
#11924
b1011100101101 '
1"
#11925
0"
#11926
b1011100101110 '
1"
#11927
0"
#11928
b1011100101111 '
1"
#11929
0"
#11930
b1011100110000 '
1"
#11931
0"
#11932
b1011100110001 '
1"
#11933
0"
#11934
b1011100110010 '
1"
#11935
0"
#11936
b1011100110011 '
1"
#11937
0"
#11938
b1011100110100 '
1"
#11939
0"
#11940
b1011100110101 '
1"
#11941
0"
#11942
b1011100110110 '
1"
#11943
0"
#11944
b1011100110111 '
1"
#11945
0"
#11946
b1011100111000 '
1"
#11947
0"
#11948
b1011100111001 '
1"
#11949
0"
#11950
b1011100111010 '
1"
#11951
0"
#11952
b1011100111011 '
1"
#11953
0"
#11954
b1011100111100 '
1"
#11955
0"
#11956
b1011100111101 '
1"
#11957
0"
#11958
b1011100111110 '
1"
#11959
0"
#11960
b1011100111111 '
1"
#11961
0"
#11962
b1011101000000 '
1"
#11963
0"
#11964
b1011101000001 '
1"
#11965
0"
#11966
b1011101000010 '
1"
#11967
0"
#11968
b1011101000011 '
1"
#11969
0"
#11970
b1011101000100 '
1"
#11971
0"
#11972
b1011101000101 '
1"
#11973
0"
#11974
b1011101000110 '
1"
#11975
0"
#11976
b1011101000111 '
1"
#11977
0"
#11978
b1011101001000 '
1"
#11979
0"
#11980
b1011101001001 '
1"
#11981
0"
#11982
b1011101001010 '
1"
#11983
0"
#11984
b1011101001011 '
1"
#11985
0"
#11986
b1011101001100 '
1"
#11987
0"
#11988
b1011101001101 '
1"
#11989
0"
#11990
b1011101001110 '
1"
#11991
0"
#11992
b1011101001111 '
1"
#11993
0"
#11994
b1011101010000 '
1"
#11995
0"
#11996
b1011101010001 '
1"
#11997
0"
#11998
b1011101010010 '
1"
#11999
0"
#12000
b1011101010011 '
1"
#12001
0"
#12002
b1011101010100 '
1"
#12003
0"
#12004
b1011101010101 '
1"
#12005
0"
#12006
b1011101010110 '
1"
#12007
0"
#12008
b1011101010111 '
1"
#12009
0"
#12010
b1011101011000 '
1"
#12011
0"
#12012
b1011101011001 '
1"
#12013
0"
#12014
b1011101011010 '
1"
#12015
0"
#12016
b1011101011011 '
1"
#12017
0"
#12018
b1011101011100 '
1"
#12019
0"
#12020
b1011101011101 '
1"
#12021
0"
#12022
b1011101011110 '
1"
#12023
0"
#12024
b1011101011111 '
1"
#12025
0"
#12026
b1011101100000 '
1"
#12027
0"
#12028
b1011101100001 '
1"
#12029
0"
#12030
b1011101100010 '
1"
#12031
0"
#12032
b1011101100011 '
1"
#12033
0"
#12034
b1011101100100 '
1"
#12035
0"
#12036
b1011101100101 '
1"
#12037
0"
#12038
b1011101100110 '
1"
#12039
0"
#12040
b1011101100111 '
1"
#12041
0"
#12042
b1011101101000 '
1"
#12043
0"
#12044
b1011101101001 '
1"
#12045
0"
#12046
b1011101101010 '
1"
#12047
0"
#12048
b1011101101011 '
1"
#12049
0"
#12050
b1011101101100 '
1"
#12051
0"
#12052
b1011101101101 '
1"
#12053
0"
#12054
b1011101101110 '
1"
#12055
0"
#12056
b1011101101111 '
1"
#12057
0"
#12058
b1011101110000 '
1"
#12059
0"
#12060
b1011101110001 '
1"
#12061
0"
#12062
b1011101110010 '
1"
#12063
0"
#12064
b1011101110011 '
1"
#12065
0"
#12066
b1011101110100 '
1"
#12067
0"
#12068
b1011101110101 '
1"
#12069
0"
#12070
b1011101110110 '
1"
#12071
0"
#12072
b1011101110111 '
1"
#12073
0"
#12074
b1011101111000 '
1"
#12075
0"
#12076
b1011101111001 '
1"
#12077
0"
#12078
b1011101111010 '
1"
#12079
0"
#12080
b1011101111011 '
1"
#12081
0"
#12082
b1011101111100 '
1"
#12083
0"
#12084
b1011101111101 '
1"
#12085
0"
#12086
b1011101111110 '
1"
#12087
0"
#12088
b1011101111111 '
1"
#12089
0"
#12090
b1011110000000 '
1"
#12091
0"
#12092
b1011110000001 '
1"
#12093
0"
#12094
b1011110000010 '
1"
#12095
0"
#12096
b1011110000011 '
1"
#12097
0"
#12098
b1011110000100 '
1"
#12099
0"
#12100
b1011110000101 '
1"
#12101
0"
#12102
b1011110000110 '
1"
#12103
0"
#12104
b1011110000111 '
1"
#12105
0"
#12106
b1011110001000 '
1"
#12107
0"
#12108
b1011110001001 '
1"
#12109
0"
#12110
b1011110001010 '
1"
#12111
0"
#12112
b1011110001011 '
1"
#12113
0"
#12114
b1011110001100 '
1"
#12115
0"
#12116
b1011110001101 '
1"
#12117
0"
#12118
b1011110001110 '
1"
#12119
0"
#12120
b1011110001111 '
1"
#12121
0"
#12122
b1011110010000 '
1"
#12123
0"
#12124
b1011110010001 '
1"
#12125
0"
#12126
b1011110010010 '
1"
#12127
0"
#12128
b1011110010011 '
1"
#12129
0"
#12130
b1011110010100 '
1"
#12131
0"
#12132
b1011110010101 '
1"
#12133
0"
#12134
b1011110010110 '
1"
#12135
0"
#12136
b1011110010111 '
1"
#12137
0"
#12138
b1011110011000 '
1"
#12139
0"
#12140
b1011110011001 '
1"
#12141
0"
#12142
b1011110011010 '
1"
#12143
0"
#12144
b1011110011011 '
1"
#12145
0"
#12146
b1011110011100 '
1"
#12147
0"
#12148
b1011110011101 '
1"
#12149
0"
#12150
b1011110011110 '
1"
#12151
0"
#12152
b1011110011111 '
1"
#12153
0"
#12154
b1011110100000 '
1"
#12155
0"
#12156
b1011110100001 '
1"
#12157
0"
#12158
b1011110100010 '
1"
#12159
0"
#12160
b1011110100011 '
1"
#12161
0"
#12162
b1011110100100 '
1"
#12163
0"
#12164
b1011110100101 '
1"
#12165
0"
#12166
b1011110100110 '
1"
#12167
0"
#12168
b1011110100111 '
1"
#12169
0"
#12170
b1011110101000 '
1"
#12171
0"
#12172
b1011110101001 '
1"
#12173
0"
#12174
b1011110101010 '
1"
#12175
0"
#12176
b1011110101011 '
1"
#12177
0"
#12178
b1011110101100 '
1"
#12179
0"
#12180
b1011110101101 '
1"
#12181
0"
#12182
b1011110101110 '
1"
#12183
0"
#12184
b1011110101111 '
1"
#12185
0"
#12186
b1011110110000 '
1"
#12187
0"
#12188
b1011110110001 '
1"
#12189
0"
#12190
b1011110110010 '
1"
#12191
0"
#12192
b1011110110011 '
1"
#12193
0"
#12194
b1011110110100 '
1"
#12195
0"
#12196
b1011110110101 '
1"
#12197
0"
#12198
b1011110110110 '
1"
#12199
0"
#12200
b1011110110111 '
1"
#12201
0"
#12202
b1011110111000 '
1"
#12203
0"
#12204
b1011110111001 '
1"
#12205
0"
#12206
b1011110111010 '
1"
#12207
0"
#12208
b1011110111011 '
1"
#12209
0"
#12210
b1011110111100 '
1"
#12211
0"
#12212
b1011110111101 '
1"
#12213
0"
#12214
b1011110111110 '
1"
#12215
0"
#12216
b1011110111111 '
1"
#12217
0"
#12218
b1011111000000 '
1"
#12219
0"
#12220
b1011111000001 '
1"
#12221
0"
#12222
b1011111000010 '
1"
#12223
0"
#12224
b1011111000011 '
1"
#12225
0"
#12226
b1011111000100 '
1"
#12227
0"
#12228
b1011111000101 '
1"
#12229
0"
#12230
b1011111000110 '
1"
#12231
0"
#12232
b1011111000111 '
1"
#12233
0"
#12234
b1011111001000 '
1"
#12235
0"
#12236
b1011111001001 '
1"
#12237
0"
#12238
b1011111001010 '
1"
#12239
0"
#12240
b1011111001011 '
1"
#12241
0"
#12242
b1011111001100 '
1"
#12243
0"
#12244
b1011111001101 '
1"
#12245
0"
#12246
b1011111001110 '
1"
#12247
0"
#12248
b1011111001111 '
1"
#12249
0"
#12250
b1011111010000 '
1"
#12251
0"
#12252
b1011111010001 '
1"
#12253
0"
#12254
b1011111010010 '
1"
#12255
0"
#12256
b1011111010011 '
1"
#12257
0"
#12258
b1011111010100 '
1"
#12259
0"
#12260
b1011111010101 '
1"
#12261
0"
#12262
b1011111010110 '
1"
#12263
0"
#12264
b1011111010111 '
1"
#12265
0"
#12266
b1011111011000 '
1"
#12267
0"
#12268
b1011111011001 '
1"
#12269
0"
#12270
b1011111011010 '
1"
#12271
0"
#12272
b1011111011011 '
1"
#12273
0"
#12274
b1011111011100 '
1"
#12275
0"
#12276
b1011111011101 '
1"
#12277
0"
#12278
b1011111011110 '
1"
#12279
0"
#12280
b1011111011111 '
1"
#12281
0"
#12282
b1011111100000 '
1"
#12283
0"
#12284
b1011111100001 '
1"
#12285
0"
#12286
b1011111100010 '
1"
#12287
0"
#12288
b1011111100011 '
1"
#12289
0"
#12290
b1011111100100 '
1"
#12291
0"
#12292
b1011111100101 '
1"
#12293
0"
#12294
b1011111100110 '
1"
#12295
0"
#12296
b1011111100111 '
1"
#12297
0"
#12298
b1011111101000 '
1"
#12299
0"
#12300
b1011111101001 '
1"
#12301
0"
#12302
b1011111101010 '
1"
#12303
0"
#12304
b1011111101011 '
1"
#12305
0"
#12306
b1011111101100 '
1"
#12307
0"
#12308
b1011111101101 '
1"
#12309
0"
#12310
b1011111101110 '
1"
#12311
0"
#12312
b1011111101111 '
1"
#12313
0"
#12314
b1011111110000 '
1"
#12315
0"
#12316
b1011111110001 '
1"
#12317
0"
#12318
b1011111110010 '
1"
#12319
0"
#12320
b1011111110011 '
1"
#12321
0"
#12322
b1011111110100 '
1"
#12323
0"
#12324
b1011111110101 '
1"
#12325
0"
#12326
b1011111110110 '
1"
#12327
0"
#12328
b1011111110111 '
1"
#12329
0"
#12330
b1011111111000 '
1"
#12331
0"
#12332
b1011111111001 '
1"
#12333
0"
#12334
b1011111111010 '
1"
#12335
0"
#12336
b1011111111011 '
1"
#12337
0"
#12338
b1011111111100 '
1"
#12339
0"
#12340
b1011111111101 '
1"
#12341
0"
#12342
b1011111111110 '
1"
#12343
0"
#12344
b1011111111111 '
1"
#12345
0"
#12346
b1100000000000 '
1"
#12347
0"
#12348
b1100000000001 '
1"
#12349
0"
#12350
b1100000000010 '
1"
#12351
0"
#12352
b1100000000011 '
1"
#12353
0"
#12354
b1100000000100 '
1"
#12355
0"
#12356
b1100000000101 '
1"
#12357
0"
#12358
b1100000000110 '
1"
#12359
0"
#12360
b1100000000111 '
1"
#12361
0"
#12362
b1100000001000 '
1"
#12363
0"
#12364
b1100000001001 '
1"
#12365
0"
#12366
b1100000001010 '
1"
#12367
0"
#12368
b1100000001011 '
1"
#12369
0"
#12370
b1100000001100 '
1"
#12371
0"
#12372
b1100000001101 '
1"
#12373
0"
#12374
b1100000001110 '
1"
#12375
0"
#12376
b1100000001111 '
1"
#12377
0"
#12378
b1100000010000 '
1"
#12379
0"
#12380
b1100000010001 '
1"
#12381
0"
#12382
b1100000010010 '
1"
#12383
0"
#12384
b1100000010011 '
1"
#12385
0"
#12386
b1100000010100 '
1"
#12387
0"
#12388
b1100000010101 '
1"
#12389
0"
#12390
b1100000010110 '
1"
#12391
0"
#12392
b1100000010111 '
1"
#12393
0"
#12394
b1100000011000 '
1"
#12395
0"
#12396
b1100000011001 '
1"
#12397
0"
#12398
b1100000011010 '
1"
#12399
0"
#12400
b1100000011011 '
1"
#12401
0"
#12402
b1100000011100 '
1"
#12403
0"
#12404
b1100000011101 '
1"
#12405
0"
#12406
b1100000011110 '
1"
#12407
0"
#12408
b1100000011111 '
1"
#12409
0"
#12410
b1100000100000 '
1"
#12411
0"
#12412
b1100000100001 '
1"
#12413
0"
#12414
b1100000100010 '
1"
#12415
0"
#12416
b1100000100011 '
1"
#12417
0"
#12418
b1100000100100 '
1"
#12419
0"
#12420
b1100000100101 '
1"
#12421
0"
#12422
b1100000100110 '
1"
#12423
0"
#12424
b1100000100111 '
1"
#12425
0"
#12426
b1100000101000 '
1"
#12427
0"
#12428
b1100000101001 '
1"
#12429
0"
#12430
b1100000101010 '
1"
#12431
0"
#12432
b1100000101011 '
1"
#12433
0"
#12434
b1100000101100 '
1"
#12435
0"
#12436
b1100000101101 '
1"
#12437
0"
#12438
b1100000101110 '
1"
#12439
0"
#12440
b1100000101111 '
1"
#12441
0"
#12442
b1100000110000 '
1"
#12443
0"
#12444
b1100000110001 '
1"
#12445
0"
#12446
b1100000110010 '
1"
#12447
0"
#12448
b1100000110011 '
1"
#12449
0"
#12450
b1100000110100 '
1"
#12451
0"
#12452
b1100000110101 '
1"
#12453
0"
#12454
b1100000110110 '
1"
#12455
0"
#12456
b1100000110111 '
1"
#12457
0"
#12458
b1100000111000 '
1"
#12459
0"
#12460
b1100000111001 '
1"
#12461
0"
#12462
b1100000111010 '
1"
#12463
0"
#12464
b1100000111011 '
1"
#12465
0"
#12466
b1100000111100 '
1"
#12467
0"
#12468
b1100000111101 '
1"
#12469
0"
#12470
b1100000111110 '
1"
#12471
0"
#12472
b1100000111111 '
1"
#12473
0"
#12474
b1100001000000 '
1"
#12475
0"
#12476
b1100001000001 '
1"
#12477
0"
#12478
b1100001000010 '
1"
#12479
0"
#12480
b1100001000011 '
1"
#12481
0"
#12482
b1100001000100 '
1"
#12483
0"
#12484
b1100001000101 '
1"
#12485
0"
#12486
b1100001000110 '
1"
#12487
0"
#12488
b1100001000111 '
1"
#12489
0"
#12490
b1100001001000 '
1"
#12491
0"
#12492
b1100001001001 '
1"
#12493
0"
#12494
b1100001001010 '
1"
#12495
0"
#12496
b1100001001011 '
1"
#12497
0"
#12498
b1100001001100 '
1"
#12499
0"
#12500
b1100001001101 '
1"
#12501
0"
#12502
b1100001001110 '
1"
#12503
0"
#12504
b1100001001111 '
1"
#12505
0"
#12506
b1100001010000 '
1"
#12507
0"
#12508
b1100001010001 '
1"
#12509
0"
#12510
b1100001010010 '
1"
#12511
0"
#12512
b1100001010011 '
1"
#12513
0"
#12514
b1100001010100 '
1"
#12515
0"
#12516
b1100001010101 '
1"
#12517
0"
#12518
b1100001010110 '
1"
#12519
0"
#12520
b1100001010111 '
1"
#12521
0"
#12522
b1100001011000 '
1"
#12523
0"
#12524
b1100001011001 '
1"
#12525
0"
#12526
b1100001011010 '
1"
#12527
0"
#12528
b1100001011011 '
1"
#12529
0"
#12530
b1100001011100 '
1"
#12531
0"
#12532
b1100001011101 '
1"
#12533
0"
#12534
b1100001011110 '
1"
#12535
0"
#12536
b1100001011111 '
1"
#12537
0"
#12538
b1100001100000 '
1"
#12539
0"
#12540
b1100001100001 '
1"
#12541
0"
#12542
b1100001100010 '
1"
#12543
0"
#12544
b1100001100011 '
1"
#12545
0"
#12546
b1100001100100 '
1"
#12547
0"
#12548
b1100001100101 '
1"
#12549
0"
#12550
b1100001100110 '
1"
#12551
0"
#12552
b1100001100111 '
1"
#12553
0"
#12554
b1100001101000 '
1"
#12555
0"
#12556
b1100001101001 '
1"
#12557
0"
#12558
b1100001101010 '
1"
#12559
0"
#12560
b1100001101011 '
1"
#12561
0"
#12562
b1100001101100 '
1"
#12563
0"
#12564
b1100001101101 '
1"
#12565
0"
#12566
b1100001101110 '
1"
#12567
0"
#12568
b1100001101111 '
1"
#12569
0"
#12570
b1100001110000 '
1"
#12571
0"
#12572
b1100001110001 '
1"
#12573
0"
#12574
b1100001110010 '
1"
#12575
0"
#12576
b1100001110011 '
1"
#12577
0"
#12578
b1100001110100 '
1"
#12579
0"
#12580
b1100001110101 '
1"
#12581
0"
#12582
b1100001110110 '
1"
#12583
0"
#12584
b1100001110111 '
1"
#12585
0"
#12586
b1100001111000 '
1"
#12587
0"
#12588
b1100001111001 '
1"
#12589
0"
#12590
b1100001111010 '
1"
#12591
0"
#12592
b1100001111011 '
1"
#12593
0"
#12594
b1100001111100 '
1"
#12595
0"
#12596
b1100001111101 '
1"
#12597
0"
#12598
b1100001111110 '
1"
#12599
0"
#12600
b1100001111111 '
1"
#12601
0"
#12602
b1100010000000 '
1"
#12603
0"
#12604
b1100010000001 '
1"
#12605
0"
#12606
b1100010000010 '
1"
#12607
0"
#12608
b1100010000011 '
1"
#12609
0"
#12610
b1100010000100 '
1"
#12611
0"
#12612
b1100010000101 '
1"
#12613
0"
#12614
b1100010000110 '
1"
#12615
0"
#12616
b1100010000111 '
1"
#12617
0"
#12618
b1100010001000 '
1"
#12619
0"
#12620
b1100010001001 '
1"
#12621
0"
#12622
b1100010001010 '
1"
#12623
0"
#12624
b1100010001011 '
1"
#12625
0"
#12626
b1100010001100 '
1"
#12627
0"
#12628
b1100010001101 '
1"
#12629
0"
#12630
b1100010001110 '
1"
#12631
0"
#12632
b1100010001111 '
1"
#12633
0"
#12634
b1100010010000 '
1"
#12635
0"
#12636
b1100010010001 '
1"
#12637
0"
#12638
b1100010010010 '
1"
#12639
0"
#12640
b1100010010011 '
1"
#12641
0"
#12642
b1100010010100 '
1"
#12643
0"
#12644
b1100010010101 '
1"
#12645
0"
#12646
b1100010010110 '
1"
#12647
0"
#12648
b1100010010111 '
1"
#12649
0"
#12650
b1100010011000 '
1"
#12651
0"
#12652
b1100010011001 '
1"
#12653
0"
#12654
b1100010011010 '
1"
#12655
0"
#12656
b1100010011011 '
1"
#12657
0"
#12658
b1100010011100 '
1"
#12659
0"
#12660
b1100010011101 '
1"
#12661
0"
#12662
b1100010011110 '
1"
#12663
0"
#12664
b1100010011111 '
1"
#12665
0"
#12666
b1100010100000 '
1"
#12667
0"
#12668
b1100010100001 '
1"
#12669
0"
#12670
b1100010100010 '
1"
#12671
0"
#12672
b1100010100011 '
1"
#12673
0"
#12674
b1100010100100 '
1"
#12675
0"
#12676
b1100010100101 '
1"
#12677
0"
#12678
b1100010100110 '
1"
#12679
0"
#12680
b1100010100111 '
1"
#12681
0"
#12682
b1100010101000 '
1"
#12683
0"
#12684
b1100010101001 '
1"
#12685
0"
#12686
b1100010101010 '
1"
#12687
0"
#12688
b1100010101011 '
1"
#12689
0"
#12690
b1100010101100 '
1"
#12691
0"
#12692
b1100010101101 '
1"
#12693
0"
#12694
b1100010101110 '
1"
#12695
0"
#12696
b1100010101111 '
1"
#12697
0"
#12698
b1100010110000 '
1"
#12699
0"
#12700
b1100010110001 '
1"
#12701
0"
#12702
b1100010110010 '
1"
#12703
0"
#12704
b1100010110011 '
1"
#12705
0"
#12706
b1100010110100 '
1"
#12707
0"
#12708
b1100010110101 '
1"
#12709
0"
#12710
b1100010110110 '
1"
#12711
0"
#12712
b1100010110111 '
1"
#12713
0"
#12714
b1100010111000 '
1"
#12715
0"
#12716
b1100010111001 '
1"
#12717
0"
#12718
b1100010111010 '
1"
#12719
0"
#12720
b1100010111011 '
1"
#12721
0"
#12722
b1100010111100 '
1"
#12723
0"
#12724
b1100010111101 '
1"
#12725
0"
#12726
b1100010111110 '
1"
#12727
0"
#12728
b1100010111111 '
1"
#12729
0"
#12730
b1100011000000 '
1"
#12731
0"
#12732
b1100011000001 '
1"
#12733
0"
#12734
b1100011000010 '
1"
#12735
0"
#12736
b1100011000011 '
1"
#12737
0"
#12738
b1100011000100 '
1"
#12739
0"
#12740
b1100011000101 '
1"
#12741
0"
#12742
b1100011000110 '
1"
#12743
0"
#12744
b1100011000111 '
1"
#12745
0"
#12746
b1100011001000 '
1"
#12747
0"
#12748
b1100011001001 '
1"
#12749
0"
#12750
b1100011001010 '
1"
#12751
0"
#12752
b1100011001011 '
1"
#12753
0"
#12754
b1100011001100 '
1"
#12755
0"
#12756
b1100011001101 '
1"
#12757
0"
#12758
b1100011001110 '
1"
#12759
0"
#12760
b1100011001111 '
1"
#12761
0"
#12762
b1100011010000 '
1"
#12763
0"
#12764
b1100011010001 '
1"
#12765
0"
#12766
b1100011010010 '
1"
#12767
0"
#12768
b1100011010011 '
1"
#12769
0"
#12770
b1100011010100 '
1"
#12771
0"
#12772
b1100011010101 '
1"
#12773
0"
#12774
b1100011010110 '
1"
#12775
0"
#12776
b1100011010111 '
1"
#12777
0"
#12778
b1100011011000 '
1"
#12779
0"
#12780
b1100011011001 '
1"
#12781
0"
#12782
b1100011011010 '
1"
#12783
0"
#12784
b1100011011011 '
1"
#12785
0"
#12786
b1100011011100 '
1"
#12787
0"
#12788
b1100011011101 '
1"
#12789
0"
#12790
b1100011011110 '
1"
#12791
0"
#12792
b1100011011111 '
1"
#12793
0"
#12794
b1100011100000 '
1"
#12795
0"
#12796
b1100011100001 '
1"
#12797
0"
#12798
b1100011100010 '
1"
#12799
0"
#12800
b1100011100011 '
1"
#12801
0"
#12802
b1100011100100 '
1"
#12803
0"
#12804
b1100011100101 '
1"
#12805
0"
#12806
b1100011100110 '
1"
#12807
0"
#12808
b1100011100111 '
1"
#12809
0"
#12810
b1100011101000 '
1"
#12811
0"
#12812
b1100011101001 '
1"
#12813
0"
#12814
b1100011101010 '
1"
#12815
0"
#12816
b1100011101011 '
1"
#12817
0"
#12818
b1100011101100 '
1"
#12819
0"
#12820
b1100011101101 '
1"
#12821
0"
#12822
b1100011101110 '
1"
#12823
0"
#12824
b1100011101111 '
1"
#12825
0"
#12826
b1100011110000 '
1"
#12827
0"
#12828
b1100011110001 '
1"
#12829
0"
#12830
b1100011110010 '
1"
#12831
0"
#12832
b1100011110011 '
1"
#12833
0"
#12834
b1100011110100 '
1"
#12835
0"
#12836
b1100011110101 '
1"
#12837
0"
#12838
b1100011110110 '
1"
#12839
0"
#12840
b1100011110111 '
1"
#12841
0"
#12842
b1100011111000 '
1"
#12843
0"
#12844
b1100011111001 '
1"
#12845
0"
#12846
b1100011111010 '
1"
#12847
0"
#12848
b1100011111011 '
1"
#12849
0"
#12850
b1100011111100 '
1"
#12851
0"
#12852
b1100011111101 '
1"
#12853
0"
#12854
b1100011111110 '
1"
#12855
0"
#12856
b1100011111111 '
1"
#12857
0"
#12858
b1100100000000 '
1"
#12859
0"
#12860
b1100100000001 '
1"
#12861
0"
#12862
b1100100000010 '
1"
#12863
0"
#12864
b1100100000011 '
1"
#12865
0"
#12866
b1100100000100 '
1"
#12867
0"
#12868
b1100100000101 '
1"
#12869
0"
#12870
b1100100000110 '
1"
#12871
0"
#12872
b1100100000111 '
1"
#12873
0"
#12874
b1100100001000 '
1"
#12875
0"
#12876
b1100100001001 '
1"
#12877
0"
#12878
b1100100001010 '
1"
#12879
0"
#12880
b1100100001011 '
1"
#12881
0"
#12882
b1100100001100 '
1"
#12883
0"
#12884
b1100100001101 '
1"
#12885
0"
#12886
b1100100001110 '
1"
#12887
0"
#12888
b1100100001111 '
1"
#12889
0"
#12890
b1100100010000 '
1"
#12891
0"
#12892
b1100100010001 '
1"
#12893
0"
#12894
b1100100010010 '
1"
#12895
0"
#12896
b1100100010011 '
1"
#12897
0"
#12898
b1100100010100 '
1"
#12899
0"
#12900
b1100100010101 '
1"
#12901
0"
#12902
b1100100010110 '
1"
#12903
0"
#12904
b1100100010111 '
1"
#12905
0"
#12906
b1100100011000 '
1"
#12907
0"
#12908
b1100100011001 '
1"
#12909
0"
#12910
b1100100011010 '
1"
#12911
0"
#12912
b1100100011011 '
1"
#12913
0"
#12914
b1100100011100 '
1"
#12915
0"
#12916
b1100100011101 '
1"
#12917
0"
#12918
b1100100011110 '
1"
#12919
0"
#12920
b1100100011111 '
1"
#12921
0"
#12922
b1100100100000 '
1"
#12923
0"
#12924
b1100100100001 '
1"
#12925
0"
#12926
b1100100100010 '
1"
#12927
0"
#12928
b1100100100011 '
1"
#12929
0"
#12930
b1100100100100 '
1"
#12931
0"
#12932
b1100100100101 '
1"
#12933
0"
#12934
b1100100100110 '
1"
#12935
0"
#12936
b1100100100111 '
1"
#12937
0"
#12938
b1100100101000 '
1"
#12939
0"
#12940
b1100100101001 '
1"
#12941
0"
#12942
b1100100101010 '
1"
#12943
0"
#12944
b1100100101011 '
1"
#12945
0"
#12946
b1100100101100 '
1"
#12947
0"
#12948
b1100100101101 '
1"
#12949
0"
#12950
b1100100101110 '
1"
#12951
0"
#12952
b1100100101111 '
1"
#12953
0"
#12954
b1100100110000 '
1"
#12955
0"
#12956
b1100100110001 '
1"
#12957
0"
#12958
b1100100110010 '
1"
#12959
0"
#12960
b1100100110011 '
1"
#12961
0"
#12962
b1100100110100 '
1"
#12963
0"
#12964
b1100100110101 '
1"
#12965
0"
#12966
b1100100110110 '
1"
#12967
0"
#12968
b1100100110111 '
1"
#12969
0"
#12970
b1100100111000 '
1"
#12971
0"
#12972
b1100100111001 '
1"
#12973
0"
#12974
b1100100111010 '
1"
#12975
0"
#12976
b1100100111011 '
1"
#12977
0"
#12978
b1100100111100 '
1"
#12979
0"
#12980
b1100100111101 '
1"
#12981
0"
#12982
b1100100111110 '
1"
#12983
0"
#12984
b1100100111111 '
1"
#12985
0"
#12986
b1100101000000 '
1"
#12987
0"
#12988
b1100101000001 '
1"
#12989
0"
#12990
b1100101000010 '
1"
#12991
0"
#12992
b1100101000011 '
1"
#12993
0"
#12994
b1100101000100 '
1"
#12995
0"
#12996
b1100101000101 '
1"
#12997
0"
#12998
b1100101000110 '
1"
#12999
0"
#13000
b1100101000111 '
1"
#13001
0"
#13002
b1100101001000 '
1"
#13003
0"
#13004
b1100101001001 '
1"
#13005
0"
#13006
b1100101001010 '
1"
#13007
0"
#13008
b1100101001011 '
1"
#13009
0"
#13010
b1100101001100 '
1"
#13011
0"
#13012
b1100101001101 '
1"
#13013
0"
#13014
b1100101001110 '
1"
#13015
0"
#13016
b1100101001111 '
1"
#13017
0"
#13018
b1100101010000 '
1"
#13019
0"
#13020
b1100101010001 '
1"
#13021
0"
#13022
b1100101010010 '
1"
#13023
0"
#13024
b1100101010011 '
1"
#13025
0"
#13026
b1100101010100 '
1"
#13027
0"
#13028
b1100101010101 '
1"
#13029
0"
#13030
b1100101010110 '
1"
#13031
0"
#13032
b1100101010111 '
1"
#13033
0"
#13034
b1100101011000 '
1"
#13035
0"
#13036
b1100101011001 '
1"
#13037
0"
#13038
b1100101011010 '
1"
#13039
0"
#13040
b1100101011011 '
1"
#13041
0"
#13042
b1100101011100 '
1"
#13043
0"
#13044
b1100101011101 '
1"
#13045
0"
#13046
b1100101011110 '
1"
#13047
0"
#13048
b1100101011111 '
1"
#13049
0"
#13050
b1100101100000 '
1"
#13051
0"
#13052
b1100101100001 '
1"
#13053
0"
#13054
b1100101100010 '
1"
#13055
0"
#13056
b1100101100011 '
1"
#13057
0"
#13058
b1100101100100 '
1"
#13059
0"
#13060
b1100101100101 '
1"
#13061
0"
#13062
b1100101100110 '
1"
#13063
0"
#13064
b1100101100111 '
1"
#13065
0"
#13066
b1100101101000 '
1"
#13067
0"
#13068
b1100101101001 '
1"
#13069
0"
#13070
b1100101101010 '
1"
#13071
0"
#13072
b1100101101011 '
1"
#13073
0"
#13074
b1100101101100 '
1"
#13075
0"
#13076
b1100101101101 '
1"
#13077
0"
#13078
b1100101101110 '
1"
#13079
0"
#13080
b1100101101111 '
1"
#13081
0"
#13082
b1100101110000 '
1"
#13083
0"
#13084
b1100101110001 '
1"
#13085
0"
#13086
b1100101110010 '
1"
#13087
0"
#13088
b1100101110011 '
1"
#13089
0"
#13090
b1100101110100 '
1"
#13091
0"
#13092
b1100101110101 '
1"
#13093
0"
#13094
b1100101110110 '
1"
#13095
0"
#13096
b1100101110111 '
1"
#13097
0"
#13098
b1100101111000 '
1"
#13099
0"
#13100
b1100101111001 '
1"
#13101
0"
#13102
b1100101111010 '
1"
#13103
0"
#13104
b1100101111011 '
1"
#13105
0"
#13106
b1100101111100 '
1"
#13107
0"
#13108
b1100101111101 '
1"
#13109
0"
#13110
b1100101111110 '
1"
#13111
0"
#13112
b1100101111111 '
1"
#13113
0"
#13114
b1100110000000 '
1"
#13115
0"
#13116
b1100110000001 '
1"
#13117
0"
#13118
b1100110000010 '
1"
#13119
0"
#13120
b1100110000011 '
1"
#13121
0"
#13122
b1100110000100 '
1"
#13123
0"
#13124
b1100110000101 '
1"
#13125
0"
#13126
b1100110000110 '
1"
#13127
0"
#13128
b1100110000111 '
1"
#13129
0"
#13130
b1100110001000 '
1"
#13131
0"
#13132
b1100110001001 '
1"
#13133
0"
#13134
b1100110001010 '
1"
#13135
0"
#13136
b1100110001011 '
1"
#13137
0"
#13138
b1100110001100 '
1"
#13139
0"
#13140
b1100110001101 '
1"
#13141
0"
#13142
b1100110001110 '
1"
#13143
0"
#13144
b1100110001111 '
1"
#13145
0"
#13146
b1100110010000 '
1"
#13147
0"
#13148
b1100110010001 '
1"
#13149
0"
#13150
b1100110010010 '
1"
#13151
0"
#13152
b1100110010011 '
1"
#13153
0"
#13154
b1100110010100 '
1"
#13155
0"
#13156
b1100110010101 '
1"
#13157
0"
#13158
b1100110010110 '
1"
#13159
0"
#13160
b1100110010111 '
1"
#13161
0"
#13162
b1100110011000 '
1"
#13163
0"
#13164
b1100110011001 '
1"
#13165
0"
#13166
b1100110011010 '
1"
#13167
0"
#13168
b1100110011011 '
1"
#13169
0"
#13170
b1100110011100 '
1"
#13171
0"
#13172
b1100110011101 '
1"
#13173
0"
#13174
b1100110011110 '
1"
#13175
0"
#13176
b1100110011111 '
1"
#13177
0"
#13178
b1100110100000 '
1"
#13179
0"
#13180
b1100110100001 '
1"
#13181
0"
#13182
b1100110100010 '
1"
#13183
0"
#13184
b1100110100011 '
1"
#13185
0"
#13186
b1100110100100 '
1"
#13187
0"
#13188
b1100110100101 '
1"
#13189
0"
#13190
b1100110100110 '
1"
#13191
0"
#13192
b1100110100111 '
1"
#13193
0"
#13194
b1100110101000 '
1"
#13195
0"
#13196
b1100110101001 '
1"
#13197
0"
#13198
b1100110101010 '
1"
#13199
0"
#13200
b1100110101011 '
1"
#13201
0"
#13202
b1100110101100 '
1"
#13203
0"
#13204
b1100110101101 '
1"
#13205
0"
#13206
b1100110101110 '
1"
#13207
0"
#13208
b1100110101111 '
1"
#13209
0"
#13210
b1100110110000 '
1"
#13211
0"
#13212
b1100110110001 '
1"
#13213
0"
#13214
b1100110110010 '
1"
#13215
0"
#13216
b1100110110011 '
1"
#13217
0"
#13218
b1100110110100 '
1"
#13219
0"
#13220
b1100110110101 '
1"
#13221
0"
#13222
b1100110110110 '
1"
#13223
0"
#13224
b1100110110111 '
1"
#13225
0"
#13226
b1100110111000 '
1"
#13227
0"
#13228
b1100110111001 '
1"
#13229
0"
#13230
b1100110111010 '
1"
#13231
0"
#13232
b1100110111011 '
1"
#13233
0"
#13234
b1100110111100 '
1"
#13235
0"
#13236
b1100110111101 '
1"
#13237
0"
#13238
b1100110111110 '
1"
#13239
0"
#13240
b1100110111111 '
1"
#13241
0"
#13242
b1100111000000 '
1"
#13243
0"
#13244
b1100111000001 '
1"
#13245
0"
#13246
b1100111000010 '
1"
#13247
0"
#13248
b1100111000011 '
1"
#13249
0"
#13250
b1100111000100 '
1"
#13251
0"
#13252
b1100111000101 '
1"
#13253
0"
#13254
b1100111000110 '
1"
#13255
0"
#13256
b1100111000111 '
1"
#13257
0"
#13258
b1100111001000 '
1"
#13259
0"
#13260
b1100111001001 '
1"
#13261
0"
#13262
b1100111001010 '
1"
#13263
0"
#13264
b1100111001011 '
1"
#13265
0"
#13266
b1100111001100 '
1"
#13267
0"
#13268
b1100111001101 '
1"
#13269
0"
#13270
b1100111001110 '
1"
#13271
0"
#13272
b1100111001111 '
1"
#13273
0"
#13274
b1100111010000 '
1"
#13275
0"
#13276
b1100111010001 '
1"
#13277
0"
#13278
b1100111010010 '
1"
#13279
0"
#13280
b1100111010011 '
1"
#13281
0"
#13282
b1100111010100 '
1"
#13283
0"
#13284
b1100111010101 '
1"
#13285
0"
#13286
b1100111010110 '
1"
#13287
0"
#13288
b1100111010111 '
1"
#13289
0"
#13290
b1100111011000 '
1"
#13291
0"
#13292
b1100111011001 '
1"
#13293
0"
#13294
b1100111011010 '
1"
#13295
0"
#13296
b1100111011011 '
1"
#13297
0"
#13298
b1100111011100 '
1"
#13299
0"
#13300
b1100111011101 '
1"
#13301
0"
#13302
b1100111011110 '
1"
#13303
0"
#13304
b1100111011111 '
1"
#13305
0"
#13306
b1100111100000 '
1"
#13307
0"
#13308
b1100111100001 '
1"
#13309
0"
#13310
b1100111100010 '
1"
#13311
0"
#13312
b1100111100011 '
1"
#13313
0"
#13314
b1100111100100 '
1"
#13315
0"
#13316
b1100111100101 '
1"
#13317
0"
#13318
b1100111100110 '
1"
#13319
0"
#13320
b1100111100111 '
1"
#13321
0"
#13322
b1100111101000 '
1"
#13323
0"
#13324
b1100111101001 '
1"
#13325
0"
#13326
b1100111101010 '
1"
#13327
0"
#13328
b1100111101011 '
1"
#13329
0"
#13330
b1100111101100 '
1"
#13331
0"
#13332
b1100111101101 '
1"
#13333
0"
#13334
b1100111101110 '
1"
#13335
0"
#13336
b1100111101111 '
1"
#13337
0"
#13338
b1100111110000 '
1"
#13339
0"
#13340
b1100111110001 '
1"
#13341
0"
#13342
b1100111110010 '
1"
#13343
0"
#13344
b1100111110011 '
1"
#13345
0"
#13346
b1100111110100 '
1"
#13347
0"
#13348
b1100111110101 '
1"
#13349
0"
#13350
b1100111110110 '
1"
#13351
0"
#13352
b1100111110111 '
1"
#13353
0"
#13354
b1100111111000 '
1"
#13355
0"
#13356
b1100111111001 '
1"
#13357
0"
#13358
b1100111111010 '
1"
#13359
0"
#13360
b1100111111011 '
1"
#13361
0"
#13362
b1100111111100 '
1"
#13363
0"
#13364
b1100111111101 '
1"
#13365
0"
#13366
b1100111111110 '
1"
#13367
0"
#13368
b1100111111111 '
1"
#13369
0"
#13370
b1101000000000 '
1"
#13371
0"
#13372
b1101000000001 '
1"
#13373
0"
#13374
b1101000000010 '
1"
#13375
0"
#13376
b1101000000011 '
1"
#13377
0"
#13378
b1101000000100 '
1"
#13379
0"
#13380
b1101000000101 '
1"
#13381
0"
#13382
b1101000000110 '
1"
#13383
0"
#13384
b1101000000111 '
1"
#13385
0"
#13386
b1101000001000 '
1"
#13387
0"
#13388
b1101000001001 '
1"
#13389
0"
#13390
b1101000001010 '
1"
#13391
0"
#13392
b1101000001011 '
1"
#13393
0"
#13394
b1101000001100 '
1"
#13395
0"
#13396
b1101000001101 '
1"
#13397
0"
#13398
b1101000001110 '
1"
#13399
0"
#13400
b1101000001111 '
1"
#13401
0"
#13402
b1101000010000 '
1"
#13403
0"
#13404
b1101000010001 '
1"
#13405
0"
#13406
b1101000010010 '
1"
#13407
0"
#13408
b1101000010011 '
1"
#13409
0"
#13410
b1101000010100 '
1"
#13411
0"
#13412
b1101000010101 '
1"
#13413
0"
#13414
b1101000010110 '
1"
#13415
0"
#13416
b1101000010111 '
1"
#13417
0"
#13418
b1101000011000 '
1"
#13419
0"
#13420
b1101000011001 '
1"
#13421
0"
#13422
b1101000011010 '
1"
#13423
0"
#13424
b1101000011011 '
1"
#13425
0"
#13426
b1101000011100 '
1"
#13427
0"
#13428
b1101000011101 '
1"
#13429
0"
#13430
b1101000011110 '
1"
#13431
0"
#13432
b1101000011111 '
1"
#13433
0"
#13434
b1101000100000 '
1"
#13435
0"
#13436
b1101000100001 '
1"
#13437
0"
#13438
b1101000100010 '
1"
#13439
0"
#13440
b1101000100011 '
1"
#13441
0"
#13442
b1101000100100 '
1"
#13443
0"
#13444
b1101000100101 '
1"
#13445
0"
#13446
b1101000100110 '
1"
#13447
0"
#13448
b1101000100111 '
1"
#13449
0"
#13450
b1101000101000 '
1"
#13451
0"
#13452
b1101000101001 '
1"
#13453
0"
#13454
b1101000101010 '
1"
#13455
0"
#13456
b1101000101011 '
1"
#13457
0"
#13458
b1101000101100 '
1"
#13459
0"
#13460
b1101000101101 '
1"
#13461
0"
#13462
b1101000101110 '
1"
#13463
0"
#13464
b1101000101111 '
1"
#13465
0"
#13466
b1101000110000 '
1"
#13467
0"
#13468
b1101000110001 '
1"
#13469
0"
#13470
b1101000110010 '
1"
#13471
0"
#13472
b1101000110011 '
1"
#13473
0"
#13474
b1101000110100 '
1"
#13475
0"
#13476
b1101000110101 '
1"
#13477
0"
#13478
b1101000110110 '
1"
#13479
0"
#13480
b1101000110111 '
1"
#13481
0"
#13482
b1101000111000 '
1"
#13483
0"
#13484
b1101000111001 '
1"
#13485
0"
#13486
b1101000111010 '
1"
#13487
0"
#13488
b1101000111011 '
1"
#13489
0"
#13490
b1101000111100 '
1"
#13491
0"
#13492
b1101000111101 '
1"
#13493
0"
#13494
b1101000111110 '
1"
#13495
0"
#13496
b1101000111111 '
1"
#13497
0"
#13498
b1101001000000 '
1"
#13499
0"
#13500
b1101001000001 '
1"
#13501
0"
#13502
b1101001000010 '
1"
#13503
0"
#13504
b1101001000011 '
1"
#13505
0"
#13506
b1101001000100 '
1"
#13507
0"
#13508
b1101001000101 '
1"
#13509
0"
#13510
b1101001000110 '
1"
#13511
0"
#13512
b1101001000111 '
1"
#13513
0"
#13514
b1101001001000 '
1"
#13515
0"
#13516
b1101001001001 '
1"
#13517
0"
#13518
b1101001001010 '
1"
#13519
0"
#13520
b1101001001011 '
1"
#13521
0"
#13522
b1101001001100 '
1"
#13523
0"
#13524
b1101001001101 '
1"
#13525
0"
#13526
b1101001001110 '
1"
#13527
0"
#13528
b1101001001111 '
1"
#13529
0"
#13530
b1101001010000 '
1"
#13531
0"
#13532
b1101001010001 '
1"
#13533
0"
#13534
b1101001010010 '
1"
#13535
0"
#13536
b1101001010011 '
1"
#13537
0"
#13538
b1101001010100 '
1"
#13539
0"
#13540
b1101001010101 '
1"
#13541
0"
#13542
b1101001010110 '
1"
#13543
0"
#13544
b1101001010111 '
1"
#13545
0"
#13546
b1101001011000 '
1"
#13547
0"
#13548
b1101001011001 '
1"
#13549
0"
#13550
b1101001011010 '
1"
#13551
0"
#13552
b1101001011011 '
1"
#13553
0"
#13554
b1101001011100 '
1"
#13555
0"
#13556
b1101001011101 '
1"
#13557
0"
#13558
b1101001011110 '
1"
#13559
0"
#13560
b1101001011111 '
1"
#13561
0"
#13562
b1101001100000 '
1"
#13563
0"
#13564
b1101001100001 '
1"
#13565
0"
#13566
b1101001100010 '
1"
#13567
0"
#13568
b1101001100011 '
1"
#13569
0"
#13570
b1101001100100 '
1"
#13571
0"
#13572
b1101001100101 '
1"
#13573
0"
#13574
b1101001100110 '
1"
#13575
0"
#13576
b1101001100111 '
1"
#13577
0"
#13578
b1101001101000 '
1"
#13579
0"
#13580
b1101001101001 '
1"
#13581
0"
#13582
b1101001101010 '
1"
#13583
0"
#13584
b1101001101011 '
1"
#13585
0"
#13586
b1101001101100 '
1"
#13587
0"
#13588
b1101001101101 '
1"
#13589
0"
#13590
b1101001101110 '
1"
#13591
0"
#13592
b1101001101111 '
1"
#13593
0"
#13594
b1101001110000 '
1"
#13595
0"
#13596
b1101001110001 '
1"
#13597
0"
#13598
b1101001110010 '
1"
#13599
0"
#13600
b1101001110011 '
1"
#13601
0"
#13602
b1101001110100 '
1"
#13603
0"
#13604
b1101001110101 '
1"
#13605
0"
#13606
b1101001110110 '
1"
#13607
0"
#13608
b1101001110111 '
1"
#13609
0"
#13610
b1101001111000 '
1"
#13611
0"
#13612
b1101001111001 '
1"
#13613
0"
#13614
b1101001111010 '
1"
#13615
0"
#13616
b1101001111011 '
1"
#13617
0"
#13618
b1101001111100 '
1"
#13619
0"
#13620
b1101001111101 '
1"
#13621
0"
#13622
b1101001111110 '
1"
#13623
0"
#13624
b1101001111111 '
1"
#13625
0"
#13626
b1101010000000 '
1"
#13627
0"
#13628
b1101010000001 '
1"
#13629
0"
#13630
b1101010000010 '
1"
#13631
0"
#13632
b1101010000011 '
1"
#13633
0"
#13634
b1101010000100 '
1"
#13635
0"
#13636
b1101010000101 '
1"
#13637
0"
#13638
b1101010000110 '
1"
#13639
0"
#13640
b1101010000111 '
1"
#13641
0"
#13642
b1101010001000 '
1"
#13643
0"
#13644
b1101010001001 '
1"
#13645
0"
#13646
b1101010001010 '
1"
#13647
0"
#13648
b1101010001011 '
1"
#13649
0"
#13650
b1101010001100 '
1"
#13651
0"
#13652
b1101010001101 '
1"
#13653
0"
#13654
b1101010001110 '
1"
#13655
0"
#13656
b1101010001111 '
1"
#13657
0"
#13658
b1101010010000 '
1"
#13659
0"
#13660
b1101010010001 '
1"
#13661
0"
#13662
b1101010010010 '
1"
#13663
0"
#13664
b1101010010011 '
1"
#13665
0"
#13666
b1101010010100 '
1"
#13667
0"
#13668
b1101010010101 '
1"
#13669
0"
#13670
b1101010010110 '
1"
#13671
0"
#13672
b1101010010111 '
1"
#13673
0"
#13674
b1101010011000 '
1"
#13675
0"
#13676
b1101010011001 '
1"
#13677
0"
#13678
b1101010011010 '
1"
#13679
0"
#13680
b1101010011011 '
1"
#13681
0"
#13682
b1101010011100 '
1"
#13683
0"
#13684
b1101010011101 '
1"
#13685
0"
#13686
b1101010011110 '
1"
#13687
0"
#13688
b1101010011111 '
1"
#13689
0"
#13690
b1101010100000 '
1"
#13691
0"
#13692
b1101010100001 '
1"
#13693
0"
#13694
b1101010100010 '
1"
#13695
0"
#13696
b1101010100011 '
1"
#13697
0"
#13698
b1101010100100 '
1"
#13699
0"
#13700
b1101010100101 '
1"
#13701
0"
#13702
b1101010100110 '
1"
#13703
0"
#13704
b1101010100111 '
1"
#13705
0"
#13706
b1101010101000 '
1"
#13707
0"
#13708
b1101010101001 '
1"
#13709
0"
#13710
b1101010101010 '
1"
#13711
0"
#13712
b1101010101011 '
1"
#13713
0"
#13714
b1101010101100 '
1"
#13715
0"
#13716
b1101010101101 '
1"
#13717
0"
#13718
b1101010101110 '
1"
#13719
0"
#13720
b1101010101111 '
1"
#13721
0"
#13722
b1101010110000 '
1"
#13723
0"
#13724
b1101010110001 '
1"
#13725
0"
#13726
b1101010110010 '
1"
#13727
0"
#13728
b1101010110011 '
1"
#13729
0"
#13730
b1101010110100 '
1"
#13731
0"
#13732
b1101010110101 '
1"
#13733
0"
#13734
b1101010110110 '
1"
#13735
0"
#13736
b1101010110111 '
1"
#13737
0"
#13738
b1101010111000 '
1"
#13739
0"
#13740
b1101010111001 '
1"
#13741
0"
#13742
b1101010111010 '
1"
#13743
0"
#13744
b1101010111011 '
1"
#13745
0"
#13746
b1101010111100 '
1"
#13747
0"
#13748
b1101010111101 '
1"
#13749
0"
#13750
b1101010111110 '
1"
#13751
0"
#13752
b1101010111111 '
1"
#13753
0"
#13754
b1101011000000 '
1"
#13755
0"
#13756
b1101011000001 '
1"
#13757
0"
#13758
b1101011000010 '
1"
#13759
0"
#13760
b1101011000011 '
1"
#13761
0"
#13762
b1101011000100 '
1"
#13763
0"
#13764
b1101011000101 '
1"
#13765
0"
#13766
b1101011000110 '
1"
#13767
0"
#13768
b1101011000111 '
1"
#13769
0"
#13770
b1101011001000 '
1"
#13771
0"
#13772
b1101011001001 '
1"
#13773
0"
#13774
b1101011001010 '
1"
#13775
0"
#13776
b1101011001011 '
1"
#13777
0"
#13778
b1101011001100 '
1"
#13779
0"
#13780
b1101011001101 '
1"
#13781
0"
#13782
b1101011001110 '
1"
#13783
0"
#13784
b1101011001111 '
1"
#13785
0"
#13786
b1101011010000 '
1"
#13787
0"
#13788
b1101011010001 '
1"
#13789
0"
#13790
b1101011010010 '
1"
#13791
0"
#13792
b1101011010011 '
1"
#13793
0"
#13794
b1101011010100 '
1"
#13795
0"
#13796
b1101011010101 '
1"
#13797
0"
#13798
b1101011010110 '
1"
#13799
0"
#13800
b1101011010111 '
1"
#13801
0"
#13802
b1101011011000 '
1"
#13803
0"
#13804
b1101011011001 '
1"
#13805
0"
#13806
b1101011011010 '
1"
#13807
0"
#13808
b1101011011011 '
1"
#13809
0"
#13810
b1101011011100 '
1"
#13811
0"
#13812
b1101011011101 '
1"
#13813
0"
#13814
b1101011011110 '
1"
#13815
0"
#13816
b1101011011111 '
1"
#13817
0"
#13818
b1101011100000 '
1"
#13819
0"
#13820
b1101011100001 '
1"
#13821
0"
#13822
b1101011100010 '
1"
#13823
0"
#13824
b1101011100011 '
1"
#13825
0"
#13826
b1101011100100 '
1"
#13827
0"
#13828
b1101011100101 '
1"
#13829
0"
#13830
b1101011100110 '
1"
#13831
0"
#13832
b1101011100111 '
1"
#13833
0"
#13834
b1101011101000 '
1"
#13835
0"
#13836
b1101011101001 '
1"
#13837
0"
#13838
b1101011101010 '
1"
#13839
0"
#13840
b1101011101011 '
1"
#13841
0"
#13842
b1101011101100 '
1"
#13843
0"
#13844
b1101011101101 '
1"
#13845
0"
#13846
b1101011101110 '
1"
#13847
0"
#13848
b1101011101111 '
1"
#13849
0"
#13850
b1101011110000 '
1"
#13851
0"
#13852
b1101011110001 '
1"
#13853
0"
#13854
b1101011110010 '
1"
#13855
0"
#13856
b1101011110011 '
1"
#13857
0"
#13858
b1101011110100 '
1"
#13859
0"
#13860
b1101011110101 '
1"
#13861
0"
#13862
b1101011110110 '
1"
#13863
0"
#13864
b1101011110111 '
1"
#13865
0"
#13866
b1101011111000 '
1"
#13867
0"
#13868
b1101011111001 '
1"
#13869
0"
#13870
b1101011111010 '
1"
#13871
0"
#13872
b1101011111011 '
1"
#13873
0"
#13874
b1101011111100 '
1"
#13875
0"
#13876
b1101011111101 '
1"
#13877
0"
#13878
b1101011111110 '
1"
#13879
0"
#13880
b1101011111111 '
1"
#13881
0"
#13882
b1101100000000 '
1"
#13883
0"
#13884
b1101100000001 '
1"
#13885
0"
#13886
b1101100000010 '
1"
#13887
0"
#13888
b1101100000011 '
1"
#13889
0"
#13890
b1101100000100 '
1"
#13891
0"
#13892
b1101100000101 '
1"
#13893
0"
#13894
b1101100000110 '
1"
#13895
0"
#13896
b1101100000111 '
1"
#13897
0"
#13898
b1101100001000 '
1"
#13899
0"
#13900
b1101100001001 '
1"
#13901
0"
#13902
b1101100001010 '
1"
#13903
0"
#13904
b1101100001011 '
1"
#13905
0"
#13906
b1101100001100 '
1"
#13907
0"
#13908
b1101100001101 '
1"
#13909
0"
#13910
b1101100001110 '
1"
#13911
0"
#13912
b1101100001111 '
1"
#13913
0"
#13914
b1101100010000 '
1"
#13915
0"
#13916
b1101100010001 '
1"
#13917
0"
#13918
b1101100010010 '
1"
#13919
0"
#13920
b1101100010011 '
1"
#13921
0"
#13922
b1101100010100 '
1"
#13923
0"
#13924
b1101100010101 '
1"
#13925
0"
#13926
b1101100010110 '
1"
#13927
0"
#13928
b1101100010111 '
1"
#13929
0"
#13930
b1101100011000 '
1"
#13931
0"
#13932
b1101100011001 '
1"
#13933
0"
#13934
b1101100011010 '
1"
#13935
0"
#13936
b1101100011011 '
1"
#13937
0"
#13938
b1101100011100 '
1"
#13939
0"
#13940
b1101100011101 '
1"
#13941
0"
#13942
b1101100011110 '
1"
#13943
0"
#13944
b1101100011111 '
1"
#13945
0"
#13946
b1101100100000 '
1"
#13947
0"
#13948
b1101100100001 '
1"
#13949
0"
#13950
b1101100100010 '
1"
#13951
0"
#13952
b1101100100011 '
1"
#13953
0"
#13954
b1101100100100 '
1"
#13955
0"
#13956
b1101100100101 '
1"
#13957
0"
#13958
b1101100100110 '
1"
#13959
0"
#13960
b1101100100111 '
1"
#13961
0"
#13962
b1101100101000 '
1"
#13963
0"
#13964
b1101100101001 '
1"
#13965
0"
#13966
b1101100101010 '
1"
#13967
0"
#13968
b1101100101011 '
1"
#13969
0"
#13970
b1101100101100 '
1"
#13971
0"
#13972
b1101100101101 '
1"
#13973
0"
#13974
b1101100101110 '
1"
#13975
0"
#13976
b1101100101111 '
1"
#13977
0"
#13978
b1101100110000 '
1"
#13979
0"
#13980
b1101100110001 '
1"
#13981
0"
#13982
b1101100110010 '
1"
#13983
0"
#13984
b1101100110011 '
1"
#13985
0"
#13986
b1101100110100 '
1"
#13987
0"
#13988
b1101100110101 '
1"
#13989
0"
#13990
b1101100110110 '
1"
#13991
0"
#13992
b1101100110111 '
1"
#13993
0"
#13994
b1101100111000 '
1"
#13995
0"
#13996
b1101100111001 '
1"
#13997
0"
#13998
b1101100111010 '
1"
#13999
0"
#14000
b1101100111011 '
1"
#14001
0"
#14002
b1101100111100 '
1"
#14003
0"
#14004
b1101100111101 '
1"
#14005
0"
#14006
b1101100111110 '
1"
#14007
0"
#14008
b1101100111111 '
1"
#14009
0"
#14010
b1101101000000 '
1"
#14011
0"
#14012
b1101101000001 '
1"
#14013
0"
#14014
b1101101000010 '
1"
#14015
0"
#14016
b1101101000011 '
1"
#14017
0"
#14018
b1101101000100 '
1"
#14019
0"
#14020
b1101101000101 '
1"
#14021
0"
#14022
b1101101000110 '
1"
#14023
0"
#14024
b1101101000111 '
1"
#14025
0"
#14026
b1101101001000 '
1"
#14027
0"
#14028
b1101101001001 '
1"
#14029
0"
#14030
b1101101001010 '
1"
#14031
0"
#14032
b1101101001011 '
1"
#14033
0"
#14034
b1101101001100 '
1"
#14035
0"
#14036
b1101101001101 '
1"
#14037
0"
#14038
b1101101001110 '
1"
#14039
0"
#14040
b1101101001111 '
1"
#14041
0"
#14042
b1101101010000 '
1"
#14043
0"
#14044
b1101101010001 '
1"
#14045
0"
#14046
b1101101010010 '
1"
#14047
0"
#14048
b1101101010011 '
1"
#14049
0"
#14050
b1101101010100 '
1"
#14051
0"
#14052
b1101101010101 '
1"
#14053
0"
#14054
b1101101010110 '
1"
#14055
0"
#14056
b1101101010111 '
1"
#14057
0"
#14058
b1101101011000 '
1"
#14059
0"
#14060
b1101101011001 '
1"
#14061
0"
#14062
b1101101011010 '
1"
#14063
0"
#14064
b1101101011011 '
1"
#14065
0"
#14066
b1101101011100 '
1"
#14067
0"
#14068
b1101101011101 '
1"
#14069
0"
#14070
b1101101011110 '
1"
#14071
0"
#14072
b1101101011111 '
1"
#14073
0"
#14074
b1101101100000 '
1"
#14075
0"
#14076
b1101101100001 '
1"
#14077
0"
#14078
b1101101100010 '
1"
#14079
0"
#14080
b1101101100011 '
1"
#14081
0"
#14082
b1101101100100 '
1"
#14083
0"
#14084
b1101101100101 '
1"
#14085
0"
#14086
b1101101100110 '
1"
#14087
0"
#14088
b1101101100111 '
1"
#14089
0"
#14090
b1101101101000 '
1"
#14091
0"
#14092
b1101101101001 '
1"
#14093
0"
#14094
b1101101101010 '
1"
#14095
0"
#14096
b1101101101011 '
1"
#14097
0"
#14098
b1101101101100 '
1"
#14099
0"
#14100
b1101101101101 '
1"
#14101
0"
#14102
b1101101101110 '
1"
#14103
0"
#14104
b1101101101111 '
1"
#14105
0"
#14106
b1101101110000 '
1"
#14107
0"
#14108
b1101101110001 '
1"
#14109
0"
#14110
b1101101110010 '
1"
#14111
0"
#14112
b1101101110011 '
1"
#14113
0"
#14114
b1101101110100 '
1"
#14115
0"
#14116
b1101101110101 '
1"
#14117
0"
#14118
b1101101110110 '
1"
#14119
0"
#14120
b1101101110111 '
1"
#14121
0"
#14122
b1101101111000 '
1"
#14123
0"
#14124
b1101101111001 '
1"
#14125
0"
#14126
b1101101111010 '
1"
#14127
0"
#14128
b1101101111011 '
1"
#14129
0"
#14130
b1101101111100 '
1"
#14131
0"
#14132
b1101101111101 '
1"
#14133
0"
#14134
b1101101111110 '
1"
#14135
0"
#14136
b1101101111111 '
1"
#14137
0"
#14138
b1101110000000 '
1"
#14139
0"
#14140
b1101110000001 '
1"
#14141
0"
#14142
b1101110000010 '
1"
#14143
0"
#14144
b1101110000011 '
1"
#14145
0"
#14146
b1101110000100 '
1"
#14147
0"
#14148
b1101110000101 '
1"
#14149
0"
#14150
b1101110000110 '
1"
#14151
0"
#14152
b1101110000111 '
1"
#14153
0"
#14154
b1101110001000 '
1"
#14155
0"
#14156
b1101110001001 '
1"
#14157
0"
#14158
b1101110001010 '
1"
#14159
0"
#14160
b1101110001011 '
1"
#14161
0"
#14162
b1101110001100 '
1"
#14163
0"
#14164
b1101110001101 '
1"
#14165
0"
#14166
b1101110001110 '
1"
#14167
0"
#14168
b1101110001111 '
1"
#14169
0"
#14170
b1101110010000 '
1"
#14171
0"
#14172
b1101110010001 '
1"
#14173
0"
#14174
b1101110010010 '
1"
#14175
0"
#14176
b1101110010011 '
1"
#14177
0"
#14178
b1101110010100 '
1"
#14179
0"
#14180
b1101110010101 '
1"
#14181
0"
#14182
b1101110010110 '
1"
#14183
0"
#14184
b1101110010111 '
1"
#14185
0"
#14186
b1101110011000 '
1"
#14187
0"
#14188
b1101110011001 '
1"
#14189
0"
#14190
b1101110011010 '
1"
#14191
0"
#14192
b1101110011011 '
1"
#14193
0"
#14194
b1101110011100 '
1"
#14195
0"
#14196
b1101110011101 '
1"
#14197
0"
#14198
b1101110011110 '
1"
#14199
0"
#14200
b1101110011111 '
1"
#14201
0"
#14202
b1101110100000 '
1"
#14203
0"
#14204
b1101110100001 '
1"
#14205
0"
#14206
b1101110100010 '
1"
#14207
0"
#14208
b1101110100011 '
1"
#14209
0"
#14210
b1101110100100 '
1"
#14211
0"
#14212
b1101110100101 '
1"
#14213
0"
#14214
b1101110100110 '
1"
#14215
0"
#14216
b1101110100111 '
1"
#14217
0"
#14218
b1101110101000 '
1"
#14219
0"
#14220
b1101110101001 '
1"
#14221
0"
#14222
b1101110101010 '
1"
#14223
0"
#14224
b1101110101011 '
1"
#14225
0"
#14226
b1101110101100 '
1"
#14227
0"
#14228
b1101110101101 '
1"
#14229
0"
#14230
b1101110101110 '
1"
#14231
0"
#14232
b1101110101111 '
1"
#14233
0"
#14234
b1101110110000 '
1"
#14235
0"
#14236
b1101110110001 '
1"
#14237
0"
#14238
b1101110110010 '
1"
#14239
0"
#14240
b1101110110011 '
1"
#14241
0"
#14242
b1101110110100 '
1"
#14243
0"
#14244
b1101110110101 '
1"
#14245
0"
#14246
b1101110110110 '
1"
#14247
0"
#14248
b1101110110111 '
1"
#14249
0"
#14250
b1101110111000 '
1"
#14251
0"
#14252
b1101110111001 '
1"
#14253
0"
#14254
b1101110111010 '
1"
#14255
0"
#14256
b1101110111011 '
1"
#14257
0"
#14258
b1101110111100 '
1"
#14259
0"
#14260
b1101110111101 '
1"
#14261
0"
#14262
b1101110111110 '
1"
#14263
0"
#14264
b1101110111111 '
1"
#14265
0"
#14266
b1101111000000 '
1"
#14267
0"
#14268
b1101111000001 '
1"
#14269
0"
#14270
b1101111000010 '
1"
#14271
0"
#14272
b1101111000011 '
1"
#14273
0"
#14274
b1101111000100 '
1"
#14275
0"
#14276
b1101111000101 '
1"
#14277
0"
#14278
b1101111000110 '
1"
#14279
0"
#14280
b1101111000111 '
1"
#14281
0"
#14282
b1101111001000 '
1"
#14283
0"
#14284
b1101111001001 '
1"
#14285
0"
#14286
b1101111001010 '
1"
#14287
0"
#14288
b1101111001011 '
1"
#14289
0"
#14290
b1101111001100 '
1"
#14291
0"
#14292
b1101111001101 '
1"
#14293
0"
#14294
b1101111001110 '
1"
#14295
0"
#14296
b1101111001111 '
1"
#14297
0"
#14298
b1101111010000 '
1"
#14299
0"
#14300
b1101111010001 '
1"
#14301
0"
#14302
b1101111010010 '
1"
#14303
0"
#14304
b1101111010011 '
1"
#14305
0"
#14306
b1101111010100 '
1"
#14307
0"
#14308
b1101111010101 '
1"
#14309
0"
#14310
b1101111010110 '
1"
#14311
0"
#14312
b1101111010111 '
1"
#14313
0"
#14314
b1101111011000 '
1"
#14315
0"
#14316
b1101111011001 '
1"
#14317
0"
#14318
b1101111011010 '
1"
#14319
0"
#14320
b1101111011011 '
1"
#14321
0"
#14322
b1101111011100 '
1"
#14323
0"
#14324
b1101111011101 '
1"
#14325
0"
#14326
b1101111011110 '
1"
#14327
0"
#14328
b1101111011111 '
1"
#14329
0"
#14330
b1101111100000 '
1"
#14331
0"
#14332
b1101111100001 '
1"
#14333
0"
#14334
b1101111100010 '
1"
#14335
0"
#14336
b1101111100011 '
1"
#14337
0"
#14338
b1101111100100 '
1"
#14339
0"
#14340
b1101111100101 '
1"
#14341
0"
#14342
b1101111100110 '
1"
#14343
0"
#14344
b1101111100111 '
1"
#14345
0"
#14346
b1101111101000 '
1"
#14347
0"
#14348
b1101111101001 '
1"
#14349
0"
#14350
b1101111101010 '
1"
#14351
0"
#14352
b1101111101011 '
1"
#14353
0"
#14354
b1101111101100 '
1"
#14355
0"
#14356
b1101111101101 '
1"
#14357
0"
#14358
b1101111101110 '
1"
#14359
0"
#14360
b1101111101111 '
1"
#14361
0"
#14362
b1101111110000 '
1"
#14363
0"
#14364
b1101111110001 '
1"
#14365
0"
#14366
b1101111110010 '
1"
#14367
0"
#14368
b1101111110011 '
1"
#14369
0"
#14370
b1101111110100 '
1"
#14371
0"
#14372
b1101111110101 '
1"
#14373
0"
#14374
b1101111110110 '
1"
#14375
0"
#14376
b1101111110111 '
1"
#14377
0"
#14378
b1101111111000 '
1"
#14379
0"
#14380
b1101111111001 '
1"
#14381
0"
#14382
b1101111111010 '
1"
#14383
0"
#14384
b1101111111011 '
1"
#14385
0"
#14386
b1101111111100 '
1"
#14387
0"
#14388
b1101111111101 '
1"
#14389
0"
#14390
b1101111111110 '
1"
#14391
0"
#14392
b1101111111111 '
1"
#14393
0"
#14394
b1110000000000 '
1"
#14395
0"
#14396
b1110000000001 '
1"
#14397
0"
#14398
b1110000000010 '
1"
#14399
0"
#14400
b1110000000011 '
1"
#14401
0"
#14402
b1110000000100 '
1"
#14403
0"
#14404
b1110000000101 '
1"
#14405
0"
#14406
b1110000000110 '
1"
#14407
0"
#14408
b1110000000111 '
1"
#14409
0"
#14410
b1110000001000 '
1"
#14411
0"
#14412
b1110000001001 '
1"
#14413
0"
#14414
b1110000001010 '
1"
#14415
0"
#14416
b1110000001011 '
1"
#14417
0"
#14418
b1110000001100 '
1"
#14419
0"
#14420
b1110000001101 '
1"
#14421
0"
#14422
b1110000001110 '
1"
#14423
0"
#14424
b1110000001111 '
1"
#14425
0"
#14426
b1110000010000 '
1"
#14427
0"
#14428
b1110000010001 '
1"
#14429
0"
#14430
b1110000010010 '
1"
#14431
0"
#14432
b1110000010011 '
1"
#14433
0"
#14434
b1110000010100 '
1"
#14435
0"
#14436
b1110000010101 '
1"
#14437
0"
#14438
b1110000010110 '
1"
#14439
0"
#14440
b1110000010111 '
1"
#14441
0"
#14442
b1110000011000 '
1"
#14443
0"
#14444
b1110000011001 '
1"
#14445
0"
#14446
b1110000011010 '
1"
#14447
0"
#14448
b1110000011011 '
1"
#14449
0"
#14450
b1110000011100 '
1"
#14451
0"
#14452
b1110000011101 '
1"
#14453
0"
#14454
b1110000011110 '
1"
#14455
0"
#14456
b1110000011111 '
1"
#14457
0"
#14458
b1110000100000 '
1"
#14459
0"
#14460
b1110000100001 '
1"
#14461
0"
#14462
b1110000100010 '
1"
#14463
0"
#14464
b1110000100011 '
1"
#14465
0"
#14466
b1110000100100 '
1"
#14467
0"
#14468
b1110000100101 '
1"
#14469
0"
#14470
b1110000100110 '
1"
#14471
0"
#14472
b1110000100111 '
1"
#14473
0"
#14474
b1110000101000 '
1"
#14475
0"
#14476
b1110000101001 '
1"
#14477
0"
#14478
b1110000101010 '
1"
#14479
0"
#14480
b1110000101011 '
1"
#14481
0"
#14482
b1110000101100 '
1"
#14483
0"
#14484
b1110000101101 '
1"
#14485
0"
#14486
b1110000101110 '
1"
#14487
0"
#14488
b1110000101111 '
1"
#14489
0"
#14490
b1110000110000 '
1"
#14491
0"
#14492
b1110000110001 '
1"
#14493
0"
#14494
b1110000110010 '
1"
#14495
0"
#14496
b1110000110011 '
1"
#14497
0"
#14498
b1110000110100 '
1"
#14499
0"
#14500
b1110000110101 '
1"
#14501
0"
#14502
b1110000110110 '
1"
#14503
0"
#14504
b1110000110111 '
1"
#14505
0"
#14506
b1110000111000 '
1"
#14507
0"
#14508
b1110000111001 '
1"
#14509
0"
#14510
b1110000111010 '
1"
#14511
0"
#14512
b1110000111011 '
1"
#14513
0"
#14514
b1110000111100 '
1"
#14515
0"
#14516
b1110000111101 '
1"
#14517
0"
#14518
b1110000111110 '
1"
#14519
0"
#14520
b1110000111111 '
1"
#14521
0"
#14522
b1110001000000 '
1"
#14523
0"
#14524
b1110001000001 '
1"
#14525
0"
#14526
b1110001000010 '
1"
#14527
0"
#14528
b1110001000011 '
1"
#14529
0"
#14530
b1110001000100 '
1"
#14531
0"
#14532
b1110001000101 '
1"
#14533
0"
#14534
b1110001000110 '
1"
#14535
0"
#14536
b1110001000111 '
1"
#14537
0"
#14538
b1110001001000 '
1"
#14539
0"
#14540
b1110001001001 '
1"
#14541
0"
#14542
b1110001001010 '
1"
#14543
0"
#14544
b1110001001011 '
1"
#14545
0"
#14546
b1110001001100 '
1"
#14547
0"
#14548
b1110001001101 '
1"
#14549
0"
#14550
b1110001001110 '
1"
#14551
0"
#14552
b1110001001111 '
1"
#14553
0"
#14554
b1110001010000 '
1"
#14555
0"
#14556
b1110001010001 '
1"
#14557
0"
#14558
b1110001010010 '
1"
#14559
0"
#14560
b1110001010011 '
1"
#14561
0"
#14562
b1110001010100 '
1"
#14563
0"
#14564
b1110001010101 '
1"
#14565
0"
#14566
b1110001010110 '
1"
#14567
0"
#14568
b1110001010111 '
1"
#14569
0"
#14570
b1110001011000 '
1"
#14571
0"
#14572
b1110001011001 '
1"
#14573
0"
#14574
b1110001011010 '
1"
#14575
0"
#14576
b1110001011011 '
1"
#14577
0"
#14578
b1110001011100 '
1"
#14579
0"
#14580
b1110001011101 '
1"
#14581
0"
#14582
b1110001011110 '
1"
#14583
0"
#14584
b1110001011111 '
1"
#14585
0"
#14586
b1110001100000 '
1"
#14587
0"
#14588
b1110001100001 '
1"
#14589
0"
#14590
b1110001100010 '
1"
#14591
0"
#14592
b1110001100011 '
1"
#14593
0"
#14594
b1110001100100 '
1"
#14595
0"
#14596
b1110001100101 '
1"
#14597
0"
#14598
b1110001100110 '
1"
#14599
0"
#14600
b1110001100111 '
1"
#14601
0"
#14602
b1110001101000 '
1"
#14603
0"
#14604
b1110001101001 '
1"
#14605
0"
#14606
b1110001101010 '
1"
#14607
0"
#14608
b1110001101011 '
1"
#14609
0"
#14610
b1110001101100 '
1"
#14611
0"
#14612
b1110001101101 '
1"
#14613
0"
#14614
b1110001101110 '
1"
#14615
0"
#14616
b1110001101111 '
1"
#14617
0"
#14618
b1110001110000 '
1"
#14619
0"
#14620
b1110001110001 '
1"
#14621
0"
#14622
b1110001110010 '
1"
#14623
0"
#14624
b1110001110011 '
1"
#14625
0"
#14626
b1110001110100 '
1"
#14627
0"
#14628
b1110001110101 '
1"
#14629
0"
#14630
b1110001110110 '
1"
#14631
0"
#14632
b1110001110111 '
1"
#14633
0"
#14634
b1110001111000 '
1"
#14635
0"
#14636
b1110001111001 '
1"
#14637
0"
#14638
b1110001111010 '
1"
#14639
0"
#14640
b1110001111011 '
1"
#14641
0"
#14642
b1110001111100 '
1"
#14643
0"
#14644
b1110001111101 '
1"
#14645
0"
#14646
b1110001111110 '
1"
#14647
0"
#14648
b1110001111111 '
1"
#14649
0"
#14650
b1110010000000 '
1"
#14651
0"
#14652
b1110010000001 '
1"
#14653
0"
#14654
b1110010000010 '
1"
#14655
0"
#14656
b1110010000011 '
1"
#14657
0"
#14658
b1110010000100 '
1"
#14659
0"
#14660
b1110010000101 '
1"
#14661
0"
#14662
b1110010000110 '
1"
#14663
0"
#14664
b1110010000111 '
1"
#14665
0"
#14666
b1110010001000 '
1"
#14667
0"
#14668
b1110010001001 '
1"
#14669
0"
#14670
b1110010001010 '
1"
#14671
0"
#14672
b1110010001011 '
1"
#14673
0"
#14674
b1110010001100 '
1"
#14675
0"
#14676
b1110010001101 '
1"
#14677
0"
#14678
b1110010001110 '
1"
#14679
0"
#14680
b1110010001111 '
1"
#14681
0"
#14682
b1110010010000 '
1"
#14683
0"
#14684
b1110010010001 '
1"
#14685
0"
#14686
b1110010010010 '
1"
#14687
0"
#14688
b1110010010011 '
1"
#14689
0"
#14690
b1110010010100 '
1"
#14691
0"
#14692
b1110010010101 '
1"
#14693
0"
#14694
b1110010010110 '
1"
#14695
0"
#14696
b1110010010111 '
1"
#14697
0"
#14698
b1110010011000 '
1"
#14699
0"
#14700
b1110010011001 '
1"
#14701
0"
#14702
b1110010011010 '
1"
#14703
0"
#14704
b1110010011011 '
1"
#14705
0"
#14706
b1110010011100 '
1"
#14707
0"
#14708
b1110010011101 '
1"
#14709
0"
#14710
b1110010011110 '
1"
#14711
0"
#14712
b1110010011111 '
1"
#14713
0"
#14714
b1110010100000 '
1"
#14715
0"
#14716
b1110010100001 '
1"
#14717
0"
#14718
b1110010100010 '
1"
#14719
0"
#14720
b1110010100011 '
1"
#14721
0"
#14722
b1110010100100 '
1"
#14723
0"
#14724
b1110010100101 '
1"
#14725
0"
#14726
b1110010100110 '
1"
#14727
0"
#14728
b1110010100111 '
1"
#14729
0"
#14730
b1110010101000 '
1"
#14731
0"
#14732
b1110010101001 '
1"
#14733
0"
#14734
b1110010101010 '
1"
#14735
0"
#14736
b1110010101011 '
1"
#14737
0"
#14738
b1110010101100 '
1"
#14739
0"
#14740
b1110010101101 '
1"
#14741
0"
#14742
b1110010101110 '
1"
#14743
0"
#14744
b1110010101111 '
1"
#14745
0"
#14746
b1110010110000 '
1"
#14747
0"
#14748
b1110010110001 '
1"
#14749
0"
#14750
b1110010110010 '
1"
#14751
0"
#14752
b1110010110011 '
1"
#14753
0"
#14754
b1110010110100 '
1"
#14755
0"
#14756
b1110010110101 '
1"
#14757
0"
#14758
b1110010110110 '
1"
#14759
0"
#14760
b1110010110111 '
1"
#14761
0"
#14762
b1110010111000 '
1"
#14763
0"
#14764
b1110010111001 '
1"
#14765
0"
#14766
b1110010111010 '
1"
#14767
0"
#14768
b1110010111011 '
1"
#14769
0"
#14770
b1110010111100 '
1"
#14771
0"
#14772
b1110010111101 '
1"
#14773
0"
#14774
b1110010111110 '
1"
#14775
0"
#14776
b1110010111111 '
1"
#14777
0"
#14778
b1110011000000 '
1"
#14779
0"
#14780
b1110011000001 '
1"
#14781
0"
#14782
b1110011000010 '
1"
#14783
0"
#14784
b1110011000011 '
1"
#14785
0"
#14786
b1110011000100 '
1"
#14787
0"
#14788
b1110011000101 '
1"
#14789
0"
#14790
b1110011000110 '
1"
#14791
0"
#14792
b1110011000111 '
1"
#14793
0"
#14794
b1110011001000 '
1"
#14795
0"
#14796
b1110011001001 '
1"
#14797
0"
#14798
b1110011001010 '
1"
#14799
0"
#14800
b1110011001011 '
1"
#14801
0"
#14802
b1110011001100 '
1"
#14803
0"
#14804
b1110011001101 '
1"
#14805
0"
#14806
b1110011001110 '
1"
#14807
0"
#14808
b1110011001111 '
1"
#14809
0"
#14810
b1110011010000 '
1"
#14811
0"
#14812
b1110011010001 '
1"
#14813
0"
#14814
b1110011010010 '
1"
#14815
0"
#14816
b1110011010011 '
1"
#14817
0"
#14818
b1110011010100 '
1"
#14819
0"
#14820
b1110011010101 '
1"
#14821
0"
#14822
b1110011010110 '
1"
#14823
0"
#14824
b1110011010111 '
1"
#14825
0"
#14826
b1110011011000 '
1"
#14827
0"
#14828
b1110011011001 '
1"
#14829
0"
#14830
b1110011011010 '
1"
#14831
0"
#14832
b1110011011011 '
1"
#14833
0"
#14834
b1110011011100 '
1"
#14835
0"
#14836
b1110011011101 '
1"
#14837
0"
#14838
b1110011011110 '
1"
#14839
0"
#14840
b1110011011111 '
1"
#14841
0"
#14842
b1110011100000 '
1"
#14843
0"
#14844
b1110011100001 '
1"
#14845
0"
#14846
b1110011100010 '
1"
#14847
0"
#14848
b1110011100011 '
1"
#14849
0"
#14850
b1110011100100 '
1"
#14851
0"
#14852
b1110011100101 '
1"
#14853
0"
#14854
b1110011100110 '
1"
#14855
0"
#14856
b1110011100111 '
1"
#14857
0"
#14858
b1110011101000 '
1"
#14859
0"
#14860
b1110011101001 '
1"
#14861
0"
#14862
b1110011101010 '
1"
#14863
0"
#14864
b1110011101011 '
1"
#14865
0"
#14866
b1110011101100 '
1"
#14867
0"
#14868
b1110011101101 '
1"
#14869
0"
#14870
b1110011101110 '
1"
#14871
0"
#14872
b1110011101111 '
1"
#14873
0"
#14874
b1110011110000 '
1"
#14875
0"
#14876
b1110011110001 '
1"
#14877
0"
#14878
b1110011110010 '
1"
#14879
0"
#14880
b1110011110011 '
1"
#14881
0"
#14882
b1110011110100 '
1"
#14883
0"
#14884
b1110011110101 '
1"
#14885
0"
#14886
b1110011110110 '
1"
#14887
0"
#14888
b1110011110111 '
1"
#14889
0"
#14890
b1110011111000 '
1"
#14891
0"
#14892
b1110011111001 '
1"
#14893
0"
#14894
b1110011111010 '
1"
#14895
0"
#14896
b1110011111011 '
1"
#14897
0"
#14898
b1110011111100 '
1"
#14899
0"
#14900
b1110011111101 '
1"
#14901
0"
#14902
b1110011111110 '
1"
#14903
0"
#14904
b1110011111111 '
1"
#14905
0"
#14906
b1110100000000 '
1"
#14907
0"
#14908
b1110100000001 '
1"
#14909
0"
#14910
b1110100000010 '
1"
#14911
0"
#14912
b1110100000011 '
1"
#14913
0"
#14914
b1110100000100 '
1"
#14915
0"
#14916
b1110100000101 '
1"
#14917
0"
#14918
b1110100000110 '
1"
#14919
0"
#14920
b1110100000111 '
1"
#14921
0"
#14922
b1110100001000 '
1"
#14923
0"
#14924
b1110100001001 '
1"
#14925
0"
#14926
b1110100001010 '
1"
#14927
0"
#14928
b1110100001011 '
1"
#14929
0"
#14930
b1110100001100 '
1"
#14931
0"
#14932
b1110100001101 '
1"
#14933
0"
#14934
b1110100001110 '
1"
#14935
0"
#14936
b1110100001111 '
1"
#14937
0"
#14938
b1110100010000 '
1"
#14939
0"
#14940
b1110100010001 '
1"
#14941
0"
#14942
b1110100010010 '
1"
#14943
0"
#14944
b1110100010011 '
1"
#14945
0"
#14946
b1110100010100 '
1"
#14947
0"
#14948
b1110100010101 '
1"
#14949
0"
#14950
b1110100010110 '
1"
#14951
0"
#14952
b1110100010111 '
1"
#14953
0"
#14954
b1110100011000 '
1"
#14955
0"
#14956
b1110100011001 '
1"
#14957
0"
#14958
b1110100011010 '
1"
#14959
0"
#14960
b1110100011011 '
1"
#14961
0"
#14962
b1110100011100 '
1"
#14963
0"
#14964
b1110100011101 '
1"
#14965
0"
#14966
b1110100011110 '
1"
#14967
0"
#14968
b1110100011111 '
1"
#14969
0"
#14970
b1110100100000 '
1"
#14971
0"
#14972
b1110100100001 '
1"
#14973
0"
#14974
b1110100100010 '
1"
#14975
0"
#14976
b1110100100011 '
1"
#14977
0"
#14978
b1110100100100 '
1"
#14979
0"
#14980
b1110100100101 '
1"
#14981
0"
#14982
b1110100100110 '
1"
#14983
0"
#14984
b1110100100111 '
1"
#14985
0"
#14986
b1110100101000 '
1"
#14987
0"
#14988
b1110100101001 '
1"
#14989
0"
#14990
b1110100101010 '
1"
#14991
0"
#14992
b1110100101011 '
1"
#14993
0"
#14994
b1110100101100 '
1"
#14995
0"
#14996
b1110100101101 '
1"
#14997
0"
#14998
b1110100101110 '
1"
#14999
0"
#15000
b1110100101111 '
1"
#15001
0"
#15002
b1110100110000 '
1"
#15003
0"
#15004
b1110100110001 '
1"
#15005
0"
#15006
b1110100110010 '
1"
#15007
0"
#15008
b1110100110011 '
1"
#15009
0"
#15010
b1110100110100 '
1"
#15011
0"
#15012
b1110100110101 '
1"
#15013
0"
#15014
b1110100110110 '
1"
#15015
0"
#15016
b1110100110111 '
1"
#15017
0"
#15018
b1110100111000 '
1"
#15019
0"
#15020
b1110100111001 '
1"
#15021
0"
#15022
b1110100111010 '
1"
#15023
0"
#15024
b1110100111011 '
1"
#15025
0"
#15026
b1110100111100 '
1"
#15027
0"
#15028
b1110100111101 '
1"
#15029
0"
#15030
b1110100111110 '
1"
#15031
0"
#15032
b1110100111111 '
1"
#15033
0"
#15034
b1110101000000 '
1"
#15035
0"
#15036
b1110101000001 '
1"
#15037
0"
#15038
b1110101000010 '
1"
#15039
0"
#15040
b1110101000011 '
1"
#15041
0"
#15042
b1110101000100 '
1"
#15043
0"
#15044
b1110101000101 '
1"
#15045
0"
#15046
b1110101000110 '
1"
#15047
0"
#15048
b1110101000111 '
1"
#15049
0"
#15050
b1110101001000 '
1"
#15051
0"
#15052
b1110101001001 '
1"
#15053
0"
#15054
b1110101001010 '
1"
#15055
0"
#15056
b1110101001011 '
1"
#15057
0"
#15058
b1110101001100 '
1"
#15059
0"
#15060
b1110101001101 '
1"
#15061
0"
#15062
b1110101001110 '
1"
#15063
0"
#15064
b1110101001111 '
1"
#15065
0"
#15066
b1110101010000 '
1"
#15067
0"
#15068
b1110101010001 '
1"
#15069
0"
#15070
b1110101010010 '
1"
#15071
0"
#15072
b1110101010011 '
1"
#15073
0"
#15074
b1110101010100 '
1"
#15075
0"
#15076
b1110101010101 '
1"
#15077
0"
#15078
b1110101010110 '
1"
#15079
0"
#15080
b1110101010111 '
1"
#15081
0"
#15082
b1110101011000 '
1"
#15083
0"
#15084
b1110101011001 '
1"
#15085
0"
#15086
b1110101011010 '
1"
#15087
0"
#15088
b1110101011011 '
1"
#15089
0"
#15090
b1110101011100 '
1"
#15091
0"
#15092
b1110101011101 '
1"
#15093
0"
#15094
b1110101011110 '
1"
#15095
0"
#15096
b1110101011111 '
1"
#15097
0"
#15098
b1110101100000 '
1"
#15099
0"
#15100
b1110101100001 '
1"
#15101
0"
#15102
b1110101100010 '
1"
#15103
0"
#15104
b1110101100011 '
1"
#15105
0"
#15106
b1110101100100 '
1"
#15107
0"
#15108
b1110101100101 '
1"
#15109
0"
#15110
b1110101100110 '
1"
#15111
0"
#15112
b1110101100111 '
1"
#15113
0"
#15114
b1110101101000 '
1"
#15115
0"
#15116
b1110101101001 '
1"
#15117
0"
#15118
b1110101101010 '
1"
#15119
0"
#15120
b1110101101011 '
1"
#15121
0"
#15122
b1110101101100 '
1"
#15123
0"
#15124
b1110101101101 '
1"
#15125
0"
#15126
b1110101101110 '
1"
#15127
0"
#15128
b1110101101111 '
1"
#15129
0"
#15130
b1110101110000 '
1"
#15131
0"
#15132
b1110101110001 '
1"
#15133
0"
#15134
b1110101110010 '
1"
#15135
0"
#15136
b1110101110011 '
1"
#15137
0"
#15138
b1110101110100 '
1"
#15139
0"
#15140
b1110101110101 '
1"
#15141
0"
#15142
b1110101110110 '
1"
#15143
0"
#15144
b1110101110111 '
1"
#15145
0"
#15146
b1110101111000 '
1"
#15147
0"
#15148
b1110101111001 '
1"
#15149
0"
#15150
b1110101111010 '
1"
#15151
0"
#15152
b1110101111011 '
1"
#15153
0"
#15154
b1110101111100 '
1"
#15155
0"
#15156
b1110101111101 '
1"
#15157
0"
#15158
b1110101111110 '
1"
#15159
0"
#15160
b1110101111111 '
1"
#15161
0"
#15162
b1110110000000 '
1"
#15163
0"
#15164
b1110110000001 '
1"
#15165
0"
#15166
b1110110000010 '
1"
#15167
0"
#15168
b1110110000011 '
1"
#15169
0"
#15170
b1110110000100 '
1"
#15171
0"
#15172
b1110110000101 '
1"
#15173
0"
#15174
b1110110000110 '
1"
#15175
0"
#15176
b1110110000111 '
1"
#15177
0"
#15178
b1110110001000 '
1"
#15179
0"
#15180
b1110110001001 '
1"
#15181
0"
#15182
b1110110001010 '
1"
#15183
0"
#15184
b1110110001011 '
1"
#15185
0"
#15186
b1110110001100 '
1"
#15187
0"
#15188
b1110110001101 '
1"
#15189
0"
#15190
b1110110001110 '
1"
#15191
0"
#15192
b1110110001111 '
1"
#15193
0"
#15194
b1110110010000 '
1"
#15195
0"
#15196
b1110110010001 '
1"
#15197
0"
#15198
b1110110010010 '
1"
#15199
0"
#15200
b1110110010011 '
1"
#15201
0"
#15202
b1110110010100 '
1"
#15203
0"
#15204
b1110110010101 '
1"
#15205
0"
#15206
b1110110010110 '
1"
#15207
0"
#15208
b1110110010111 '
1"
#15209
0"
#15210
b1110110011000 '
1"
#15211
0"
#15212
b1110110011001 '
1"
#15213
0"
#15214
b1110110011010 '
1"
#15215
0"
#15216
b1110110011011 '
1"
#15217
0"
#15218
b1110110011100 '
1"
#15219
0"
#15220
b1110110011101 '
1"
#15221
0"
#15222
b1110110011110 '
1"
#15223
0"
#15224
b1110110011111 '
1"
#15225
0"
#15226
b1110110100000 '
1"
#15227
0"
#15228
b1110110100001 '
1"
#15229
0"
#15230
b1110110100010 '
1"
#15231
0"
#15232
b1110110100011 '
1"
#15233
0"
#15234
b1110110100100 '
1"
#15235
0"
#15236
b1110110100101 '
1"
#15237
0"
#15238
b1110110100110 '
1"
#15239
0"
#15240
b1110110100111 '
1"
#15241
0"
#15242
b1110110101000 '
1"
#15243
0"
#15244
b1110110101001 '
1"
#15245
0"
#15246
b1110110101010 '
1"
#15247
0"
#15248
b1110110101011 '
1"
#15249
0"
#15250
b1110110101100 '
1"
#15251
0"
#15252
b1110110101101 '
1"
#15253
0"
#15254
b1110110101110 '
1"
#15255
0"
#15256
b1110110101111 '
1"
#15257
0"
#15258
b1110110110000 '
1"
#15259
0"
#15260
b1110110110001 '
1"
#15261
0"
#15262
b1110110110010 '
1"
#15263
0"
#15264
b1110110110011 '
1"
#15265
0"
#15266
b1110110110100 '
1"
#15267
0"
#15268
b1110110110101 '
1"
#15269
0"
#15270
b1110110110110 '
1"
#15271
0"
#15272
b1110110110111 '
1"
#15273
0"
#15274
b1110110111000 '
1"
#15275
0"
#15276
b1110110111001 '
1"
#15277
0"
#15278
b1110110111010 '
1"
#15279
0"
#15280
b1110110111011 '
1"
#15281
0"
#15282
b1110110111100 '
1"
#15283
0"
#15284
b1110110111101 '
1"
#15285
0"
#15286
b1110110111110 '
1"
#15287
0"
#15288
b1110110111111 '
1"
#15289
0"
#15290
b1110111000000 '
1"
#15291
0"
#15292
b1110111000001 '
1"
#15293
0"
#15294
b1110111000010 '
1"
#15295
0"
#15296
b1110111000011 '
1"
#15297
0"
#15298
b1110111000100 '
1"
#15299
0"
#15300
b1110111000101 '
1"
#15301
0"
#15302
b1110111000110 '
1"
#15303
0"
#15304
b1110111000111 '
1"
#15305
0"
#15306
b1110111001000 '
1"
#15307
0"
#15308
b1110111001001 '
1"
#15309
0"
#15310
b1110111001010 '
1"
#15311
0"
#15312
b1110111001011 '
1"
#15313
0"
#15314
b1110111001100 '
1"
#15315
0"
#15316
b1110111001101 '
1"
#15317
0"
#15318
b1110111001110 '
1"
#15319
0"
#15320
b1110111001111 '
1"
#15321
0"
#15322
b1110111010000 '
1"
#15323
0"
#15324
b1110111010001 '
1"
#15325
0"
#15326
b1110111010010 '
1"
#15327
0"
#15328
b1110111010011 '
1"
#15329
0"
#15330
b1110111010100 '
1"
#15331
0"
#15332
b1110111010101 '
1"
#15333
0"
#15334
b1110111010110 '
1"
#15335
0"
#15336
b1110111010111 '
1"
#15337
0"
#15338
b1110111011000 '
1"
#15339
0"
#15340
b1110111011001 '
1"
#15341
0"
#15342
b1110111011010 '
1"
#15343
0"
#15344
b1110111011011 '
1"
#15345
0"
#15346
b1110111011100 '
1"
#15347
0"
#15348
b1110111011101 '
1"
#15349
0"
#15350
b1110111011110 '
1"
#15351
0"
#15352
b1110111011111 '
1"
#15353
0"
#15354
b1110111100000 '
1"
#15355
0"
#15356
b1110111100001 '
1"
#15357
0"
#15358
b1110111100010 '
1"
#15359
0"
#15360
b1110111100011 '
1"
#15361
0"
#15362
b1110111100100 '
1"
#15363
0"
#15364
b1110111100101 '
1"
#15365
0"
#15366
b1110111100110 '
1"
#15367
0"
#15368
b1110111100111 '
1"
#15369
0"
#15370
b1110111101000 '
1"
#15371
0"
#15372
b1110111101001 '
1"
#15373
0"
#15374
b1110111101010 '
1"
#15375
0"
#15376
b1110111101011 '
1"
#15377
0"
#15378
b1110111101100 '
1"
#15379
0"
#15380
b1110111101101 '
1"
#15381
0"
#15382
b1110111101110 '
1"
#15383
0"
#15384
b1110111101111 '
1"
#15385
0"
#15386
b1110111110000 '
1"
#15387
0"
#15388
b1110111110001 '
1"
#15389
0"
#15390
b1110111110010 '
1"
#15391
0"
#15392
b1110111110011 '
1"
#15393
0"
#15394
b1110111110100 '
1"
#15395
0"
#15396
b1110111110101 '
1"
#15397
0"
#15398
b1110111110110 '
1"
#15399
0"
#15400
b1110111110111 '
1"
#15401
0"
#15402
b1110111111000 '
1"
#15403
0"
#15404
b1110111111001 '
1"
#15405
0"
#15406
b1110111111010 '
1"
#15407
0"
#15408
b1110111111011 '
1"
#15409
0"
#15410
b1110111111100 '
1"
#15411
0"
#15412
b1110111111101 '
1"
#15413
0"
#15414
b1110111111110 '
1"
#15415
0"
#15416
b1110111111111 '
1"
#15417
0"
#15418
b1111000000000 '
1"
#15419
0"
#15420
b1111000000001 '
1"
#15421
0"
#15422
b1111000000010 '
1"
#15423
0"
#15424
b1111000000011 '
1"
#15425
0"
#15426
b1111000000100 '
1"
#15427
0"
#15428
b1111000000101 '
1"
#15429
0"
#15430
b1111000000110 '
1"
#15431
0"
#15432
b1111000000111 '
1"
#15433
0"
#15434
b1111000001000 '
1"
#15435
0"
#15436
b1111000001001 '
1"
#15437
0"
#15438
b1111000001010 '
1"
#15439
0"
#15440
b1111000001011 '
1"
#15441
0"
#15442
b1111000001100 '
1"
#15443
0"
#15444
b1111000001101 '
1"
#15445
0"
#15446
b1111000001110 '
1"
#15447
0"
#15448
b1111000001111 '
1"
#15449
0"
#15450
b1111000010000 '
1"
#15451
0"
#15452
b1111000010001 '
1"
#15453
0"
#15454
b1111000010010 '
1"
#15455
0"
#15456
b1111000010011 '
1"
#15457
0"
#15458
b1111000010100 '
1"
#15459
0"
#15460
b1111000010101 '
1"
#15461
0"
#15462
b1111000010110 '
1"
#15463
0"
#15464
b1111000010111 '
1"
#15465
0"
#15466
b1111000011000 '
1"
#15467
0"
#15468
b1111000011001 '
1"
#15469
0"
#15470
b1111000011010 '
1"
#15471
0"
#15472
b1111000011011 '
1"
#15473
0"
#15474
b1111000011100 '
1"
#15475
0"
#15476
b1111000011101 '
1"
#15477
0"
#15478
b1111000011110 '
1"
#15479
0"
#15480
b1111000011111 '
1"
#15481
0"
#15482
b1111000100000 '
1"
#15483
0"
#15484
b1111000100001 '
1"
#15485
0"
#15486
b1111000100010 '
1"
#15487
0"
#15488
b1111000100011 '
1"
#15489
0"
#15490
b1111000100100 '
1"
#15491
0"
#15492
b1111000100101 '
1"
#15493
0"
#15494
b1111000100110 '
1"
#15495
0"
#15496
b1111000100111 '
1"
#15497
0"
#15498
b1111000101000 '
1"
#15499
0"
#15500
b1111000101001 '
1"
#15501
0"
#15502
b1111000101010 '
1"
#15503
0"
#15504
b1111000101011 '
1"
#15505
0"
#15506
b1111000101100 '
1"
#15507
0"
#15508
b1111000101101 '
1"
#15509
0"
#15510
b1111000101110 '
1"
#15511
0"
#15512
b1111000101111 '
1"
#15513
0"
#15514
b1111000110000 '
1"
#15515
0"
#15516
b1111000110001 '
1"
#15517
0"
#15518
b1111000110010 '
1"
#15519
0"
#15520
b1111000110011 '
1"
#15521
0"
#15522
b1111000110100 '
1"
#15523
0"
#15524
b1111000110101 '
1"
#15525
0"
#15526
b1111000110110 '
1"
#15527
0"
#15528
b1111000110111 '
1"
#15529
0"
#15530
b1111000111000 '
1"
#15531
0"
#15532
b1111000111001 '
1"
#15533
0"
#15534
b1111000111010 '
1"
#15535
0"
#15536
b1111000111011 '
1"
#15537
0"
#15538
b1111000111100 '
1"
#15539
0"
#15540
b1111000111101 '
1"
#15541
0"
#15542
b1111000111110 '
1"
#15543
0"
#15544
b1111000111111 '
1"
#15545
0"
#15546
b1111001000000 '
1"
#15547
0"
#15548
b1111001000001 '
1"
#15549
0"
#15550
b1111001000010 '
1"
#15551
0"
#15552
b1111001000011 '
1"
#15553
0"
#15554
b1111001000100 '
1"
#15555
0"
#15556
b1111001000101 '
1"
#15557
0"
#15558
b1111001000110 '
1"
#15559
0"
#15560
b1111001000111 '
1"
#15561
0"
#15562
b1111001001000 '
1"
#15563
0"
#15564
b1111001001001 '
1"
#15565
0"
#15566
b1111001001010 '
1"
#15567
0"
#15568
b1111001001011 '
1"
#15569
0"
#15570
b1111001001100 '
1"
#15571
0"
#15572
b1111001001101 '
1"
#15573
0"
#15574
b1111001001110 '
1"
#15575
0"
#15576
b1111001001111 '
1"
#15577
0"
#15578
b1111001010000 '
1"
#15579
0"
#15580
b1111001010001 '
1"
#15581
0"
#15582
b1111001010010 '
1"
#15583
0"
#15584
b1111001010011 '
1"
#15585
0"
#15586
b1111001010100 '
1"
#15587
0"
#15588
b1111001010101 '
1"
#15589
0"
#15590
b1111001010110 '
1"
#15591
0"
#15592
b1111001010111 '
1"
#15593
0"
#15594
b1111001011000 '
1"
#15595
0"
#15596
b1111001011001 '
1"
#15597
0"
#15598
b1111001011010 '
1"
#15599
0"
#15600
b1111001011011 '
1"
#15601
0"
#15602
b1111001011100 '
1"
#15603
0"
#15604
b1111001011101 '
1"
#15605
0"
#15606
b1111001011110 '
1"
#15607
0"
#15608
b1111001011111 '
1"
#15609
0"
#15610
b1111001100000 '
1"
#15611
0"
#15612
b1111001100001 '
1"
#15613
0"
#15614
b1111001100010 '
1"
#15615
0"
#15616
b1111001100011 '
1"
#15617
0"
#15618
b1111001100100 '
1"
#15619
0"
#15620
b1111001100101 '
1"
#15621
0"
#15622
b1111001100110 '
1"
#15623
0"
#15624
b1111001100111 '
1"
#15625
0"
#15626
b1111001101000 '
1"
#15627
0"
#15628
b1111001101001 '
1"
#15629
0"
#15630
b1111001101010 '
1"
#15631
0"
#15632
b1111001101011 '
1"
#15633
0"
#15634
b1111001101100 '
1"
#15635
0"
#15636
b1111001101101 '
1"
#15637
0"
#15638
b1111001101110 '
1"
#15639
0"
#15640
b1111001101111 '
1"
#15641
0"
#15642
b1111001110000 '
1"
#15643
0"
#15644
b1111001110001 '
1"
#15645
0"
#15646
b1111001110010 '
1"
#15647
0"
#15648
b1111001110011 '
1"
#15649
0"
#15650
b1111001110100 '
1"
#15651
0"
#15652
b1111001110101 '
1"
#15653
0"
#15654
b1111001110110 '
1"
#15655
0"
#15656
b1111001110111 '
1"
#15657
0"
#15658
b1111001111000 '
1"
#15659
0"
#15660
b1111001111001 '
1"
#15661
0"
#15662
b1111001111010 '
1"
#15663
0"
#15664
b1111001111011 '
1"
#15665
0"
#15666
b1111001111100 '
1"
#15667
0"
#15668
b1111001111101 '
1"
#15669
0"
#15670
b1111001111110 '
1"
#15671
0"
#15672
b1111001111111 '
1"
#15673
0"
#15674
b1111010000000 '
1"
#15675
0"
#15676
b1111010000001 '
1"
#15677
0"
#15678
b1111010000010 '
1"
#15679
0"
#15680
b1111010000011 '
1"
#15681
0"
#15682
b1111010000100 '
1"
#15683
0"
#15684
b1111010000101 '
1"
#15685
0"
#15686
b1111010000110 '
1"
#15687
0"
#15688
b1111010000111 '
1"
#15689
0"
#15690
b1111010001000 '
1"
#15691
0"
#15692
b1111010001001 '
1"
#15693
0"
#15694
b1111010001010 '
1"
#15695
0"
#15696
b1111010001011 '
1"
#15697
0"
#15698
b1111010001100 '
1"
#15699
0"
#15700
b1111010001101 '
1"
#15701
0"
#15702
b1111010001110 '
1"
#15703
0"
#15704
b1111010001111 '
1"
#15705
0"
#15706
b1111010010000 '
1"
#15707
0"
#15708
b1111010010001 '
1"
#15709
0"
#15710
b1111010010010 '
1"
#15711
0"
#15712
b1111010010011 '
1"
#15713
0"
#15714
b1111010010100 '
1"
#15715
0"
#15716
b1111010010101 '
1"
#15717
0"
#15718
b1111010010110 '
1"
#15719
0"
#15720
b1111010010111 '
1"
#15721
0"
#15722
b1111010011000 '
1"
#15723
0"
#15724
b1111010011001 '
1"
#15725
0"
#15726
b1111010011010 '
1"
#15727
0"
#15728
b1111010011011 '
1"
#15729
0"
#15730
b1111010011100 '
1"
#15731
0"
#15732
b1111010011101 '
1"
#15733
0"
#15734
b1111010011110 '
1"
#15735
0"
#15736
b1111010011111 '
1"
#15737
0"
#15738
b1111010100000 '
1"
#15739
0"
#15740
b1111010100001 '
1"
#15741
0"
#15742
b1111010100010 '
1"
#15743
0"
#15744
b1111010100011 '
1"
#15745
0"
#15746
b1111010100100 '
1"
#15747
0"
#15748
b1111010100101 '
1"
#15749
0"
#15750
b1111010100110 '
1"
#15751
0"
#15752
b1111010100111 '
1"
#15753
0"
#15754
b1111010101000 '
1"
#15755
0"
#15756
b1111010101001 '
1"
#15757
0"
#15758
b1111010101010 '
1"
#15759
0"
#15760
b1111010101011 '
1"
#15761
0"
#15762
b1111010101100 '
1"
#15763
0"
#15764
b1111010101101 '
1"
#15765
0"
#15766
b1111010101110 '
1"
#15767
0"
#15768
b1111010101111 '
1"
#15769
0"
#15770
b1111010110000 '
1"
#15771
0"
#15772
b1111010110001 '
1"
#15773
0"
#15774
b1111010110010 '
1"
#15775
0"
#15776
b1111010110011 '
1"
#15777
0"
#15778
b1111010110100 '
1"
#15779
0"
#15780
b1111010110101 '
1"
#15781
0"
#15782
b1111010110110 '
1"
#15783
0"
#15784
b1111010110111 '
1"
#15785
0"
#15786
b1111010111000 '
1"
#15787
0"
#15788
b1111010111001 '
1"
#15789
0"
#15790
b1111010111010 '
1"
#15791
0"
#15792
b1111010111011 '
1"
#15793
0"
#15794
b1111010111100 '
1"
#15795
0"
#15796
b1111010111101 '
1"
#15797
0"
#15798
b1111010111110 '
1"
#15799
0"
#15800
b1111010111111 '
1"
#15801
0"
#15802
b1111011000000 '
1"
#15803
0"
#15804
b1111011000001 '
1"
#15805
0"
#15806
b1111011000010 '
1"
#15807
0"
#15808
b1111011000011 '
1"
#15809
0"
#15810
b1111011000100 '
1"
#15811
0"
#15812
b1111011000101 '
1"
#15813
0"
#15814
b1111011000110 '
1"
#15815
0"
#15816
b1111011000111 '
1"
#15817
0"
#15818
b1111011001000 '
1"
#15819
0"
#15820
b1111011001001 '
1"
#15821
0"
#15822
b1111011001010 '
1"
#15823
0"
#15824
b1111011001011 '
1"
#15825
0"
#15826
b1111011001100 '
1"
#15827
0"
#15828
b1111011001101 '
1"
#15829
0"
#15830
b1111011001110 '
1"
#15831
0"
#15832
b1111011001111 '
1"
#15833
0"
#15834
b1111011010000 '
1"
#15835
0"
#15836
b1111011010001 '
1"
#15837
0"
#15838
b1111011010010 '
1"
#15839
0"
#15840
b1111011010011 '
1"
#15841
0"
#15842
b1111011010100 '
1"
#15843
0"
#15844
b1111011010101 '
1"
#15845
0"
#15846
b1111011010110 '
1"
#15847
0"
#15848
b1111011010111 '
1"
#15849
0"
#15850
b1111011011000 '
1"
#15851
0"
#15852
b1111011011001 '
1"
#15853
0"
#15854
b1111011011010 '
1"
#15855
0"
#15856
b1111011011011 '
1"
#15857
0"
#15858
b1111011011100 '
1"
#15859
0"
#15860
b1111011011101 '
1"
#15861
0"
#15862
b1111011011110 '
1"
#15863
0"
#15864
b1111011011111 '
1"
#15865
0"
#15866
b1111011100000 '
1"
#15867
0"
#15868
b1111011100001 '
1"
#15869
0"
#15870
b1111011100010 '
1"
#15871
0"
#15872
b1111011100011 '
1"
#15873
0"
#15874
b1111011100100 '
1"
#15875
0"
#15876
b1111011100101 '
1"
#15877
0"
#15878
b1111011100110 '
1"
#15879
0"
#15880
b1111011100111 '
1"
#15881
0"
#15882
b1111011101000 '
1"
#15883
0"
#15884
b1111011101001 '
1"
#15885
0"
#15886
b1111011101010 '
1"
#15887
0"
#15888
b1111011101011 '
1"
#15889
0"
#15890
b1111011101100 '
1"
#15891
0"
#15892
b1111011101101 '
1"
#15893
0"
#15894
b1111011101110 '
1"
#15895
0"
#15896
b1111011101111 '
1"
#15897
0"
#15898
b1111011110000 '
1"
#15899
0"
#15900
b1111011110001 '
1"
#15901
0"
#15902
b1111011110010 '
1"
#15903
0"
#15904
b1111011110011 '
1"
#15905
0"
#15906
b1111011110100 '
1"
#15907
0"
#15908
b1111011110101 '
1"
#15909
0"
#15910
b1111011110110 '
1"
#15911
0"
#15912
b1111011110111 '
1"
#15913
0"
#15914
b1111011111000 '
1"
#15915
0"
#15916
b1111011111001 '
1"
#15917
0"
#15918
b1111011111010 '
1"
#15919
0"
#15920
b1111011111011 '
1"
#15921
0"
#15922
b1111011111100 '
1"
#15923
0"
#15924
b1111011111101 '
1"
#15925
0"
#15926
b1111011111110 '
1"
#15927
0"
#15928
b1111011111111 '
1"
#15929
0"
#15930
b1111100000000 '
1"
#15931
0"
#15932
b1111100000001 '
1"
#15933
0"
#15934
b1111100000010 '
1"
#15935
0"
#15936
b1111100000011 '
1"
#15937
0"
#15938
b1111100000100 '
1"
#15939
0"
#15940
b1111100000101 '
1"
#15941
0"
#15942
b1111100000110 '
1"
#15943
0"
#15944
b1111100000111 '
1"
#15945
0"
#15946
b1111100001000 '
1"
#15947
0"
#15948
b1111100001001 '
1"
#15949
0"
#15950
b1111100001010 '
1"
#15951
0"
#15952
b1111100001011 '
1"
#15953
0"
#15954
b1111100001100 '
1"
#15955
0"
#15956
b1111100001101 '
1"
#15957
0"
#15958
b1111100001110 '
1"
#15959
0"
#15960
b1111100001111 '
1"
#15961
0"
#15962
b1111100010000 '
1"
#15963
0"
#15964
b1111100010001 '
1"
#15965
0"
#15966
b1111100010010 '
1"
#15967
0"
#15968
b1111100010011 '
1"
#15969
0"
#15970
b1111100010100 '
1"
#15971
0"
#15972
b1111100010101 '
1"
#15973
0"
#15974
b1111100010110 '
1"
#15975
0"
#15976
b1111100010111 '
1"
#15977
0"
#15978
b1111100011000 '
1"
#15979
0"
#15980
b1111100011001 '
1"
#15981
0"
#15982
b1111100011010 '
1"
#15983
0"
#15984
b1111100011011 '
1"
#15985
0"
#15986
b1111100011100 '
1"
#15987
0"
#15988
b1111100011101 '
1"
#15989
0"
#15990
b1111100011110 '
1"
#15991
0"
#15992
b1111100011111 '
1"
#15993
0"
#15994
b1111100100000 '
1"
#15995
0"
#15996
b1111100100001 '
1"
#15997
0"
#15998
b1111100100010 '
1"
#15999
0"
#16000
b1111100100011 '
1"
#16001
0"
#16002
b1111100100100 '
1"
#16003
0"
#16004
b1111100100101 '
1"
#16005
0"
#16006
b1111100100110 '
1"
#16007
0"
#16008
b1111100100111 '
1"
#16009
0"
#16010
b1111100101000 '
1"
#16011
0"
#16012
b1111100101001 '
1"
#16013
0"
#16014
b1111100101010 '
1"
#16015
0"
#16016
b1111100101011 '
1"
#16017
0"
#16018
b1111100101100 '
1"
#16019
0"
#16020
b1111100101101 '
1"
#16021
0"
#16022
b1111100101110 '
1"
#16023
0"
#16024
b1111100101111 '
1"
#16025
0"
#16026
b1111100110000 '
1"
#16027
0"
#16028
b1111100110001 '
1"
#16029
0"
#16030
b1111100110010 '
1"
#16031
0"
#16032
b1111100110011 '
1"
#16033
0"
#16034
b1111100110100 '
1"
#16035
0"
#16036
b1111100110101 '
1"
#16037
0"
#16038
b1111100110110 '
1"
#16039
0"
#16040
b1111100110111 '
1"
#16041
0"
#16042
b1111100111000 '
1"
#16043
0"
#16044
b1111100111001 '
1"
#16045
0"
#16046
b1111100111010 '
1"
#16047
0"
#16048
b1111100111011 '
1"
#16049
0"
#16050
b1111100111100 '
1"
#16051
0"
#16052
b1111100111101 '
1"
#16053
0"
#16054
b1111100111110 '
1"
#16055
0"
#16056
b1111100111111 '
1"
#16057
0"
#16058
b1111101000000 '
1"
#16059
0"
#16060
b1111101000001 '
1"
#16061
0"
#16062
b1111101000010 '
1"
#16063
0"
#16064
b1111101000011 '
1"
#16065
0"
#16066
b1111101000100 '
1"
#16067
0"
#16068
b1111101000101 '
1"
#16069
0"
#16070
b1111101000110 '
1"
#16071
0"
#16072
b1111101000111 '
1"
#16073
0"
#16074
b1111101001000 '
1"
#16075
0"
#16076
b1111101001001 '
1"
#16077
0"
#16078
b1111101001010 '
1"
#16079
0"
#16080
b1111101001011 '
1"
#16081
0"
#16082
b1111101001100 '
1"
#16083
0"
#16084
b1111101001101 '
1"
#16085
0"
#16086
b1111101001110 '
1"
#16087
0"
#16088
b1111101001111 '
1"
#16089
0"
#16090
b1111101010000 '
1"
#16091
0"
#16092
b1111101010001 '
1"
#16093
0"
#16094
b1111101010010 '
1"
#16095
0"
#16096
b1111101010011 '
1"
#16097
0"
#16098
b1111101010100 '
1"
#16099
0"
#16100
b1111101010101 '
1"
#16101
0"
#16102
b1111101010110 '
1"
#16103
0"
#16104
b1111101010111 '
1"
#16105
0"
#16106
b1111101011000 '
1"
#16107
0"
#16108
b1111101011001 '
1"
#16109
0"
#16110
b1111101011010 '
1"
#16111
0"
#16112
b1111101011011 '
1"
#16113
0"
#16114
b1111101011100 '
1"
#16115
0"
#16116
b1111101011101 '
1"
#16117
0"
#16118
b1111101011110 '
1"
#16119
0"
#16120
b1111101011111 '
1"
#16121
0"
#16122
b1111101100000 '
1"
#16123
0"
#16124
b1111101100001 '
1"
#16125
0"
#16126
b1111101100010 '
1"
#16127
0"
#16128
b1111101100011 '
1"
#16129
0"
#16130
b1111101100100 '
1"
#16131
0"
#16132
b1111101100101 '
1"
#16133
0"
#16134
b1111101100110 '
1"
#16135
0"
#16136
b1111101100111 '
1"
#16137
0"
#16138
b1111101101000 '
1"
#16139
0"
#16140
b1111101101001 '
1"
#16141
0"
#16142
b1111101101010 '
1"
#16143
0"
#16144
b1111101101011 '
1"
#16145
0"
#16146
b1111101101100 '
1"
#16147
0"
#16148
b1111101101101 '
1"
#16149
0"
#16150
b1111101101110 '
1"
#16151
0"
#16152
b1111101101111 '
1"
#16153
0"
#16154
b1111101110000 '
1"
#16155
0"
#16156
b1111101110001 '
1"
#16157
0"
#16158
b1111101110010 '
1"
#16159
0"
#16160
b1111101110011 '
1"
#16161
0"
#16162
b1111101110100 '
1"
#16163
0"
#16164
b1111101110101 '
1"
#16165
0"
#16166
b1111101110110 '
1"
#16167
0"
#16168
b1111101110111 '
1"
#16169
0"
#16170
b1111101111000 '
1"
#16171
0"
#16172
b1111101111001 '
1"
#16173
0"
#16174
b1111101111010 '
1"
#16175
0"
#16176
b1111101111011 '
1"
#16177
0"
#16178
b1111101111100 '
1"
#16179
0"
#16180
b1111101111101 '
1"
#16181
0"
#16182
b1111101111110 '
1"
#16183
0"
#16184
b1111101111111 '
1"
#16185
0"
#16186
b1111110000000 '
1"
#16187
0"
#16188
b1111110000001 '
1"
#16189
0"
#16190
b1111110000010 '
1"
#16191
0"
#16192
b1111110000011 '
1"
#16193
0"
#16194
b1111110000100 '
1"
#16195
0"
#16196
b1111110000101 '
1"
#16197
0"
#16198
b1111110000110 '
1"
#16199
0"
#16200
b1111110000111 '
1"
#16201
0"
#16202
b1111110001000 '
1"
#16203
0"
#16204
b1111110001001 '
1"
#16205
0"
#16206
b1111110001010 '
1"
#16207
0"
#16208
b1111110001011 '
1"
#16209
0"
#16210
b1111110001100 '
1"
#16211
0"
#16212
b1111110001101 '
1"
#16213
0"
#16214
b1111110001110 '
1"
#16215
0"
#16216
b1111110001111 '
1"
#16217
0"
#16218
b1111110010000 '
1"
#16219
0"
#16220
b1111110010001 '
1"
#16221
0"
#16222
b1111110010010 '
1"
#16223
0"
#16224
b1111110010011 '
1"
#16225
0"
#16226
b1111110010100 '
1"
#16227
0"
#16228
b1111110010101 '
1"
#16229
0"
#16230
b1111110010110 '
1"
#16231
0"
#16232
b1111110010111 '
1"
#16233
0"
#16234
b1111110011000 '
1"
#16235
0"
#16236
b1111110011001 '
1"
#16237
0"
#16238
b1111110011010 '
1"
#16239
0"
#16240
b1111110011011 '
1"
#16241
0"
#16242
b1111110011100 '
1"
#16243
0"
#16244
b1111110011101 '
1"
#16245
0"
#16246
b1111110011110 '
1"
#16247
0"
#16248
b1111110011111 '
1"
#16249
0"
#16250
b1111110100000 '
1"
#16251
0"
#16252
b1111110100001 '
1"
#16253
0"
#16254
b1111110100010 '
1"
#16255
0"
#16256
b1111110100011 '
1"
#16257
0"
#16258
b1111110100100 '
1"
#16259
0"
#16260
b1111110100101 '
1"
#16261
0"
#16262
b1111110100110 '
1"
#16263
0"
#16264
b1111110100111 '
1"
#16265
0"
#16266
b1111110101000 '
1"
#16267
0"
#16268
b1111110101001 '
1"
#16269
0"
#16270
b1111110101010 '
1"
#16271
0"
#16272
b1111110101011 '
1"
#16273
0"
#16274
b1111110101100 '
1"
#16275
0"
#16276
b1111110101101 '
1"
#16277
0"
#16278
b1111110101110 '
1"
#16279
0"
#16280
b1111110101111 '
1"
#16281
0"
#16282
b1111110110000 '
1"
#16283
0"
#16284
b1111110110001 '
1"
#16285
0"
#16286
b1111110110010 '
1"
#16287
0"
#16288
b1111110110011 '
1"
#16289
0"
#16290
b1111110110100 '
1"
#16291
0"
#16292
b1111110110101 '
1"
#16293
0"
#16294
b1111110110110 '
1"
#16295
0"
#16296
b1111110110111 '
1"
#16297
0"
#16298
b1111110111000 '
1"
#16299
0"
#16300
b1111110111001 '
1"
#16301
0"
#16302
b1111110111010 '
1"
#16303
0"
#16304
b1111110111011 '
1"
#16305
0"
#16306
b1111110111100 '
1"
#16307
0"
#16308
b1111110111101 '
1"
#16309
0"
#16310
b1111110111110 '
1"
#16311
0"
#16312
b1111110111111 '
1"
#16313
0"
#16314
b1111111000000 '
1"
#16315
0"
#16316
b1111111000001 '
1"
#16317
0"
#16318
b1111111000010 '
1"
#16319
0"
#16320
b1111111000011 '
1"
#16321
0"
#16322
b1111111000100 '
1"
#16323
0"
#16324
b1111111000101 '
1"
#16325
0"
#16326
b1111111000110 '
1"
#16327
0"
#16328
b1111111000111 '
1"
#16329
0"
#16330
b1111111001000 '
1"
#16331
0"
#16332
b1111111001001 '
1"
#16333
0"
#16334
b1111111001010 '
1"
#16335
0"
#16336
b1111111001011 '
1"
#16337
0"
#16338
b1111111001100 '
1"
#16339
0"
#16340
b1111111001101 '
1"
#16341
0"
#16342
b1111111001110 '
1"
#16343
0"
#16344
b1111111001111 '
1"
#16345
0"
#16346
b1111111010000 '
1"
#16347
0"
#16348
b1111111010001 '
1"
#16349
0"
#16350
b1111111010010 '
1"
#16351
0"
#16352
b1111111010011 '
1"
#16353
0"
#16354
b1111111010100 '
1"
#16355
0"
#16356
b1111111010101 '
1"
#16357
0"
#16358
b1111111010110 '
1"
#16359
0"
#16360
b1111111010111 '
1"
#16361
0"
#16362
b1111111011000 '
1"
#16363
0"
#16364
b1111111011001 '
1"
#16365
0"
#16366
b1111111011010 '
1"
#16367
0"
#16368
b1111111011011 '
1"
#16369
0"
#16370
b1111111011100 '
1"
#16371
0"
#16372
b1111111011101 '
1"
#16373
0"
#16374
b1111111011110 '
1"
#16375
0"
#16376
b1111111011111 '
1"
#16377
0"
#16378
b1111111100000 '
1"
#16379
0"
#16380
b1111111100001 '
1"
#16381
0"
#16382
b1111111100010 '
1"
#16383
0"
#16384
b1111111100011 '
1"
#16385
0"
#16386
b1111111100100 '
1"
#16387
0"
#16388
b1111111100101 '
1"
#16389
0"
#16390
b1111111100110 '
1"
#16391
0"
#16392
b1111111100111 '
1"
#16393
0"
#16394
b1111111101000 '
1"
#16395
0"
#16396
b1111111101001 '
1"
#16397
0"
#16398
b1111111101010 '
1"
#16399
0"
#16400
b1111111101011 '
1"
#16401
0"
#16402
b1111111101100 '
1"
#16403
0"
#16404
b1111111101101 '
1"
#16405
0"
#16406
b1111111101110 '
1"
#16407
0"
#16408
b1111111101111 '
1"
#16409
0"
#16410
b1111111110000 '
1"
#16411
0"
#16412
b1111111110001 '
1"
#16413
0"
#16414
b1111111110010 '
1"
#16415
0"
#16416
b1111111110011 '
1"
#16417
0"
#16418
b1111111110100 '
1"
#16419
0"
#16420
b1111111110101 '
1"
#16421
0"
#16422
b1111111110110 '
1"
#16423
0"
#16424
b1111111110111 '
1"
#16425
0"
#16426
b1111111111000 '
1"
#16427
0"
#16428
b1111111111001 '
1"
#16429
0"
#16430
b1111111111010 '
1"
#16431
0"
#16432
b1111111111011 '
1"
#16433
0"
#16434
b1111111111100 '
1"
#16435
0"
#16436
b1111111111101 '
1"
#16437
0"
#16438
b1111111111110 '
1"
#16439
0"
#16440
b1111111111111 '
1"
#16441
0"
#16442
b10000000000000 '
1"
#16443
0"
#16444
b10000000000001 '
1"
#16445
0"
#16446
b10000000000010 '
1"
#16447
0"
#16448
b10000000000011 '
1"
#16449
0"
#16450
b10000000000100 '
1"
#16451
0"
#16452
b10000000000101 '
1"
#16453
0"
#16454
b10000000000110 '
1"
#16455
0"
#16456
b10000000000111 '
1"
#16457
0"
#16458
b10000000001000 '
1"
#16459
0"
#16460
b10000000001001 '
1"
#16461
0"
#16462
b10000000001010 '
1"
#16463
0"
#16464
b10000000001011 '
1"
#16465
0"
#16466
b10000000001100 '
1"
#16467
0"
#16468
b10000000001101 '
1"
#16469
0"
#16470
b10000000001110 '
1"
#16471
0"
#16472
b10000000001111 '
1"
#16473
0"
#16474
b10000000010000 '
1"
#16475
0"
#16476
b10000000010001 '
1"
#16477
0"
#16478
b10000000010010 '
1"
#16479
0"
#16480
b10000000010011 '
1"
#16481
0"
#16482
b10000000010100 '
1"
#16483
0"
#16484
b10000000010101 '
1"
#16485
0"
#16486
b10000000010110 '
1"
#16487
0"
#16488
b10000000010111 '
1"
#16489
0"
#16490
b10000000011000 '
1"
#16491
0"
#16492
b10000000011001 '
1"
#16493
0"
#16494
b10000000011010 '
1"
#16495
0"
#16496
b10000000011011 '
1"
#16497
0"
#16498
b10000000011100 '
1"
#16499
0"
#16500
b10000000011101 '
1"
#16501
0"
#16502
b10000000011110 '
1"
#16503
0"
#16504
b10000000011111 '
1"
#16505
0"
#16506
b10000000100000 '
1"
#16507
0"
#16508
b10000000100001 '
1"
#16509
0"
#16510
b10000000100010 '
1"
#16511
0"
#16512
b10000000100011 '
1"
#16513
0"
#16514
b10000000100100 '
1"
#16515
0"
#16516
b10000000100101 '
1"
#16517
0"
#16518
b10000000100110 '
1"
#16519
0"
#16520
b10000000100111 '
1"
#16521
0"
#16522
b10000000101000 '
1"
#16523
0"
#16524
b10000000101001 '
1"
#16525
0"
#16526
b10000000101010 '
1"
#16527
0"
#16528
b10000000101011 '
1"
#16529
0"
#16530
b10000000101100 '
1"
#16531
0"
#16532
b10000000101101 '
1"
#16533
0"
#16534
b10000000101110 '
1"
#16535
0"
#16536
b10000000101111 '
1"
#16537
0"
#16538
b10000000110000 '
1"
#16539
0"
#16540
b10000000110001 '
1"
#16541
0"
#16542
b10000000110010 '
1"
#16543
0"
#16544
b10000000110011 '
1"
#16545
0"
#16546
b10000000110100 '
1"
#16547
0"
#16548
b10000000110101 '
1"
#16549
0"
#16550
b10000000110110 '
1"
#16551
0"
#16552
b10000000110111 '
1"
#16553
0"
#16554
b10000000111000 '
1"
#16555
0"
#16556
b10000000111001 '
1"
#16557
0"
#16558
b10000000111010 '
1"
#16559
0"
#16560
b10000000111011 '
1"
#16561
0"
#16562
b10000000111100 '
1"
#16563
0"
#16564
b10000000111101 '
1"
#16565
0"
#16566
b10000000111110 '
1"
#16567
0"
#16568
b10000000111111 '
1"
#16569
0"
#16570
b10000001000000 '
1"
#16571
0"
#16572
b10000001000001 '
1"
#16573
0"
#16574
b10000001000010 '
1"
#16575
0"
#16576
b10000001000011 '
1"
#16577
0"
#16578
b10000001000100 '
1"
#16579
0"
#16580
b10000001000101 '
1"
#16581
0"
#16582
b10000001000110 '
1"
#16583
0"
#16584
b10000001000111 '
1"
#16585
0"
#16586
b10000001001000 '
1"
#16587
0"
#16588
b10000001001001 '
1"
#16589
0"
#16590
b10000001001010 '
1"
#16591
0"
#16592
b10000001001011 '
1"
#16593
0"
#16594
b10000001001100 '
1"
#16595
0"
#16596
b10000001001101 '
1"
#16597
0"
#16598
b10000001001110 '
1"
#16599
0"
#16600
b10000001001111 '
1"
#16601
0"
#16602
b10000001010000 '
1"
#16603
0"
#16604
b10000001010001 '
1"
#16605
0"
#16606
b10000001010010 '
1"
#16607
0"
#16608
b10000001010011 '
1"
#16609
0"
#16610
b10000001010100 '
1"
#16611
0"
#16612
b10000001010101 '
1"
#16613
0"
#16614
b10000001010110 '
1"
#16615
0"
#16616
b10000001010111 '
1"
#16617
0"
#16618
b10000001011000 '
1"
#16619
0"
#16620
b10000001011001 '
1"
#16621
0"
#16622
b10000001011010 '
1"
#16623
0"
#16624
b10000001011011 '
1"
#16625
0"
#16626
b10000001011100 '
1"
#16627
0"
#16628
b10000001011101 '
1"
#16629
0"
#16630
b10000001011110 '
1"
#16631
0"
#16632
b10000001011111 '
1"
#16633
0"
#16634
b10000001100000 '
1"
#16635
0"
#16636
b10000001100001 '
1"
#16637
0"
#16638
b10000001100010 '
1"
#16639
0"
#16640
b10000001100011 '
1"
#16641
0"
#16642
b10000001100100 '
1"
#16643
0"
#16644
b10000001100101 '
1"
#16645
0"
#16646
b10000001100110 '
1"
#16647
0"
#16648
b10000001100111 '
1"
#16649
0"
#16650
b10000001101000 '
1"
#16651
0"
#16652
b10000001101001 '
1"
#16653
0"
#16654
b10000001101010 '
1"
#16655
0"
#16656
b10000001101011 '
1"
#16657
0"
#16658
b10000001101100 '
1"
#16659
0"
#16660
b10000001101101 '
1"
#16661
0"
#16662
b10000001101110 '
1"
#16663
0"
#16664
b10000001101111 '
1"
#16665
0"
#16666
b10000001110000 '
1"
#16667
0"
#16668
b10000001110001 '
1"
#16669
0"
#16670
b10000001110010 '
1"
#16671
0"
#16672
b10000001110011 '
1"
#16673
0"
#16674
b10000001110100 '
1"
#16675
0"
#16676
b10000001110101 '
1"
#16677
0"
#16678
b10000001110110 '
1"
#16679
0"
#16680
b10000001110111 '
1"
#16681
0"
#16682
b10000001111000 '
1"
#16683
0"
#16684
b10000001111001 '
1"
#16685
0"
#16686
b10000001111010 '
1"
#16687
0"
#16688
b10000001111011 '
1"
#16689
0"
#16690
b10000001111100 '
1"
#16691
0"
#16692
b10000001111101 '
1"
#16693
0"
#16694
b10000001111110 '
1"
#16695
0"
#16696
b10000001111111 '
1"
#16697
0"
#16698
b10000010000000 '
1"
#16699
0"
#16700
b10000010000001 '
1"
#16701
0"
#16702
b10000010000010 '
1"
#16703
0"
#16704
b10000010000011 '
1"
#16705
0"
#16706
b10000010000100 '
1"
#16707
0"
#16708
b10000010000101 '
1"
#16709
0"
#16710
b10000010000110 '
1"
#16711
0"
#16712
b10000010000111 '
1"
#16713
0"
#16714
b10000010001000 '
1"
#16715
0"
#16716
b10000010001001 '
1"
#16717
0"
#16718
b10000010001010 '
1"
#16719
0"
#16720
b10000010001011 '
1"
#16721
0"
#16722
b10000010001100 '
1"
#16723
0"
#16724
b10000010001101 '
1"
#16725
0"
#16726
b10000010001110 '
1"
#16727
0"
#16728
b10000010001111 '
1"
#16729
0"
#16730
b10000010010000 '
1"
#16731
0"
#16732
b10000010010001 '
1"
#16733
0"
#16734
b10000010010010 '
1"
#16735
0"
#16736
b10000010010011 '
1"
#16737
0"
#16738
b10000010010100 '
1"
#16739
0"
#16740
b10000010010101 '
1"
#16741
0"
#16742
b10000010010110 '
1"
#16743
0"
#16744
b10000010010111 '
1"
#16745
0"
#16746
b10000010011000 '
1"
#16747
0"
#16748
b10000010011001 '
1"
#16749
0"
#16750
b10000010011010 '
1"
#16751
0"
#16752
b10000010011011 '
1"
#16753
0"
#16754
b10000010011100 '
1"
#16755
0"
#16756
b10000010011101 '
1"
#16757
0"
#16758
b10000010011110 '
1"
#16759
0"
#16760
b10000010011111 '
1"
#16761
0"
#16762
b10000010100000 '
1"
#16763
0"
#16764
b10000010100001 '
1"
#16765
0"
#16766
b10000010100010 '
1"
#16767
0"
#16768
b10000010100011 '
1"
#16769
0"
#16770
b10000010100100 '
1"
#16771
0"
#16772
b10000010100101 '
1"
#16773
0"
#16774
b10000010100110 '
1"
#16775
0"
#16776
b10000010100111 '
1"
#16777
0"
#16778
b10000010101000 '
1"
#16779
0"
#16780
b10000010101001 '
1"
#16781
0"
#16782
b10000010101010 '
1"
#16783
0"
#16784
b10000010101011 '
1"
#16785
0"
#16786
b10000010101100 '
1"
#16787
0"
#16788
b10000010101101 '
1"
#16789
0"
#16790
b10000010101110 '
1"
#16791
0"
#16792
b10000010101111 '
1"
#16793
0"
#16794
b10000010110000 '
1"
#16795
0"
#16796
b10000010110001 '
1"
#16797
0"
#16798
b10000010110010 '
1"
#16799
0"
#16800
b10000010110011 '
1"
#16801
0"
#16802
b10000010110100 '
1"
#16803
0"
#16804
b10000010110101 '
1"
#16805
0"
#16806
b10000010110110 '
1"
#16807
0"
#16808
b10000010110111 '
1"
#16809
0"
#16810
b10000010111000 '
1"
#16811
0"
#16812
b10000010111001 '
1"
#16813
0"
#16814
b10000010111010 '
1"
#16815
0"
#16816
b10000010111011 '
1"
#16817
0"
#16818
b10000010111100 '
1"
#16819
0"
#16820
b10000010111101 '
1"
#16821
0"
#16822
b10000010111110 '
1"
#16823
0"
#16824
b10000010111111 '
1"
#16825
0"
#16826
b10000011000000 '
1"
#16827
0"
#16828
b10000011000001 '
1"
#16829
0"
#16830
b10000011000010 '
1"
#16831
0"
#16832
b10000011000011 '
1"
#16833
0"
#16834
b10000011000100 '
1"
#16835
0"
#16836
b10000011000101 '
1"
#16837
0"
#16838
b10000011000110 '
1"
#16839
0"
#16840
b10000011000111 '
1"
#16841
0"
#16842
b10000011001000 '
1"
#16843
0"
#16844
b10000011001001 '
1"
#16845
0"
#16846
b10000011001010 '
1"
#16847
0"
#16848
b10000011001011 '
1"
#16849
0"
#16850
b10000011001100 '
1"
#16851
0"
#16852
b10000011001101 '
1"
#16853
0"
#16854
b10000011001110 '
1"
#16855
0"
#16856
b10000011001111 '
1"
#16857
0"
#16858
b10000011010000 '
1"
#16859
0"
#16860
b10000011010001 '
1"
#16861
0"
#16862
b10000011010010 '
1"
#16863
0"
#16864
b10000011010011 '
1"
#16865
0"
#16866
b10000011010100 '
1"
#16867
0"
#16868
b10000011010101 '
1"
#16869
0"
#16870
b10000011010110 '
1"
#16871
0"
#16872
b10000011010111 '
1"
#16873
0"
#16874
b10000011011000 '
1"
#16875
0"
#16876
b10000011011001 '
1"
#16877
0"
#16878
b10000011011010 '
1"
#16879
0"
#16880
b10000011011011 '
1"
#16881
0"
#16882
b10000011011100 '
1"
#16883
0"
#16884
b10000011011101 '
1"
#16885
0"
#16886
b10000011011110 '
1"
#16887
0"
#16888
b10000011011111 '
1"
#16889
0"
#16890
b10000011100000 '
1"
#16891
0"
#16892
b10000011100001 '
1"
#16893
0"
#16894
b10000011100010 '
1"
#16895
0"
#16896
b10000011100011 '
1"
#16897
0"
#16898
b10000011100100 '
1"
#16899
0"
#16900
b10000011100101 '
1"
#16901
0"
#16902
b10000011100110 '
1"
#16903
0"
#16904
b10000011100111 '
1"
#16905
0"
#16906
b10000011101000 '
1"
#16907
0"
#16908
b10000011101001 '
1"
#16909
0"
#16910
b10000011101010 '
1"
#16911
0"
#16912
b10000011101011 '
1"
#16913
0"
#16914
b10000011101100 '
1"
#16915
0"
#16916
b10000011101101 '
1"
#16917
0"
#16918
b10000011101110 '
1"
#16919
0"
#16920
b10000011101111 '
1"
#16921
0"
#16922
b10000011110000 '
1"
#16923
0"
#16924
b10000011110001 '
1"
#16925
0"
#16926
b10000011110010 '
1"
#16927
0"
#16928
b10000011110011 '
1"
#16929
0"
#16930
b10000011110100 '
1"
#16931
0"
#16932
b10000011110101 '
1"
#16933
0"
#16934
b10000011110110 '
1"
#16935
0"
#16936
b10000011110111 '
1"
#16937
0"
#16938
b10000011111000 '
1"
#16939
0"
#16940
b10000011111001 '
1"
#16941
0"
#16942
b10000011111010 '
1"
#16943
0"
#16944
b10000011111011 '
1"
#16945
0"
#16946
b10000011111100 '
1"
#16947
0"
#16948
b10000011111101 '
1"
#16949
0"
#16950
b10000011111110 '
1"
#16951
0"
#16952
b10000011111111 '
1"
#16953
0"
#16954
b10000100000000 '
1"
#16955
0"
#16956
b10000100000001 '
1"
#16957
0"
#16958
b10000100000010 '
1"
#16959
0"
#16960
b10000100000011 '
1"
#16961
0"
#16962
b10000100000100 '
1"
#16963
0"
#16964
b10000100000101 '
1"
#16965
0"
#16966
b10000100000110 '
1"
#16967
0"
#16968
b10000100000111 '
1"
#16969
0"
#16970
b10000100001000 '
1"
#16971
0"
#16972
b10000100001001 '
1"
#16973
0"
#16974
b10000100001010 '
1"
#16975
0"
#16976
b10000100001011 '
1"
#16977
0"
#16978
b10000100001100 '
1"
#16979
0"
#16980
b10000100001101 '
1"
#16981
0"
#16982
b10000100001110 '
1"
#16983
0"
#16984
b10000100001111 '
1"
#16985
0"
#16986
b10000100010000 '
1"
#16987
0"
#16988
b10000100010001 '
1"
#16989
0"
#16990
b10000100010010 '
1"
#16991
0"
#16992
b10000100010011 '
1"
#16993
0"
#16994
b10000100010100 '
1"
#16995
0"
#16996
b10000100010101 '
1"
#16997
0"
#16998
b10000100010110 '
1"
#16999
0"
#17000
b10000100010111 '
1"
#17001
0"
#17002
b10000100011000 '
1"
#17003
0"
#17004
b10000100011001 '
1"
#17005
0"
#17006
b10000100011010 '
1"
#17007
0"
#17008
b10000100011011 '
1"
#17009
0"
#17010
b10000100011100 '
1"
#17011
0"
#17012
b10000100011101 '
1"
#17013
0"
#17014
b10000100011110 '
1"
#17015
0"
#17016
b10000100011111 '
1"
#17017
0"
#17018
b10000100100000 '
1"
#17019
0"
#17020
b10000100100001 '
1"
#17021
0"
#17022
b10000100100010 '
1"
#17023
0"
#17024
b10000100100011 '
1"
#17025
0"
#17026
b10000100100100 '
1"
#17027
0"
#17028
b10000100100101 '
1"
#17029
0"
#17030
b10000100100110 '
1"
#17031
0"
#17032
b10000100100111 '
1"
#17033
0"
#17034
b10000100101000 '
1"
#17035
0"
#17036
b10000100101001 '
1"
#17037
0"
#17038
b10000100101010 '
1"
#17039
0"
#17040
b10000100101011 '
1"
#17041
0"
#17042
b10000100101100 '
1"
#17043
0"
#17044
b10000100101101 '
1"
#17045
0"
#17046
b10000100101110 '
1"
#17047
0"
#17048
b10000100101111 '
1"
#17049
0"
#17050
b10000100110000 '
1"
#17051
0"
#17052
b10000100110001 '
1"
#17053
0"
#17054
b10000100110010 '
1"
#17055
0"
#17056
b10000100110011 '
1"
#17057
0"
#17058
b10000100110100 '
1"
#17059
0"
#17060
b10000100110101 '
1"
#17061
0"
#17062
b10000100110110 '
1"
#17063
0"
#17064
b10000100110111 '
1"
#17065
0"
#17066
b10000100111000 '
1"
#17067
0"
#17068
b10000100111001 '
1"
#17069
0"
#17070
b10000100111010 '
1"
#17071
0"
#17072
b10000100111011 '
1"
#17073
0"
#17074
b10000100111100 '
1"
#17075
0"
#17076
b10000100111101 '
1"
#17077
0"
#17078
b10000100111110 '
1"
#17079
0"
#17080
b10000100111111 '
1"
#17081
0"
#17082
b10000101000000 '
1"
#17083
0"
#17084
b10000101000001 '
1"
#17085
0"
#17086
b10000101000010 '
1"
#17087
0"
#17088
b10000101000011 '
1"
#17089
0"
#17090
b10000101000100 '
1"
#17091
0"
#17092
b10000101000101 '
1"
#17093
0"
#17094
b10000101000110 '
1"
#17095
0"
#17096
b10000101000111 '
1"
#17097
0"
#17098
b10000101001000 '
1"
#17099
0"
#17100
b10000101001001 '
1"
#17101
0"
#17102
b10000101001010 '
1"
#17103
0"
#17104
b10000101001011 '
1"
#17105
0"
#17106
b10000101001100 '
1"
#17107
0"
#17108
b10000101001101 '
1"
#17109
0"
#17110
b10000101001110 '
1"
#17111
0"
#17112
b10000101001111 '
1"
#17113
0"
#17114
b10000101010000 '
1"
#17115
0"
#17116
b10000101010001 '
1"
#17117
0"
#17118
b10000101010010 '
1"
#17119
0"
#17120
b10000101010011 '
1"
#17121
0"
#17122
b10000101010100 '
1"
#17123
0"
#17124
b10000101010101 '
1"
#17125
0"
#17126
b10000101010110 '
1"
#17127
0"
#17128
b10000101010111 '
1"
#17129
0"
#17130
b10000101011000 '
1"
#17131
0"
#17132
b10000101011001 '
1"
#17133
0"
#17134
b10000101011010 '
1"
#17135
0"
#17136
b10000101011011 '
1"
#17137
0"
#17138
b10000101011100 '
1"
#17139
0"
#17140
b10000101011101 '
1"
#17141
0"
#17142
b10000101011110 '
1"
#17143
0"
#17144
b10000101011111 '
1"
#17145
0"
#17146
b10000101100000 '
1"
#17147
0"
#17148
b10000101100001 '
1"
#17149
0"
#17150
b10000101100010 '
1"
#17151
0"
#17152
b10000101100011 '
1"
#17153
0"
#17154
b10000101100100 '
1"
#17155
0"
#17156
b10000101100101 '
1"
#17157
0"
#17158
b10000101100110 '
1"
#17159
0"
#17160
b10000101100111 '
1"
#17161
0"
#17162
b10000101101000 '
1"
#17163
0"
#17164
b10000101101001 '
1"
#17165
0"
#17166
b10000101101010 '
1"
#17167
0"
#17168
b10000101101011 '
1"
#17169
0"
#17170
b10000101101100 '
1"
#17171
0"
#17172
b10000101101101 '
1"
#17173
0"
#17174
b10000101101110 '
1"
#17175
0"
#17176
b10000101101111 '
1"
#17177
0"
#17178
b10000101110000 '
1"
#17179
0"
#17180
b10000101110001 '
1"
#17181
0"
#17182
b10000101110010 '
1"
#17183
0"
#17184
b10000101110011 '
1"
#17185
0"
#17186
b10000101110100 '
1"
#17187
0"
#17188
b10000101110101 '
1"
#17189
0"
#17190
b10000101110110 '
1"
#17191
0"
#17192
b10000101110111 '
1"
#17193
0"
#17194
b10000101111000 '
1"
#17195
0"
#17196
b10000101111001 '
1"
#17197
0"
#17198
b10000101111010 '
1"
#17199
0"
#17200
b10000101111011 '
1"
#17201
0"
#17202
b10000101111100 '
1"
#17203
0"
#17204
b10000101111101 '
1"
#17205
0"
#17206
b10000101111110 '
1"
#17207
0"
#17208
b10000101111111 '
1"
#17209
0"
#17210
b10000110000000 '
1"
#17211
0"
#17212
b10000110000001 '
1"
#17213
0"
#17214
b10000110000010 '
1"
#17215
0"
#17216
b10000110000011 '
1"
#17217
0"
#17218
b10000110000100 '
1"
#17219
0"
#17220
b10000110000101 '
1"
#17221
0"
#17222
b10000110000110 '
1"
#17223
0"
#17224
b10000110000111 '
1"
#17225
0"
#17226
b10000110001000 '
1"
#17227
0"
#17228
b10000110001001 '
1"
#17229
0"
#17230
b10000110001010 '
1"
#17231
0"
#17232
b10000110001011 '
1"
#17233
0"
#17234
b10000110001100 '
1"
#17235
0"
#17236
b10000110001101 '
1"
#17237
0"
#17238
b10000110001110 '
1"
#17239
0"
#17240
b10000110001111 '
1"
#17241
0"
#17242
b10000110010000 '
1"
#17243
0"
#17244
b10000110010001 '
1"
#17245
0"
#17246
b10000110010010 '
1"
#17247
0"
#17248
b10000110010011 '
1"
#17249
0"
#17250
b10000110010100 '
1"
#17251
0"
#17252
b10000110010101 '
1"
#17253
0"
#17254
b10000110010110 '
1"
#17255
0"
#17256
b10000110010111 '
1"
#17257
0"
#17258
b10000110011000 '
1"
#17259
0"
#17260
b10000110011001 '
1"
#17261
0"
#17262
b10000110011010 '
1"
#17263
0"
#17264
b10000110011011 '
1"
#17265
0"
#17266
b10000110011100 '
1"
#17267
0"
#17268
b10000110011101 '
1"
#17269
0"
#17270
b10000110011110 '
1"
#17271
0"
#17272
b10000110011111 '
1"
#17273
0"
#17274
b10000110100000 '
1"
#17275
0"
#17276
b10000110100001 '
1"
#17277
0"
#17278
b10000110100010 '
1"
#17279
0"
#17280
b10000110100011 '
1"
#17281
0"
#17282
b10000110100100 '
1"
#17283
0"
#17284
b10000110100101 '
1"
#17285
0"
#17286
b10000110100110 '
1"
#17287
0"
#17288
b10000110100111 '
1"
#17289
0"
#17290
b10000110101000 '
1"
#17291
0"
#17292
b10000110101001 '
1"
#17293
0"
#17294
b10000110101010 '
1"
#17295
0"
#17296
b10000110101011 '
1"
#17297
0"
#17298
b10000110101100 '
1"
#17299
0"
#17300
b10000110101101 '
1"
#17301
0"
#17302
b10000110101110 '
1"
#17303
0"
#17304
b10000110101111 '
1"
#17305
0"
#17306
b10000110110000 '
1"
#17307
0"
#17308
b10000110110001 '
1"
#17309
0"
#17310
b10000110110010 '
1"
#17311
0"
#17312
b10000110110011 '
1"
#17313
0"
#17314
b10000110110100 '
1"
#17315
0"
#17316
b10000110110101 '
1"
#17317
0"
#17318
b10000110110110 '
1"
#17319
0"
#17320
b10000110110111 '
1"
#17321
0"
#17322
b10000110111000 '
1"
#17323
0"
#17324
b10000110111001 '
1"
#17325
0"
#17326
b10000110111010 '
1"
#17327
0"
#17328
b10000110111011 '
1"
#17329
0"
#17330
b10000110111100 '
1"
#17331
0"
#17332
b10000110111101 '
1"
#17333
0"
#17334
b10000110111110 '
1"
#17335
0"
#17336
b10000110111111 '
1"
#17337
0"
#17338
b10000111000000 '
1"
#17339
0"
#17340
b10000111000001 '
1"
#17341
0"
#17342
b10000111000010 '
1"
#17343
0"
#17344
b10000111000011 '
1"
#17345
0"
#17346
b10000111000100 '
1"
#17347
0"
#17348
b10000111000101 '
1"
#17349
0"
#17350
b10000111000110 '
1"
#17351
0"
#17352
b10000111000111 '
1"
#17353
0"
#17354
b10000111001000 '
1"
#17355
0"
#17356
b10000111001001 '
1"
#17357
0"
#17358
b10000111001010 '
1"
#17359
0"
#17360
b10000111001011 '
1"
#17361
0"
#17362
b10000111001100 '
1"
#17363
0"
#17364
b10000111001101 '
1"
#17365
0"
#17366
b10000111001110 '
1"
#17367
0"
#17368
b10000111001111 '
1"
#17369
0"
#17370
b10000111010000 '
1"
#17371
0"
#17372
b10000111010001 '
1"
#17373
0"
#17374
b10000111010010 '
1"
#17375
0"
#17376
b10000111010011 '
1"
#17377
0"
#17378
b10000111010100 '
1"
#17379
0"
#17380
b10000111010101 '
1"
#17381
0"
#17382
b10000111010110 '
1"
#17383
0"
#17384
b10000111010111 '
1"
#17385
0"
#17386
b10000111011000 '
1"
#17387
0"
#17388
b10000111011001 '
1"
#17389
0"
#17390
b10000111011010 '
1"
#17391
0"
#17392
b10000111011011 '
1"
#17393
0"
#17394
b10000111011100 '
1"
#17395
0"
#17396
b10000111011101 '
1"
#17397
0"
#17398
b10000111011110 '
1"
#17399
0"
#17400
b10000111011111 '
1"
#17401
0"
#17402
b10000111100000 '
1"
#17403
0"
#17404
b10000111100001 '
1"
#17405
0"
#17406
b10000111100010 '
1"
#17407
0"
#17408
b10000111100011 '
1"
#17409
0"
#17410
b10000111100100 '
1"
#17411
0"
#17412
b10000111100101 '
1"
#17413
0"
#17414
b10000111100110 '
1"
#17415
0"
#17416
b10000111100111 '
1"
#17417
0"
#17418
b10000111101000 '
1"
#17419
0"
#17420
b10000111101001 '
1"
#17421
0"
#17422
b10000111101010 '
1"
#17423
0"
#17424
b10000111101011 '
1"
#17425
0"
#17426
b10000111101100 '
1"
#17427
0"
#17428
b10000111101101 '
1"
#17429
0"
#17430
b10000111101110 '
1"
#17431
0"
#17432
b10000111101111 '
1"
#17433
0"
#17434
b10000111110000 '
1"
#17435
0"
#17436
b10000111110001 '
1"
#17437
0"
#17438
b10000111110010 '
1"
#17439
0"
#17440
b10000111110011 '
1"
#17441
0"
#17442
b10000111110100 '
1"
#17443
0"
#17444
b10000111110101 '
1"
#17445
0"
#17446
b10000111110110 '
1"
#17447
0"
#17448
b10000111110111 '
1"
#17449
0"
#17450
b10000111111000 '
1"
#17451
0"
#17452
b10000111111001 '
1"
#17453
0"
#17454
b10000111111010 '
1"
#17455
0"
#17456
b10000111111011 '
1"
#17457
0"
#17458
b10000111111100 '
1"
#17459
0"
#17460
b10000111111101 '
1"
#17461
0"
#17462
b10000111111110 '
1"
#17463
0"
#17464
b10000111111111 '
1"
#17465
0"
#17466
b10001000000000 '
1"
#17467
0"
#17468
b10001000000001 '
1"
#17469
0"
#17470
b10001000000010 '
1"
#17471
0"
#17472
b10001000000011 '
1"
#17473
0"
#17474
b10001000000100 '
1"
#17475
0"
#17476
b10001000000101 '
1"
#17477
0"
#17478
b10001000000110 '
1"
#17479
0"
#17480
b10001000000111 '
1"
#17481
0"
#17482
b10001000001000 '
1"
#17483
0"
#17484
b10001000001001 '
1"
#17485
0"
#17486
b10001000001010 '
1"
#17487
0"
#17488
b10001000001011 '
1"
#17489
0"
#17490
b10001000001100 '
1"
#17491
0"
#17492
b10001000001101 '
1"
#17493
0"
#17494
b10001000001110 '
1"
#17495
0"
#17496
b10001000001111 '
1"
#17497
0"
#17498
b10001000010000 '
1"
#17499
0"
#17500
b10001000010001 '
1"
#17501
0"
#17502
b10001000010010 '
1"
#17503
0"
#17504
b10001000010011 '
1"
#17505
0"
#17506
b10001000010100 '
1"
#17507
0"
#17508
b10001000010101 '
1"
#17509
0"
#17510
b10001000010110 '
1"
#17511
0"
#17512
b10001000010111 '
1"
#17513
0"
#17514
b10001000011000 '
1"
#17515
0"
#17516
b10001000011001 '
1"
#17517
0"
#17518
b10001000011010 '
1"
#17519
0"
#17520
b10001000011011 '
1"
#17521
0"
#17522
b10001000011100 '
1"
#17523
0"
#17524
b10001000011101 '
1"
#17525
0"
#17526
b10001000011110 '
1"
#17527
0"
#17528
b10001000011111 '
1"
#17529
0"
#17530
b10001000100000 '
1"
#17531
0"
#17532
b10001000100001 '
1"
#17533
0"
#17534
b10001000100010 '
1"
#17535
0"
#17536
b10001000100011 '
1"
#17537
0"
#17538
b10001000100100 '
1"
#17539
0"
#17540
b10001000100101 '
1"
#17541
0"
#17542
b10001000100110 '
1"
#17543
0"
#17544
b10001000100111 '
1"
#17545
0"
#17546
b10001000101000 '
1"
#17547
0"
#17548
b10001000101001 '
1"
#17549
0"
#17550
b10001000101010 '
1"
#17551
0"
#17552
b10001000101011 '
1"
#17553
0"
#17554
b10001000101100 '
1"
#17555
0"
#17556
b10001000101101 '
1"
#17557
0"
#17558
b10001000101110 '
1"
#17559
0"
#17560
b10001000101111 '
1"
#17561
0"
#17562
b10001000110000 '
1"
#17563
0"
#17564
b10001000110001 '
1"
#17565
0"
#17566
b10001000110010 '
1"
#17567
0"
#17568
b10001000110011 '
1"
#17569
0"
#17570
b10001000110100 '
1"
#17571
0"
#17572
b10001000110101 '
1"
#17573
0"
#17574
b10001000110110 '
1"
#17575
0"
#17576
b10001000110111 '
1"
#17577
0"
#17578
b10001000111000 '
1"
#17579
0"
#17580
b10001000111001 '
1"
#17581
0"
#17582
b10001000111010 '
1"
#17583
0"
#17584
b10001000111011 '
1"
#17585
0"
#17586
b10001000111100 '
1"
#17587
0"
#17588
b10001000111101 '
1"
#17589
0"
#17590
b10001000111110 '
1"
#17591
0"
#17592
b10001000111111 '
1"
#17593
0"
#17594
b10001001000000 '
1"
#17595
0"
#17596
b10001001000001 '
1"
#17597
0"
#17598
b10001001000010 '
1"
#17599
0"
#17600
b10001001000011 '
1"
#17601
0"
#17602
b10001001000100 '
1"
#17603
0"
#17604
b10001001000101 '
1"
#17605
0"
#17606
b10001001000110 '
1"
#17607
0"
#17608
b10001001000111 '
1"
#17609
0"
#17610
b10001001001000 '
1"
#17611
0"
#17612
b10001001001001 '
1"
#17613
0"
#17614
b10001001001010 '
1"
#17615
0"
#17616
b10001001001011 '
1"
#17617
0"
#17618
b10001001001100 '
1"
#17619
0"
#17620
b10001001001101 '
1"
#17621
0"
#17622
b10001001001110 '
1"
#17623
0"
#17624
b10001001001111 '
1"
#17625
0"
#17626
b10001001010000 '
1"
#17627
0"
#17628
b10001001010001 '
1"
#17629
0"
#17630
b10001001010010 '
1"
#17631
0"
#17632
b10001001010011 '
1"
#17633
0"
#17634
b10001001010100 '
1"
#17635
0"
#17636
b10001001010101 '
1"
#17637
0"
#17638
b10001001010110 '
1"
#17639
0"
#17640
b10001001010111 '
1"
#17641
0"
#17642
b10001001011000 '
1"
#17643
0"
#17644
b10001001011001 '
1"
#17645
0"
#17646
b10001001011010 '
1"
#17647
0"
#17648
b10001001011011 '
1"
#17649
0"
#17650
b10001001011100 '
1"
#17651
0"
#17652
b10001001011101 '
1"
#17653
0"
#17654
b10001001011110 '
1"
#17655
0"
#17656
b10001001011111 '
1"
#17657
0"
#17658
b10001001100000 '
1"
#17659
0"
#17660
b10001001100001 '
1"
#17661
0"
#17662
b10001001100010 '
1"
#17663
0"
#17664
b10001001100011 '
1"
#17665
0"
#17666
b10001001100100 '
1"
#17667
0"
#17668
b10001001100101 '
1"
#17669
0"
#17670
b10001001100110 '
1"
#17671
0"
#17672
b10001001100111 '
1"
#17673
0"
#17674
b10001001101000 '
1"
#17675
0"
#17676
b10001001101001 '
1"
#17677
0"
#17678
b10001001101010 '
1"
#17679
0"
#17680
b10001001101011 '
1"
#17681
0"
#17682
b10001001101100 '
1"
#17683
0"
#17684
b10001001101101 '
1"
#17685
0"
#17686
b10001001101110 '
1"
#17687
0"
#17688
b10001001101111 '
1"
#17689
0"
#17690
b10001001110000 '
1"
#17691
0"
#17692
b10001001110001 '
1"
#17693
0"
#17694
b10001001110010 '
1"
#17695
0"
#17696
b10001001110011 '
1"
#17697
0"
#17698
b10001001110100 '
1"
#17699
0"
#17700
b10001001110101 '
1"
#17701
0"
#17702
b10001001110110 '
1"
#17703
0"
#17704
b10001001110111 '
1"
#17705
0"
#17706
b10001001111000 '
1"
#17707
0"
#17708
b10001001111001 '
1"
#17709
0"
#17710
b10001001111010 '
1"
#17711
0"
#17712
b10001001111011 '
1"
#17713
0"
#17714
b10001001111100 '
1"
#17715
0"
#17716
b10001001111101 '
1"
#17717
0"
#17718
b10001001111110 '
1"
#17719
0"
#17720
b10001001111111 '
1"
#17721
0"
#17722
b10001010000000 '
1"
#17723
0"
#17724
b10001010000001 '
1"
#17725
0"
#17726
b10001010000010 '
1"
#17727
0"
#17728
b10001010000011 '
1"
#17729
0"
#17730
b10001010000100 '
1"
#17731
0"
#17732
b10001010000101 '
1"
#17733
0"
#17734
b10001010000110 '
1"
#17735
0"
#17736
b10001010000111 '
1"
#17737
0"
#17738
b10001010001000 '
1"
#17739
0"
#17740
b10001010001001 '
1"
#17741
0"
#17742
b10001010001010 '
1"
#17743
0"
#17744
b10001010001011 '
1"
#17745
0"
#17746
b10001010001100 '
1"
#17747
0"
#17748
b10001010001101 '
1"
#17749
0"
#17750
b10001010001110 '
1"
#17751
0"
#17752
b10001010001111 '
1"
#17753
0"
#17754
b10001010010000 '
1"
#17755
0"
#17756
b10001010010001 '
1"
#17757
0"
#17758
b10001010010010 '
1"
#17759
0"
#17760
b10001010010011 '
1"
#17761
0"
#17762
b10001010010100 '
1"
#17763
0"
#17764
b10001010010101 '
1"
#17765
0"
#17766
b10001010010110 '
1"
#17767
0"
#17768
b10001010010111 '
1"
#17769
0"
#17770
b10001010011000 '
1"
#17771
0"
#17772
b10001010011001 '
1"
#17773
0"
#17774
b10001010011010 '
1"
#17775
0"
#17776
b10001010011011 '
1"
#17777
0"
#17778
b10001010011100 '
1"
#17779
0"
#17780
b10001010011101 '
1"
#17781
0"
#17782
b10001010011110 '
1"
#17783
0"
#17784
b10001010011111 '
1"
#17785
0"
#17786
b10001010100000 '
1"
#17787
0"
#17788
b10001010100001 '
1"
#17789
0"
#17790
b10001010100010 '
1"
#17791
0"
#17792
b10001010100011 '
1"
#17793
0"
#17794
b10001010100100 '
1"
#17795
0"
#17796
b10001010100101 '
1"
#17797
0"
#17798
b10001010100110 '
1"
#17799
0"
#17800
b10001010100111 '
1"
#17801
0"
#17802
b10001010101000 '
1"
#17803
0"
#17804
b10001010101001 '
1"
#17805
0"
#17806
b10001010101010 '
1"
#17807
0"
#17808
b10001010101011 '
1"
#17809
0"
#17810
b10001010101100 '
1"
#17811
0"
#17812
b10001010101101 '
1"
#17813
0"
#17814
b10001010101110 '
1"
#17815
0"
#17816
b10001010101111 '
1"
#17817
0"
#17818
b10001010110000 '
1"
#17819
0"
#17820
b10001010110001 '
1"
#17821
0"
#17822
b10001010110010 '
1"
#17823
0"
#17824
b10001010110011 '
1"
#17825
0"
#17826
b10001010110100 '
1"
#17827
0"
#17828
b10001010110101 '
1"
#17829
0"
#17830
b10001010110110 '
1"
#17831
0"
#17832
b10001010110111 '
1"
#17833
0"
#17834
b10001010111000 '
1"
#17835
0"
#17836
b10001010111001 '
1"
#17837
0"
#17838
b10001010111010 '
1"
#17839
0"
#17840
b10001010111011 '
1"
#17841
0"
#17842
b10001010111100 '
1"
#17843
0"
#17844
b10001010111101 '
1"
#17845
0"
#17846
b10001010111110 '
1"
#17847
0"
#17848
b10001010111111 '
1"
#17849
0"
#17850
b10001011000000 '
1"
#17851
0"
#17852
b10001011000001 '
1"
#17853
0"
#17854
b10001011000010 '
1"
#17855
0"
#17856
b10001011000011 '
1"
#17857
0"
#17858
b10001011000100 '
1"
#17859
0"
#17860
b10001011000101 '
1"
#17861
0"
#17862
b10001011000110 '
1"
#17863
0"
#17864
b10001011000111 '
1"
#17865
0"
#17866
b10001011001000 '
1"
#17867
0"
#17868
b10001011001001 '
1"
#17869
0"
#17870
b10001011001010 '
1"
#17871
0"
#17872
b10001011001011 '
1"
#17873
0"
#17874
b10001011001100 '
1"
#17875
0"
#17876
b10001011001101 '
1"
#17877
0"
#17878
b10001011001110 '
1"
#17879
0"
#17880
b10001011001111 '
1"
#17881
0"
#17882
b10001011010000 '
1"
#17883
0"
#17884
b10001011010001 '
1"
#17885
0"
#17886
b10001011010010 '
1"
#17887
0"
#17888
b10001011010011 '
1"
#17889
0"
#17890
b10001011010100 '
1"
#17891
0"
#17892
b10001011010101 '
1"
#17893
0"
#17894
b10001011010110 '
1"
#17895
0"
#17896
b10001011010111 '
1"
#17897
0"
#17898
b10001011011000 '
1"
#17899
0"
#17900
b10001011011001 '
1"
#17901
0"
#17902
b10001011011010 '
1"
#17903
0"
#17904
b10001011011011 '
1"
#17905
0"
#17906
b10001011011100 '
1"
#17907
0"
#17908
b10001011011101 '
1"
#17909
0"
#17910
b10001011011110 '
1"
#17911
0"
#17912
b10001011011111 '
1"
#17913
0"
#17914
b10001011100000 '
1"
#17915
0"
#17916
b10001011100001 '
1"
#17917
0"
#17918
b10001011100010 '
1"
#17919
0"
#17920
b10001011100011 '
1"
#17921
0"
#17922
b10001011100100 '
1"
#17923
0"
#17924
b10001011100101 '
1"
#17925
0"
#17926
b10001011100110 '
1"
#17927
0"
#17928
b10001011100111 '
1"
#17929
0"
#17930
b10001011101000 '
1"
#17931
0"
#17932
b10001011101001 '
1"
#17933
0"
#17934
b10001011101010 '
1"
#17935
0"
#17936
b10001011101011 '
1"
#17937
0"
#17938
b10001011101100 '
1"
#17939
0"
#17940
b10001011101101 '
1"
#17941
0"
#17942
b10001011101110 '
1"
#17943
0"
#17944
b10001011101111 '
1"
#17945
0"
#17946
b10001011110000 '
1"
#17947
0"
#17948
b10001011110001 '
1"
#17949
0"
#17950
b10001011110010 '
1"
#17951
0"
#17952
b10001011110011 '
1"
#17953
0"
#17954
b10001011110100 '
1"
#17955
0"
#17956
b10001011110101 '
1"
#17957
0"
#17958
b10001011110110 '
1"
#17959
0"
#17960
b10001011110111 '
1"
#17961
0"
#17962
b10001011111000 '
1"
#17963
0"
#17964
b10001011111001 '
1"
#17965
0"
#17966
b10001011111010 '
1"
#17967
0"
#17968
b10001011111011 '
1"
#17969
0"
#17970
b10001011111100 '
1"
#17971
0"
#17972
b10001011111101 '
1"
#17973
0"
#17974
b10001011111110 '
1"
#17975
0"
#17976
b10001011111111 '
1"
#17977
0"
#17978
b10001100000000 '
1"
#17979
0"
#17980
b10001100000001 '
1"
#17981
0"
#17982
b10001100000010 '
1"
#17983
0"
#17984
b10001100000011 '
1"
#17985
0"
#17986
b10001100000100 '
1"
#17987
0"
#17988
b10001100000101 '
1"
#17989
0"
#17990
b10001100000110 '
1"
#17991
0"
#17992
b10001100000111 '
1"
#17993
0"
#17994
b10001100001000 '
1"
#17995
0"
#17996
b10001100001001 '
1"
#17997
0"
#17998
b10001100001010 '
1"
#17999
0"
#18000
b10001100001011 '
1"
#18001
0"
#18002
b10001100001100 '
1"
#18003
0"
#18004
b10001100001101 '
1"
#18005
0"
#18006
b10001100001110 '
1"
#18007
0"
#18008
b10001100001111 '
1"
#18009
0"
#18010
b10001100010000 '
1"
#18011
0"
#18012
b10001100010001 '
1"
#18013
0"
#18014
b10001100010010 '
1"
#18015
0"
#18016
b10001100010011 '
1"
#18017
0"
#18018
b10001100010100 '
1"
#18019
0"
#18020
b10001100010101 '
1"
#18021
0"
#18022
b10001100010110 '
1"
#18023
0"
#18024
b10001100010111 '
1"
#18025
0"
#18026
b10001100011000 '
1"
#18027
0"
#18028
b10001100011001 '
1"
#18029
0"
#18030
b10001100011010 '
1"
#18031
0"
#18032
b10001100011011 '
1"
#18033
0"
#18034
b10001100011100 '
1"
#18035
0"
#18036
b10001100011101 '
1"
#18037
0"
#18038
b10001100011110 '
1"
#18039
0"
#18040
b10001100011111 '
1"
#18041
0"
#18042
b10001100100000 '
1"
#18043
0"
#18044
b10001100100001 '
1"
#18045
0"
#18046
b10001100100010 '
1"
#18047
0"
#18048
b10001100100011 '
1"
#18049
0"
#18050
b10001100100100 '
1"
#18051
0"
#18052
b10001100100101 '
1"
#18053
0"
#18054
b10001100100110 '
1"
#18055
0"
#18056
b10001100100111 '
1"
#18057
0"
#18058
b10001100101000 '
1"
#18059
0"
#18060
b10001100101001 '
1"
#18061
0"
#18062
b10001100101010 '
1"
#18063
0"
#18064
b10001100101011 '
1"
#18065
0"
#18066
b10001100101100 '
1"
#18067
0"
#18068
b10001100101101 '
1"
#18069
0"
#18070
b10001100101110 '
1"
#18071
0"
#18072
b10001100101111 '
1"
#18073
0"
#18074
b10001100110000 '
1"
#18075
0"
#18076
b10001100110001 '
1"
#18077
0"
#18078
b10001100110010 '
1"
#18079
0"
#18080
b10001100110011 '
1"
#18081
0"
#18082
b10001100110100 '
1"
#18083
0"
#18084
b10001100110101 '
1"
#18085
0"
#18086
b10001100110110 '
1"
#18087
0"
#18088
b10001100110111 '
1"
#18089
0"
#18090
b10001100111000 '
1"
#18091
0"
#18092
b10001100111001 '
1"
#18093
0"
#18094
b10001100111010 '
1"
#18095
0"
#18096
b10001100111011 '
1"
#18097
0"
#18098
b10001100111100 '
1"
#18099
0"
#18100
b10001100111101 '
1"
#18101
0"
#18102
b10001100111110 '
1"
#18103
0"
#18104
b10001100111111 '
1"
#18105
0"
#18106
b10001101000000 '
1"
#18107
0"
#18108
b10001101000001 '
1"
#18109
0"
#18110
b10001101000010 '
1"
#18111
0"
#18112
b10001101000011 '
1"
#18113
0"
#18114
b10001101000100 '
1"
#18115
0"
#18116
b10001101000101 '
1"
#18117
0"
#18118
b10001101000110 '
1"
#18119
0"
#18120
b10001101000111 '
1"
#18121
0"
#18122
b10001101001000 '
1"
#18123
0"
#18124
b10001101001001 '
1"
#18125
0"
#18126
b10001101001010 '
1"
#18127
0"
#18128
b10001101001011 '
1"
#18129
0"
#18130
b10001101001100 '
1"
#18131
0"
#18132
b10001101001101 '
1"
#18133
0"
#18134
b10001101001110 '
1"
#18135
0"
#18136
b10001101001111 '
1"
#18137
0"
#18138
b10001101010000 '
1"
#18139
0"
#18140
b10001101010001 '
1"
#18141
0"
#18142
b10001101010010 '
1"
#18143
0"
#18144
b10001101010011 '
1"
#18145
0"
#18146
b10001101010100 '
1"
#18147
0"
#18148
b10001101010101 '
1"
#18149
0"
#18150
b10001101010110 '
1"
#18151
0"
#18152
b10001101010111 '
1"
#18153
0"
#18154
b10001101011000 '
1"
#18155
0"
#18156
b10001101011001 '
1"
#18157
0"
#18158
b10001101011010 '
1"
#18159
0"
#18160
b10001101011011 '
1"
#18161
0"
#18162
b10001101011100 '
1"
#18163
0"
#18164
b10001101011101 '
1"
#18165
0"
#18166
b10001101011110 '
1"
#18167
0"
#18168
b10001101011111 '
1"
#18169
0"
#18170
b10001101100000 '
1"
#18171
0"
#18172
b10001101100001 '
1"
#18173
0"
#18174
b10001101100010 '
1"
#18175
0"
#18176
b10001101100011 '
1"
#18177
0"
#18178
b10001101100100 '
1"
#18179
0"
#18180
b10001101100101 '
1"
#18181
0"
#18182
b10001101100110 '
1"
#18183
0"
#18184
b10001101100111 '
1"
#18185
0"
#18186
b10001101101000 '
1"
#18187
0"
#18188
b10001101101001 '
1"
#18189
0"
#18190
b10001101101010 '
1"
#18191
0"
#18192
b10001101101011 '
1"
#18193
0"
#18194
b10001101101100 '
1"
#18195
0"
#18196
b10001101101101 '
1"
#18197
0"
#18198
b10001101101110 '
1"
#18199
0"
#18200
b10001101101111 '
1"
#18201
0"
#18202
b10001101110000 '
1"
#18203
0"
#18204
b10001101110001 '
1"
#18205
0"
#18206
b10001101110010 '
1"
#18207
0"
#18208
b10001101110011 '
1"
#18209
0"
#18210
b10001101110100 '
1"
#18211
0"
#18212
b10001101110101 '
1"
#18213
0"
#18214
b10001101110110 '
1"
#18215
0"
#18216
b10001101110111 '
1"
#18217
0"
#18218
b10001101111000 '
1"
#18219
0"
#18220
b10001101111001 '
1"
#18221
0"
#18222
b10001101111010 '
1"
#18223
0"
#18224
b10001101111011 '
1"
#18225
0"
#18226
b10001101111100 '
1"
#18227
0"
#18228
b10001101111101 '
1"
#18229
0"
#18230
b10001101111110 '
1"
#18231
0"
#18232
b10001101111111 '
1"
#18233
0"
#18234
b10001110000000 '
1"
#18235
0"
#18236
b10001110000001 '
1"
#18237
0"
#18238
b10001110000010 '
1"
#18239
0"
#18240
b10001110000011 '
1"
#18241
0"
#18242
b10001110000100 '
1"
#18243
0"
#18244
b10001110000101 '
1"
#18245
0"
#18246
b10001110000110 '
1"
#18247
0"
#18248
b10001110000111 '
1"
#18249
0"
#18250
b10001110001000 '
1"
#18251
0"
#18252
b10001110001001 '
1"
#18253
0"
#18254
b10001110001010 '
1"
#18255
0"
#18256
b10001110001011 '
1"
#18257
0"
#18258
b10001110001100 '
1"
#18259
0"
#18260
b10001110001101 '
1"
#18261
0"
#18262
b10001110001110 '
1"
#18263
0"
#18264
b10001110001111 '
1"
#18265
0"
#18266
b10001110010000 '
1"
#18267
0"
#18268
b10001110010001 '
1"
#18269
0"
#18270
b10001110010010 '
1"
#18271
0"
#18272
b10001110010011 '
1"
#18273
0"
#18274
b10001110010100 '
1"
#18275
0"
#18276
b10001110010101 '
1"
#18277
0"
#18278
b10001110010110 '
1"
#18279
0"
#18280
b10001110010111 '
1"
#18281
0"
#18282
b10001110011000 '
1"
#18283
0"
#18284
b10001110011001 '
1"
#18285
0"
#18286
b10001110011010 '
1"
#18287
0"
#18288
b10001110011011 '
1"
#18289
0"
#18290
b10001110011100 '
1"
#18291
0"
#18292
b10001110011101 '
1"
#18293
0"
#18294
b10001110011110 '
1"
#18295
0"
#18296
b10001110011111 '
1"
#18297
0"
#18298
b10001110100000 '
1"
#18299
0"
#18300
b10001110100001 '
1"
#18301
0"
#18302
b10001110100010 '
1"
#18303
0"
#18304
b10001110100011 '
1"
#18305
0"
#18306
b10001110100100 '
1"
#18307
0"
#18308
b10001110100101 '
1"
#18309
0"
#18310
b10001110100110 '
1"
#18311
0"
#18312
b10001110100111 '
1"
#18313
0"
#18314
b10001110101000 '
1"
#18315
0"
#18316
b10001110101001 '
1"
#18317
0"
#18318
b10001110101010 '
1"
#18319
0"
#18320
b10001110101011 '
1"
#18321
0"
#18322
b10001110101100 '
1"
#18323
0"
#18324
b10001110101101 '
1"
#18325
0"
#18326
b10001110101110 '
1"
#18327
0"
#18328
b10001110101111 '
1"
#18329
0"
#18330
b10001110110000 '
1"
#18331
0"
#18332
b10001110110001 '
1"
#18333
0"
#18334
b10001110110010 '
1"
#18335
0"
#18336
b10001110110011 '
1"
#18337
0"
#18338
b10001110110100 '
1"
#18339
0"
#18340
b10001110110101 '
1"
#18341
0"
#18342
b10001110110110 '
1"
#18343
0"
#18344
b10001110110111 '
1"
#18345
0"
#18346
b10001110111000 '
1"
#18347
0"
#18348
b10001110111001 '
1"
#18349
0"
#18350
b10001110111010 '
1"
#18351
0"
#18352
b10001110111011 '
1"
#18353
0"
#18354
b10001110111100 '
1"
#18355
0"
#18356
b10001110111101 '
1"
#18357
0"
#18358
b10001110111110 '
1"
#18359
0"
#18360
b10001110111111 '
1"
#18361
0"
#18362
b10001111000000 '
1"
#18363
0"
#18364
b10001111000001 '
1"
#18365
0"
#18366
b10001111000010 '
1"
#18367
0"
#18368
b10001111000011 '
1"
#18369
0"
#18370
b10001111000100 '
1"
#18371
0"
#18372
b10001111000101 '
1"
#18373
0"
#18374
b10001111000110 '
1"
#18375
0"
#18376
b10001111000111 '
1"
#18377
0"
#18378
b10001111001000 '
1"
#18379
0"
#18380
b10001111001001 '
1"
#18381
0"
#18382
b10001111001010 '
1"
#18383
0"
#18384
b10001111001011 '
1"
#18385
0"
#18386
b10001111001100 '
1"
#18387
0"
#18388
b10001111001101 '
1"
#18389
0"
#18390
b10001111001110 '
1"
#18391
0"
#18392
b10001111001111 '
1"
#18393
0"
#18394
b10001111010000 '
1"
#18395
0"
#18396
b10001111010001 '
1"
#18397
0"
#18398
b10001111010010 '
1"
#18399
0"
#18400
b10001111010011 '
1"
#18401
0"
#18402
b10001111010100 '
1"
#18403
0"
#18404
b10001111010101 '
1"
#18405
0"
#18406
b10001111010110 '
1"
#18407
0"
#18408
b10001111010111 '
1"
#18409
0"
#18410
b10001111011000 '
1"
#18411
0"
#18412
b10001111011001 '
1"
#18413
0"
#18414
b10001111011010 '
1"
#18415
0"
#18416
b10001111011011 '
1"
#18417
0"
#18418
b10001111011100 '
1"
#18419
0"
#18420
b10001111011101 '
1"
#18421
0"
#18422
b10001111011110 '
1"
#18423
0"
#18424
b10001111011111 '
1"
#18425
0"
#18426
b10001111100000 '
1"
#18427
0"
#18428
b10001111100001 '
1"
#18429
0"
#18430
b10001111100010 '
1"
#18431
0"
#18432
b10001111100011 '
1"
#18433
0"
#18434
b10001111100100 '
1"
#18435
0"
#18436
b10001111100101 '
1"
#18437
0"
#18438
b10001111100110 '
1"
#18439
0"
#18440
b10001111100111 '
1"
#18441
0"
#18442
b10001111101000 '
1"
#18443
0"
#18444
b10001111101001 '
1"
#18445
0"
#18446
b10001111101010 '
1"
#18447
0"
#18448
b10001111101011 '
1"
#18449
0"
#18450
b10001111101100 '
1"
#18451
0"
#18452
b10001111101101 '
1"
#18453
0"
#18454
b10001111101110 '
1"
#18455
0"
#18456
b10001111101111 '
1"
#18457
0"
#18458
b10001111110000 '
1"
#18459
0"
#18460
b10001111110001 '
1"
#18461
0"
#18462
b10001111110010 '
1"
#18463
0"
#18464
b10001111110011 '
1"
#18465
0"
#18466
b10001111110100 '
1"
#18467
0"
#18468
b10001111110101 '
1"
#18469
0"
#18470
b10001111110110 '
1"
#18471
0"
#18472
b10001111110111 '
1"
#18473
0"
#18474
b10001111111000 '
1"
#18475
0"
#18476
b10001111111001 '
1"
#18477
0"
#18478
b10001111111010 '
1"
#18479
0"
#18480
b10001111111011 '
1"
#18481
0"
#18482
b10001111111100 '
1"
#18483
0"
#18484
b10001111111101 '
1"
#18485
0"
#18486
b10001111111110 '
1"
#18487
0"
#18488
b10001111111111 '
1"
#18489
0"
#18490
b10010000000000 '
1"
#18491
0"
#18492
b10010000000001 '
1"
#18493
0"
#18494
b10010000000010 '
1"
#18495
0"
#18496
b10010000000011 '
1"
#18497
0"
#18498
b10010000000100 '
1"
#18499
0"
#18500
b10010000000101 '
1"
#18501
0"
#18502
b10010000000110 '
1"
#18503
0"
#18504
b10010000000111 '
1"
#18505
0"
#18506
b10010000001000 '
1"
#18507
0"
#18508
b10010000001001 '
1"
#18509
0"
#18510
b10010000001010 '
1"
#18511
0"
#18512
b10010000001011 '
1"
#18513
0"
#18514
b10010000001100 '
1"
#18515
0"
#18516
b10010000001101 '
1"
#18517
0"
#18518
b10010000001110 '
1"
#18519
0"
#18520
b10010000001111 '
1"
#18521
0"
#18522
b10010000010000 '
1"
#18523
0"
#18524
b10010000010001 '
1"
#18525
0"
#18526
b10010000010010 '
1"
#18527
0"
#18528
b10010000010011 '
1"
#18529
0"
#18530
b10010000010100 '
1"
#18531
0"
#18532
b10010000010101 '
1"
#18533
0"
#18534
b10010000010110 '
1"
#18535
0"
#18536
b10010000010111 '
1"
#18537
0"
#18538
b10010000011000 '
1"
#18539
0"
#18540
b10010000011001 '
1"
#18541
0"
#18542
b10010000011010 '
1"
#18543
0"
#18544
b10010000011011 '
1"
#18545
0"
#18546
b10010000011100 '
1"
#18547
0"
#18548
b10010000011101 '
1"
#18549
0"
#18550
b10010000011110 '
1"
#18551
0"
#18552
b10010000011111 '
1"
#18553
0"
#18554
b10010000100000 '
1"
#18555
0"
#18556
b10010000100001 '
1"
#18557
0"
#18558
b10010000100010 '
1"
#18559
0"
#18560
b10010000100011 '
1"
#18561
0"
#18562
b10010000100100 '
1"
#18563
0"
#18564
b10010000100101 '
1"
#18565
0"
#18566
b10010000100110 '
1"
#18567
0"
#18568
b10010000100111 '
1"
#18569
0"
#18570
b10010000101000 '
1"
#18571
0"
#18572
b10010000101001 '
1"
#18573
0"
#18574
b10010000101010 '
1"
#18575
0"
#18576
b10010000101011 '
1"
#18577
0"
#18578
b10010000101100 '
1"
#18579
0"
#18580
b10010000101101 '
1"
#18581
0"
#18582
b10010000101110 '
1"
#18583
0"
#18584
b10010000101111 '
1"
#18585
0"
#18586
b10010000110000 '
1"
#18587
0"
#18588
b10010000110001 '
1"
#18589
0"
#18590
b10010000110010 '
1"
#18591
0"
#18592
b10010000110011 '
1"
#18593
0"
#18594
b10010000110100 '
1"
#18595
0"
#18596
b10010000110101 '
1"
#18597
0"
#18598
b10010000110110 '
1"
#18599
0"
#18600
b10010000110111 '
1"
#18601
0"
#18602
b10010000111000 '
1"
#18603
0"
#18604
b10010000111001 '
1"
#18605
0"
#18606
b10010000111010 '
1"
#18607
0"
#18608
b10010000111011 '
1"
#18609
0"
#18610
b10010000111100 '
1"
#18611
0"
#18612
b10010000111101 '
1"
#18613
0"
#18614
b10010000111110 '
1"
#18615
0"
#18616
b10010000111111 '
1"
#18617
0"
#18618
b10010001000000 '
1"
#18619
0"
#18620
b10010001000001 '
1"
#18621
0"
#18622
b10010001000010 '
1"
#18623
0"
#18624
b10010001000011 '
1"
#18625
0"
#18626
b10010001000100 '
1"
#18627
0"
#18628
b10010001000101 '
1"
#18629
0"
#18630
b10010001000110 '
1"
#18631
0"
#18632
b10010001000111 '
1"
#18633
0"
#18634
b10010001001000 '
1"
#18635
0"
#18636
b10010001001001 '
1"
#18637
0"
#18638
b10010001001010 '
1"
#18639
0"
#18640
b10010001001011 '
1"
#18641
0"
#18642
b10010001001100 '
1"
#18643
0"
#18644
b10010001001101 '
1"
#18645
0"
#18646
b10010001001110 '
1"
#18647
0"
#18648
b10010001001111 '
1"
#18649
0"
#18650
b10010001010000 '
1"
#18651
0"
#18652
b10010001010001 '
1"
#18653
0"
#18654
b10010001010010 '
1"
#18655
0"
#18656
b10010001010011 '
1"
#18657
0"
#18658
b10010001010100 '
1"
#18659
0"
#18660
b10010001010101 '
1"
#18661
0"
#18662
b10010001010110 '
1"
#18663
0"
#18664
b10010001010111 '
1"
#18665
0"
#18666
b10010001011000 '
1"
#18667
0"
#18668
b10010001011001 '
1"
#18669
0"
#18670
b10010001011010 '
1"
#18671
0"
#18672
b10010001011011 '
1"
#18673
0"
#18674
b10010001011100 '
1"
#18675
0"
#18676
b10010001011101 '
1"
#18677
0"
#18678
b10010001011110 '
1"
#18679
0"
#18680
b10010001011111 '
1"
#18681
0"
#18682
b10010001100000 '
1"
#18683
0"
#18684
b10010001100001 '
1"
#18685
0"
#18686
b10010001100010 '
1"
#18687
0"
#18688
b10010001100011 '
1"
#18689
0"
#18690
b10010001100100 '
1"
#18691
0"
#18692
b10010001100101 '
1"
#18693
0"
#18694
b10010001100110 '
1"
#18695
0"
#18696
b10010001100111 '
1"
#18697
0"
#18698
b10010001101000 '
1"
#18699
0"
#18700
b10010001101001 '
1"
#18701
0"
#18702
b10010001101010 '
1"
#18703
0"
#18704
b10010001101011 '
1"
#18705
0"
#18706
b10010001101100 '
1"
#18707
0"
#18708
b10010001101101 '
1"
#18709
0"
#18710
b10010001101110 '
1"
#18711
0"
#18712
b10010001101111 '
1"
#18713
0"
#18714
b10010001110000 '
1"
#18715
0"
#18716
b10010001110001 '
1"
#18717
0"
#18718
b10010001110010 '
1"
#18719
0"
#18720
b10010001110011 '
1"
#18721
0"
#18722
b10010001110100 '
1"
#18723
0"
#18724
b10010001110101 '
1"
#18725
0"
#18726
b10010001110110 '
1"
#18727
0"
#18728
b10010001110111 '
1"
#18729
0"
#18730
b10010001111000 '
1"
#18731
0"
#18732
b10010001111001 '
1"
#18733
0"
#18734
b10010001111010 '
1"
#18735
0"
#18736
b10010001111011 '
1"
#18737
0"
#18738
b10010001111100 '
1"
#18739
0"
#18740
b10010001111101 '
1"
#18741
0"
#18742
b10010001111110 '
1"
#18743
0"
#18744
b10010001111111 '
1"
#18745
0"
#18746
b10010010000000 '
1"
#18747
0"
#18748
b10010010000001 '
1"
#18749
0"
#18750
b10010010000010 '
1"
#18751
0"
#18752
b10010010000011 '
1"
#18753
0"
#18754
b10010010000100 '
1"
#18755
0"
#18756
b10010010000101 '
1"
#18757
0"
#18758
b10010010000110 '
1"
#18759
0"
#18760
b10010010000111 '
1"
#18761
0"
#18762
b10010010001000 '
1"
#18763
0"
#18764
b10010010001001 '
1"
#18765
0"
#18766
b10010010001010 '
1"
#18767
0"
#18768
b10010010001011 '
1"
#18769
0"
#18770
b10010010001100 '
1"
#18771
0"
#18772
b10010010001101 '
1"
#18773
0"
#18774
b10010010001110 '
1"
#18775
0"
#18776
b10010010001111 '
1"
#18777
0"
#18778
b10010010010000 '
1"
#18779
0"
#18780
b10010010010001 '
1"
#18781
0"
#18782
b10010010010010 '
1"
#18783
0"
#18784
b10010010010011 '
1"
#18785
0"
#18786
b10010010010100 '
1"
#18787
0"
#18788
b10010010010101 '
1"
#18789
0"
#18790
b10010010010110 '
1"
#18791
0"
#18792
b10010010010111 '
1"
#18793
0"
#18794
b10010010011000 '
1"
#18795
0"
#18796
b10010010011001 '
1"
#18797
0"
#18798
b10010010011010 '
1"
#18799
0"
#18800
b10010010011011 '
1"
#18801
0"
#18802
b10010010011100 '
1"
#18803
0"
#18804
b10010010011101 '
1"
#18805
0"
#18806
b10010010011110 '
1"
#18807
0"
#18808
b10010010011111 '
1"
#18809
0"
#18810
b10010010100000 '
1"
#18811
0"
#18812
b10010010100001 '
1"
#18813
0"
#18814
b10010010100010 '
1"
#18815
0"
#18816
b10010010100011 '
1"
#18817
0"
#18818
b10010010100100 '
1"
#18819
0"
#18820
b10010010100101 '
1"
#18821
0"
#18822
b10010010100110 '
1"
#18823
0"
#18824
b10010010100111 '
1"
#18825
0"
#18826
b10010010101000 '
1"
#18827
0"
#18828
b10010010101001 '
1"
#18829
0"
#18830
b10010010101010 '
1"
#18831
0"
#18832
b10010010101011 '
1"
#18833
0"
#18834
b10010010101100 '
1"
#18835
0"
#18836
b10010010101101 '
1"
#18837
0"
#18838
b10010010101110 '
1"
#18839
0"
#18840
b10010010101111 '
1"
#18841
0"
#18842
b10010010110000 '
1"
#18843
0"
#18844
b10010010110001 '
1"
#18845
0"
#18846
b10010010110010 '
1"
#18847
0"
#18848
b10010010110011 '
1"
#18849
0"
#18850
b10010010110100 '
1"
#18851
0"
#18852
b10010010110101 '
1"
#18853
0"
#18854
b10010010110110 '
1"
#18855
0"
#18856
b10010010110111 '
1"
#18857
0"
#18858
b10010010111000 '
1"
#18859
0"
#18860
b10010010111001 '
1"
#18861
0"
#18862
b10010010111010 '
1"
#18863
0"
#18864
b10010010111011 '
1"
#18865
0"
#18866
b10010010111100 '
1"
#18867
0"
#18868
b10010010111101 '
1"
#18869
0"
#18870
b10010010111110 '
1"
#18871
0"
#18872
b10010010111111 '
1"
#18873
0"
#18874
b10010011000000 '
1"
#18875
0"
#18876
b10010011000001 '
1"
#18877
0"
#18878
b10010011000010 '
1"
#18879
0"
#18880
b10010011000011 '
1"
#18881
0"
#18882
b10010011000100 '
1"
#18883
0"
#18884
b10010011000101 '
1"
#18885
0"
#18886
b10010011000110 '
1"
#18887
0"
#18888
b10010011000111 '
1"
#18889
0"
#18890
b10010011001000 '
1"
#18891
0"
#18892
b10010011001001 '
1"
#18893
0"
#18894
b10010011001010 '
1"
#18895
0"
#18896
b10010011001011 '
1"
#18897
0"
#18898
b10010011001100 '
1"
#18899
0"
#18900
b10010011001101 '
1"
#18901
0"
#18902
b10010011001110 '
1"
#18903
0"
#18904
b10010011001111 '
1"
#18905
0"
#18906
b10010011010000 '
1"
#18907
0"
#18908
b10010011010001 '
1"
#18909
0"
#18910
b10010011010010 '
1"
#18911
0"
#18912
b10010011010011 '
1"
#18913
0"
#18914
b10010011010100 '
1"
#18915
0"
#18916
b10010011010101 '
1"
#18917
0"
#18918
b10010011010110 '
1"
#18919
0"
#18920
b10010011010111 '
1"
#18921
0"
#18922
b10010011011000 '
1"
#18923
0"
#18924
b10010011011001 '
1"
#18925
0"
#18926
b10010011011010 '
1"
#18927
0"
#18928
b10010011011011 '
1"
#18929
0"
#18930
b10010011011100 '
1"
#18931
0"
#18932
b10010011011101 '
1"
#18933
0"
#18934
b10010011011110 '
1"
#18935
0"
#18936
b10010011011111 '
1"
#18937
0"
#18938
b10010011100000 '
1"
#18939
0"
#18940
b10010011100001 '
1"
#18941
0"
#18942
b10010011100010 '
1"
#18943
0"
#18944
b10010011100011 '
1"
#18945
0"
#18946
b10010011100100 '
1"
#18947
0"
#18948
b10010011100101 '
1"
#18949
0"
#18950
b10010011100110 '
1"
#18951
0"
#18952
b10010011100111 '
1"
#18953
0"
#18954
b10010011101000 '
1"
#18955
0"
#18956
b10010011101001 '
1"
#18957
0"
#18958
b10010011101010 '
1"
#18959
0"
#18960
b10010011101011 '
1"
#18961
0"
#18962
b10010011101100 '
1"
#18963
0"
#18964
b10010011101101 '
1"
#18965
0"
#18966
b10010011101110 '
1"
#18967
0"
#18968
b10010011101111 '
1"
#18969
0"
#18970
b10010011110000 '
1"
#18971
0"
#18972
b10010011110001 '
1"
#18973
0"
#18974
b10010011110010 '
1"
#18975
0"
#18976
b10010011110011 '
1"
#18977
0"
#18978
b10010011110100 '
1"
#18979
0"
#18980
b10010011110101 '
1"
#18981
0"
#18982
b10010011110110 '
1"
#18983
0"
#18984
b10010011110111 '
1"
#18985
0"
#18986
b10010011111000 '
1"
#18987
0"
#18988
b10010011111001 '
1"
#18989
0"
#18990
b10010011111010 '
1"
#18991
0"
#18992
b10010011111011 '
1"
#18993
0"
#18994
b10010011111100 '
1"
#18995
0"
#18996
b10010011111101 '
1"
#18997
0"
#18998
b10010011111110 '
1"
#18999
0"
#19000
b10010011111111 '
1"
#19001
0"
#19002
b10010100000000 '
1"
#19003
0"
#19004
b10010100000001 '
1"
#19005
0"
#19006
b10010100000010 '
1"
#19007
0"
#19008
b10010100000011 '
1"
#19009
0"
#19010
b10010100000100 '
1"
#19011
0"
#19012
b10010100000101 '
1"
#19013
0"
#19014
b10010100000110 '
1"
#19015
0"
#19016
b10010100000111 '
1"
#19017
0"
#19018
b10010100001000 '
1"
#19019
0"
#19020
b10010100001001 '
1"
#19021
0"
#19022
b10010100001010 '
1"
#19023
0"
#19024
b10010100001011 '
1"
#19025
0"
#19026
b10010100001100 '
1"
#19027
0"
#19028
b10010100001101 '
1"
#19029
0"
#19030
b10010100001110 '
1"
#19031
0"
#19032
b10010100001111 '
1"
#19033
0"
#19034
b10010100010000 '
1"
#19035
0"
#19036
b10010100010001 '
1"
#19037
0"
#19038
b10010100010010 '
1"
#19039
0"
#19040
b10010100010011 '
1"
#19041
0"
#19042
b10010100010100 '
1"
#19043
0"
#19044
b10010100010101 '
1"
#19045
0"
#19046
b10010100010110 '
1"
#19047
0"
#19048
b10010100010111 '
1"
#19049
0"
#19050
b10010100011000 '
1"
#19051
0"
#19052
b10010100011001 '
1"
#19053
0"
#19054
b10010100011010 '
1"
#19055
0"
#19056
b10010100011011 '
1"
#19057
0"
#19058
b10010100011100 '
1"
#19059
0"
#19060
b10010100011101 '
1"
#19061
0"
#19062
b10010100011110 '
1"
#19063
0"
#19064
b10010100011111 '
1"
#19065
0"
#19066
b10010100100000 '
1"
#19067
0"
#19068
b10010100100001 '
1"
#19069
0"
#19070
b10010100100010 '
1"
#19071
0"
#19072
b10010100100011 '
1"
#19073
0"
#19074
b10010100100100 '
1"
#19075
0"
#19076
b10010100100101 '
1"
#19077
0"
#19078
b10010100100110 '
1"
#19079
0"
#19080
b10010100100111 '
1"
#19081
0"
#19082
b10010100101000 '
1"
#19083
0"
#19084
b10010100101001 '
1"
#19085
0"
#19086
b10010100101010 '
1"
#19087
0"
#19088
b10010100101011 '
1"
#19089
0"
#19090
b10010100101100 '
1"
#19091
0"
#19092
b10010100101101 '
1"
#19093
0"
#19094
b10010100101110 '
1"
#19095
0"
#19096
b10010100101111 '
1"
#19097
0"
#19098
b10010100110000 '
1"
#19099
0"
#19100
b10010100110001 '
1"
#19101
0"
#19102
b10010100110010 '
1"
#19103
0"
#19104
b10010100110011 '
1"
#19105
0"
#19106
b10010100110100 '
1"
#19107
0"
#19108
b10010100110101 '
1"
#19109
0"
#19110
b10010100110110 '
1"
#19111
0"
#19112
b10010100110111 '
1"
#19113
0"
#19114
b10010100111000 '
1"
#19115
0"
#19116
b10010100111001 '
1"
#19117
0"
#19118
b10010100111010 '
1"
#19119
0"
#19120
b10010100111011 '
1"
#19121
0"
#19122
b10010100111100 '
1"
#19123
0"
#19124
b10010100111101 '
1"
#19125
0"
#19126
b10010100111110 '
1"
#19127
0"
#19128
b10010100111111 '
1"
#19129
0"
#19130
b10010101000000 '
1"
#19131
0"
#19132
b10010101000001 '
1"
#19133
0"
#19134
b10010101000010 '
1"
#19135
0"
#19136
b10010101000011 '
1"
#19137
0"
#19138
b10010101000100 '
1"
#19139
0"
#19140
b10010101000101 '
1"
#19141
0"
#19142
b10010101000110 '
1"
#19143
0"
#19144
b10010101000111 '
1"
#19145
0"
#19146
b10010101001000 '
1"
#19147
0"
#19148
b10010101001001 '
1"
#19149
0"
#19150
b10010101001010 '
1"
#19151
0"
#19152
b10010101001011 '
1"
#19153
0"
#19154
b10010101001100 '
1"
#19155
0"
#19156
b10010101001101 '
1"
#19157
0"
#19158
b10010101001110 '
1"
#19159
0"
#19160
b10010101001111 '
1"
#19161
0"
#19162
b10010101010000 '
1"
#19163
0"
#19164
b10010101010001 '
1"
#19165
0"
#19166
b10010101010010 '
1"
#19167
0"
#19168
b10010101010011 '
1"
#19169
0"
#19170
b10010101010100 '
1"
#19171
0"
#19172
b10010101010101 '
1"
#19173
0"
#19174
b10010101010110 '
1"
#19175
0"
#19176
b10010101010111 '
1"
#19177
0"
#19178
b10010101011000 '
1"
#19179
0"
#19180
b10010101011001 '
1"
#19181
0"
#19182
b10010101011010 '
1"
#19183
0"
#19184
b10010101011011 '
1"
#19185
0"
#19186
b10010101011100 '
1"
#19187
0"
#19188
b10010101011101 '
1"
#19189
0"
#19190
b10010101011110 '
1"
#19191
0"
#19192
b10010101011111 '
1"
#19193
0"
#19194
b10010101100000 '
1"
#19195
0"
#19196
b10010101100001 '
1"
#19197
0"
#19198
b10010101100010 '
1"
#19199
0"
#19200
b10010101100011 '
1"
#19201
0"
#19202
b10010101100100 '
1"
#19203
0"
#19204
b10010101100101 '
1"
#19205
0"
#19206
b10010101100110 '
1"
#19207
0"
#19208
b10010101100111 '
1"
#19209
0"
#19210
b10010101101000 '
1"
#19211
0"
#19212
b10010101101001 '
1"
#19213
0"
#19214
b10010101101010 '
1"
#19215
0"
#19216
b10010101101011 '
1"
#19217
0"
#19218
b10010101101100 '
1"
#19219
0"
#19220
b10010101101101 '
1"
#19221
0"
#19222
b10010101101110 '
1"
#19223
0"
#19224
b10010101101111 '
1"
#19225
0"
#19226
b10010101110000 '
1"
#19227
0"
#19228
b10010101110001 '
1"
#19229
0"
#19230
b10010101110010 '
1"
#19231
0"
#19232
b10010101110011 '
1"
#19233
0"
#19234
b10010101110100 '
1"
#19235
0"
#19236
b10010101110101 '
1"
#19237
0"
#19238
b10010101110110 '
1"
#19239
0"
#19240
b10010101110111 '
1"
#19241
0"
#19242
b10010101111000 '
1"
#19243
0"
#19244
b10010101111001 '
1"
#19245
0"
#19246
b10010101111010 '
1"
#19247
0"
#19248
b10010101111011 '
1"
#19249
0"
#19250
b10010101111100 '
1"
#19251
0"
#19252
b10010101111101 '
1"
#19253
0"
#19254
b10010101111110 '
1"
#19255
0"
#19256
b10010101111111 '
1"
#19257
0"
#19258
b10010110000000 '
1"
#19259
0"
#19260
b10010110000001 '
1"
#19261
0"
#19262
b10010110000010 '
1"
#19263
0"
#19264
b10010110000011 '
1"
#19265
0"
#19266
b10010110000100 '
1"
#19267
0"
#19268
b10010110000101 '
1"
#19269
0"
#19270
b10010110000110 '
1"
#19271
0"
#19272
b10010110000111 '
1"
#19273
0"
#19274
b10010110001000 '
1"
#19275
0"
#19276
b10010110001001 '
1"
#19277
0"
#19278
b10010110001010 '
1"
#19279
0"
#19280
b10010110001011 '
1"
#19281
0"
#19282
b10010110001100 '
1"
#19283
0"
#19284
b10010110001101 '
1"
#19285
0"
#19286
b10010110001110 '
1"
#19287
0"
#19288
b10010110001111 '
1"
#19289
0"
#19290
b10010110010000 '
1"
#19291
0"
#19292
b10010110010001 '
1"
#19293
0"
#19294
b10010110010010 '
1"
#19295
0"
#19296
b10010110010011 '
1"
#19297
0"
#19298
b10010110010100 '
1"
#19299
0"
#19300
b10010110010101 '
1"
#19301
0"
#19302
b10010110010110 '
1"
#19303
0"
#19304
b10010110010111 '
1"
#19305
0"
#19306
b10010110011000 '
1"
#19307
0"
#19308
b10010110011001 '
1"
#19309
0"
#19310
b10010110011010 '
1"
#19311
0"
#19312
b10010110011011 '
1"
#19313
0"
#19314
b10010110011100 '
1"
#19315
0"
#19316
b10010110011101 '
1"
#19317
0"
#19318
b10010110011110 '
1"
#19319
0"
#19320
b10010110011111 '
1"
#19321
0"
#19322
b10010110100000 '
1"
#19323
0"
#19324
b10010110100001 '
1"
#19325
0"
#19326
b10010110100010 '
1"
#19327
0"
#19328
b10010110100011 '
1"
#19329
0"
#19330
b10010110100100 '
1"
#19331
0"
#19332
b10010110100101 '
1"
#19333
0"
#19334
b10010110100110 '
1"
#19335
0"
#19336
b10010110100111 '
1"
#19337
0"
#19338
b10010110101000 '
1"
#19339
0"
#19340
b10010110101001 '
1"
#19341
0"
#19342
b10010110101010 '
1"
#19343
0"
#19344
b10010110101011 '
1"
#19345
0"
#19346
b10010110101100 '
1"
#19347
0"
#19348
b10010110101101 '
1"
#19349
0"
#19350
b10010110101110 '
1"
#19351
0"
#19352
b10010110101111 '
1"
#19353
0"
#19354
b10010110110000 '
1"
#19355
0"
#19356
b10010110110001 '
1"
#19357
0"
#19358
b10010110110010 '
1"
#19359
0"
#19360
b10010110110011 '
1"
#19361
0"
#19362
b10010110110100 '
1"
#19363
0"
#19364
b10010110110101 '
1"
#19365
0"
#19366
b10010110110110 '
1"
#19367
0"
#19368
b10010110110111 '
1"
#19369
0"
#19370
b10010110111000 '
1"
#19371
0"
#19372
b10010110111001 '
1"
#19373
0"
#19374
b10010110111010 '
1"
#19375
0"
#19376
b10010110111011 '
1"
#19377
0"
#19378
b10010110111100 '
1"
#19379
0"
#19380
b10010110111101 '
1"
#19381
0"
#19382
b10010110111110 '
1"
#19383
0"
#19384
b10010110111111 '
1"
#19385
0"
#19386
b10010111000000 '
1"
#19387
0"
#19388
b10010111000001 '
1"
#19389
0"
#19390
b10010111000010 '
1"
#19391
0"
#19392
b10010111000011 '
1"
#19393
0"
#19394
b10010111000100 '
1"
#19395
0"
#19396
b10010111000101 '
1"
#19397
0"
#19398
b10010111000110 '
1"
#19399
0"
#19400
b10010111000111 '
1"
#19401
0"
#19402
b10010111001000 '
1"
#19403
0"
#19404
b10010111001001 '
1"
#19405
0"
#19406
b10010111001010 '
1"
#19407
0"
#19408
b10010111001011 '
1"
#19409
0"
#19410
b10010111001100 '
1"
#19411
0"
#19412
b10010111001101 '
1"
#19413
0"
#19414
b10010111001110 '
1"
#19415
0"
#19416
b10010111001111 '
1"
#19417
0"
#19418
b10010111010000 '
1"
#19419
0"
#19420
b10010111010001 '
1"
#19421
0"
#19422
b10010111010010 '
1"
#19423
0"
#19424
b10010111010011 '
1"
#19425
0"
#19426
b10010111010100 '
1"
#19427
0"
#19428
b10010111010101 '
1"
#19429
0"
#19430
b10010111010110 '
1"
#19431
0"
#19432
b10010111010111 '
1"
#19433
0"
#19434
b10010111011000 '
1"
#19435
0"
#19436
b10010111011001 '
1"
#19437
0"
#19438
b10010111011010 '
1"
#19439
0"
#19440
b10010111011011 '
1"
#19441
0"
#19442
b10010111011100 '
1"
#19443
0"
#19444
b10010111011101 '
1"
#19445
0"
#19446
b10010111011110 '
1"
#19447
0"
#19448
b10010111011111 '
1"
#19449
0"
#19450
b10010111100000 '
1"
#19451
0"
#19452
b10010111100001 '
1"
#19453
0"
#19454
b10010111100010 '
1"
#19455
0"
#19456
b10010111100011 '
1"
#19457
0"
#19458
b10010111100100 '
1"
#19459
0"
#19460
b10010111100101 '
1"
#19461
0"
#19462
b10010111100110 '
1"
#19463
0"
#19464
b10010111100111 '
1"
#19465
0"
#19466
b10010111101000 '
1"
#19467
0"
#19468
b10010111101001 '
1"
#19469
0"
#19470
b10010111101010 '
1"
#19471
0"
#19472
b10010111101011 '
1"
#19473
0"
#19474
b10010111101100 '
1"
#19475
0"
#19476
b10010111101101 '
1"
#19477
0"
#19478
b10010111101110 '
1"
#19479
0"
#19480
b10010111101111 '
1"
#19481
0"
#19482
b10010111110000 '
1"
#19483
0"
#19484
b10010111110001 '
1"
#19485
0"
#19486
b10010111110010 '
1"
#19487
0"
#19488
b10010111110011 '
1"
#19489
0"
#19490
b10010111110100 '
1"
#19491
0"
#19492
b10010111110101 '
1"
#19493
0"
#19494
b10010111110110 '
1"
#19495
0"
#19496
b10010111110111 '
1"
#19497
0"
#19498
b10010111111000 '
1"
#19499
0"
#19500
b10010111111001 '
1"
#19501
0"
#19502
b10010111111010 '
1"
#19503
0"
#19504
b10010111111011 '
1"
#19505
0"
#19506
b10010111111100 '
1"
#19507
0"
#19508
b10010111111101 '
1"
#19509
0"
#19510
b10010111111110 '
1"
#19511
0"
#19512
b10010111111111 '
1"
#19513
0"
#19514
b10011000000000 '
1"
#19515
0"
#19516
b10011000000001 '
1"
#19517
0"
#19518
b10011000000010 '
1"
#19519
0"
#19520
b10011000000011 '
1"
#19521
0"
#19522
b10011000000100 '
1"
#19523
0"
#19524
b10011000000101 '
1"
#19525
0"
#19526
b10011000000110 '
1"
#19527
0"
#19528
b10011000000111 '
1"
#19529
0"
#19530
b10011000001000 '
1"
#19531
0"
#19532
b10011000001001 '
1"
#19533
0"
#19534
b10011000001010 '
1"
#19535
0"
#19536
b10011000001011 '
1"
#19537
0"
#19538
b10011000001100 '
1"
#19539
0"
#19540
b10011000001101 '
1"
#19541
0"
#19542
b10011000001110 '
1"
#19543
0"
#19544
b10011000001111 '
1"
#19545
0"
#19546
b10011000010000 '
1"
#19547
0"
#19548
b10011000010001 '
1"
#19549
0"
#19550
b10011000010010 '
1"
#19551
0"
#19552
b10011000010011 '
1"
#19553
0"
#19554
b10011000010100 '
1"
#19555
0"
#19556
b10011000010101 '
1"
#19557
0"
#19558
b10011000010110 '
1"
#19559
0"
#19560
b10011000010111 '
1"
#19561
0"
#19562
b10011000011000 '
1"
#19563
0"
#19564
b10011000011001 '
1"
#19565
0"
#19566
b10011000011010 '
1"
#19567
0"
#19568
b10011000011011 '
1"
#19569
0"
#19570
b10011000011100 '
1"
#19571
0"
#19572
b10011000011101 '
1"
#19573
0"
#19574
b10011000011110 '
1"
#19575
0"
#19576
b10011000011111 '
1"
#19577
0"
#19578
b10011000100000 '
1"
#19579
0"
#19580
b10011000100001 '
1"
#19581
0"
#19582
b10011000100010 '
1"
#19583
0"
#19584
b10011000100011 '
1"
#19585
0"
#19586
b10011000100100 '
1"
#19587
0"
#19588
b10011000100101 '
1"
#19589
0"
#19590
b10011000100110 '
1"
#19591
0"
#19592
b10011000100111 '
1"
#19593
0"
#19594
b10011000101000 '
1"
#19595
0"
#19596
b10011000101001 '
1"
#19597
0"
#19598
b10011000101010 '
1"
#19599
0"
#19600
b10011000101011 '
1"
#19601
0"
#19602
b10011000101100 '
1"
#19603
0"
#19604
b10011000101101 '
1"
#19605
0"
#19606
b10011000101110 '
1"
#19607
0"
#19608
b10011000101111 '
1"
#19609
0"
#19610
b10011000110000 '
1"
#19611
0"
#19612
b10011000110001 '
1"
#19613
0"
#19614
b10011000110010 '
1"
#19615
0"
#19616
b10011000110011 '
1"
#19617
0"
#19618
b10011000110100 '
1"
#19619
0"
#19620
b10011000110101 '
1"
#19621
0"
#19622
b10011000110110 '
1"
#19623
0"
#19624
b10011000110111 '
1"
#19625
0"
#19626
b10011000111000 '
1"
#19627
0"
#19628
b10011000111001 '
1"
#19629
0"
#19630
b10011000111010 '
1"
#19631
0"
#19632
b10011000111011 '
1"
#19633
0"
#19634
b10011000111100 '
1"
#19635
0"
#19636
b10011000111101 '
1"
#19637
0"
#19638
b10011000111110 '
1"
#19639
0"
#19640
b10011000111111 '
1"
#19641
0"
#19642
b10011001000000 '
1"
#19643
0"
#19644
b10011001000001 '
1"
#19645
0"
#19646
b10011001000010 '
1"
#19647
0"
#19648
b10011001000011 '
1"
#19649
0"
#19650
b10011001000100 '
1"
#19651
0"
#19652
b10011001000101 '
1"
#19653
0"
#19654
b10011001000110 '
1"
#19655
0"
#19656
b10011001000111 '
1"
#19657
0"
#19658
b10011001001000 '
1"
#19659
0"
#19660
b10011001001001 '
1"
#19661
0"
#19662
b10011001001010 '
1"
#19663
0"
#19664
b10011001001011 '
1"
#19665
0"
#19666
b10011001001100 '
1"
#19667
0"
#19668
b10011001001101 '
1"
#19669
0"
#19670
b10011001001110 '
1"
#19671
0"
#19672
b10011001001111 '
1"
#19673
0"
#19674
b10011001010000 '
1"
#19675
0"
#19676
b10011001010001 '
1"
#19677
0"
#19678
b10011001010010 '
1"
#19679
0"
#19680
b10011001010011 '
1"
#19681
0"
#19682
b10011001010100 '
1"
#19683
0"
#19684
b10011001010101 '
1"
#19685
0"
#19686
b10011001010110 '
1"
#19687
0"
#19688
b10011001010111 '
1"
#19689
0"
#19690
b10011001011000 '
1"
#19691
0"
#19692
b10011001011001 '
1"
#19693
0"
#19694
b10011001011010 '
1"
#19695
0"
#19696
b10011001011011 '
1"
#19697
0"
#19698
b10011001011100 '
1"
#19699
0"
#19700
b10011001011101 '
1"
#19701
0"
#19702
b10011001011110 '
1"
#19703
0"
#19704
b10011001011111 '
1"
#19705
0"
#19706
b10011001100000 '
1"
#19707
0"
#19708
b10011001100001 '
1"
#19709
0"
#19710
b10011001100010 '
1"
#19711
0"
#19712
b10011001100011 '
1"
#19713
0"
#19714
b10011001100100 '
1"
#19715
0"
#19716
b10011001100101 '
1"
#19717
0"
#19718
b10011001100110 '
1"
#19719
0"
#19720
b10011001100111 '
1"
#19721
0"
#19722
b10011001101000 '
1"
#19723
0"
#19724
b10011001101001 '
1"
#19725
0"
#19726
b10011001101010 '
1"
#19727
0"
#19728
b10011001101011 '
1"
#19729
0"
#19730
b10011001101100 '
1"
#19731
0"
#19732
b10011001101101 '
1"
#19733
0"
#19734
b10011001101110 '
1"
#19735
0"
#19736
b10011001101111 '
1"
#19737
0"
#19738
b10011001110000 '
1"
#19739
0"
#19740
b10011001110001 '
1"
#19741
0"
#19742
b10011001110010 '
1"
#19743
0"
#19744
b10011001110011 '
1"
#19745
0"
#19746
b10011001110100 '
1"
#19747
0"
#19748
b10011001110101 '
1"
#19749
0"
#19750
b10011001110110 '
1"
#19751
0"
#19752
b10011001110111 '
1"
#19753
0"
#19754
b10011001111000 '
1"
#19755
0"
#19756
b10011001111001 '
1"
#19757
0"
#19758
b10011001111010 '
1"
#19759
0"
#19760
b10011001111011 '
1"
#19761
0"
#19762
b10011001111100 '
1"
#19763
0"
#19764
b10011001111101 '
1"
#19765
0"
#19766
b10011001111110 '
1"
#19767
0"
#19768
b10011001111111 '
1"
#19769
0"
#19770
b10011010000000 '
1"
#19771
0"
#19772
b10011010000001 '
1"
#19773
0"
#19774
b10011010000010 '
1"
#19775
0"
#19776
b10011010000011 '
1"
#19777
0"
#19778
b10011010000100 '
1"
#19779
0"
#19780
b10011010000101 '
1"
#19781
0"
#19782
b10011010000110 '
1"
#19783
0"
#19784
b10011010000111 '
1"
#19785
0"
#19786
b10011010001000 '
1"
#19787
0"
#19788
b10011010001001 '
1"
#19789
0"
#19790
b10011010001010 '
1"
#19791
0"
#19792
b10011010001011 '
1"
#19793
0"
#19794
b10011010001100 '
1"
#19795
0"
#19796
b10011010001101 '
1"
#19797
0"
#19798
b10011010001110 '
1"
#19799
0"
#19800
b10011010001111 '
1"
#19801
0"
#19802
b10011010010000 '
1"
#19803
0"
#19804
b10011010010001 '
1"
#19805
0"
#19806
b10011010010010 '
1"
#19807
0"
#19808
b10011010010011 '
1"
#19809
0"
#19810
b10011010010100 '
1"
#19811
0"
#19812
b10011010010101 '
1"
#19813
0"
#19814
b10011010010110 '
1"
#19815
0"
#19816
b10011010010111 '
1"
#19817
0"
#19818
b10011010011000 '
1"
#19819
0"
#19820
b10011010011001 '
1"
#19821
0"
#19822
b10011010011010 '
1"
#19823
0"
#19824
b10011010011011 '
1"
#19825
0"
#19826
b10011010011100 '
1"
#19827
0"
#19828
b10011010011101 '
1"
#19829
0"
#19830
b10011010011110 '
1"
#19831
0"
#19832
b10011010011111 '
1"
#19833
0"
#19834
b10011010100000 '
1"
#19835
0"
#19836
b10011010100001 '
1"
#19837
0"
#19838
b10011010100010 '
1"
#19839
0"
#19840
b10011010100011 '
1"
#19841
0"
#19842
b10011010100100 '
1"
#19843
0"
#19844
b10011010100101 '
1"
#19845
0"
#19846
b10011010100110 '
1"
#19847
0"
#19848
b10011010100111 '
1"
#19849
0"
#19850
b10011010101000 '
1"
#19851
0"
#19852
b10011010101001 '
1"
#19853
0"
#19854
b10011010101010 '
1"
#19855
0"
#19856
b10011010101011 '
1"
#19857
0"
#19858
b10011010101100 '
1"
#19859
0"
#19860
b10011010101101 '
1"
#19861
0"
#19862
b10011010101110 '
1"
#19863
0"
#19864
b10011010101111 '
1"
#19865
0"
#19866
b10011010110000 '
1"
#19867
0"
#19868
b10011010110001 '
1"
#19869
0"
#19870
b10011010110010 '
1"
#19871
0"
#19872
b10011010110011 '
1"
#19873
0"
#19874
b10011010110100 '
1"
#19875
0"
#19876
b10011010110101 '
1"
#19877
0"
#19878
b10011010110110 '
1"
#19879
0"
#19880
b10011010110111 '
1"
#19881
0"
#19882
b10011010111000 '
1"
#19883
0"
#19884
b10011010111001 '
1"
#19885
0"
#19886
b10011010111010 '
1"
#19887
0"
#19888
b10011010111011 '
1"
#19889
0"
#19890
b10011010111100 '
1"
#19891
0"
#19892
b10011010111101 '
1"
#19893
0"
#19894
b10011010111110 '
1"
#19895
0"
#19896
b10011010111111 '
1"
#19897
0"
#19898
b10011011000000 '
1"
#19899
0"
#19900
b10011011000001 '
1"
#19901
0"
#19902
b10011011000010 '
1"
#19903
0"
#19904
b10011011000011 '
1"
#19905
0"
#19906
b10011011000100 '
1"
#19907
0"
#19908
b10011011000101 '
1"
#19909
0"
#19910
b10011011000110 '
1"
#19911
0"
#19912
b10011011000111 '
1"
#19913
0"
#19914
b10011011001000 '
1"
#19915
0"
#19916
b10011011001001 '
1"
#19917
0"
#19918
b10011011001010 '
1"
#19919
0"
#19920
b10011011001011 '
1"
#19921
0"
#19922
b10011011001100 '
1"
#19923
0"
#19924
b10011011001101 '
1"
#19925
0"
#19926
b10011011001110 '
1"
#19927
0"
#19928
b10011011001111 '
1"
#19929
0"
#19930
b10011011010000 '
1"
#19931
0"
#19932
b10011011010001 '
1"
#19933
0"
#19934
b10011011010010 '
1"
#19935
0"
#19936
b10011011010011 '
1"
#19937
0"
#19938
b10011011010100 '
1"
#19939
0"
#19940
b10011011010101 '
1"
#19941
0"
#19942
b10011011010110 '
1"
#19943
0"
#19944
b10011011010111 '
1"
#19945
0"
#19946
b10011011011000 '
1"
#19947
0"
#19948
b10011011011001 '
1"
#19949
0"
#19950
b10011011011010 '
1"
#19951
0"
#19952
b10011011011011 '
1"
#19953
0"
#19954
b10011011011100 '
1"
#19955
0"
#19956
b10011011011101 '
1"
#19957
0"
#19958
b10011011011110 '
1"
#19959
0"
#19960
b10011011011111 '
1"
#19961
0"
#19962
b10011011100000 '
1"
#19963
0"
#19964
b10011011100001 '
1"
#19965
0"
#19966
b10011011100010 '
1"
#19967
0"
#19968
b10011011100011 '
1"
#19969
0"
#19970
b10011011100100 '
1"
#19971
0"
#19972
b10011011100101 '
1"
#19973
0"
#19974
b10011011100110 '
1"
#19975
0"
#19976
b10011011100111 '
1"
#19977
0"
#19978
b10011011101000 '
1"
#19979
0"
#19980
b10011011101001 '
1"
#19981
0"
#19982
b10011011101010 '
1"
#19983
0"
#19984
b10011011101011 '
1"
#19985
0"
#19986
b10011011101100 '
1"
#19987
0"
#19988
b10011011101101 '
1"
#19989
0"
#19990
b10011011101110 '
1"
#19991
0"
#19992
b10011011101111 '
1"
#19993
0"
#19994
b10011011110000 '
1"
#19995
0"
#19996
b10011011110001 '
1"
#19997
0"
#19998
b10011011110010 '
1"
#19999
0"
#20000
b10011011110011 '
1"
#20001
0"
#20002
b10011011110100 '
1"
#20003
0"
#20004
b10011011110101 '
1"
#20005
0"
#20006
b10011011110110 '
1"
#20007
0"
#20008
b10011011110111 '
1"
#20009
0"
#20010
b10011011111000 '
1"
#20011
0"
#20012
b10011011111001 '
1"
#20013
0"
#20014
b10011011111010 '
1"
#20015
0"
#20016
b10011011111011 '
1"
#20017
0"
#20018
b10011011111100 '
1"
#20019
0"
#20020
b10011011111101 '
1"
#20021
0"
#20022
b10011011111110 '
1"
#20023
0"
#20024
b10011011111111 '
1"
#20025
0"
#20026
b10011100000000 '
1"
#20027
0"
#20028
b10011100000001 '
1"
#20029
0"
#20030
b10011100000010 '
1"
#20031
0"
#20032
b10011100000011 '
1"
#20033
0"
#20034
b10011100000100 '
1"
#20035
0"
#20036
b10011100000101 '
1"
#20037
0"
#20038
b10011100000110 '
1"
#20039
0"
#20040
b10011100000111 '
1"
#20041
0"
#20042
b10011100001000 '
1"
#20043
0"
#20044
b10011100001001 '
1"
#20045
0"
#20046
b10011100001010 '
1"
#20047
0"
#20048
b10011100001011 '
1"
#20049
0"
#20050
b10011100001100 '
1"
#20051
0"
#20052
b10011100001101 '
1"
#20053
0"
#20054
b10011100001110 '
1"
#20055
0"
#20056
b10011100001111 '
1"
#20057
0"
#20058
b0 '
0(
1!
1"
#20059
0"
#20060
0!
1"
#20061
0"
#20062
1"
#20063
0"
#20064
1"
#20065
0"
#20066
1"
#20067
0"
